{
  "@type" : "ComponentTemplate",
  "id" : "6a5cf3ac-272e-403b-b5d7-9ed70df0bad1",
  "artifactId" : "Domain_Enabler_f4bade4d_a48d_4f53_80be_5473099458f2_f64de9cc160f4765bf51902f4df3eb2e",
  "groupId" : "com.hp.csa.template",
  "version" : "1.0",
  "displayName" : "Hyper-V Installer",
  "implementedTypes" : [ {
    "componentId" : {
      "artifactId" : "Domain_Enabler_f4bade4d_a48d_4f53_80be_5473099458f2_f64de9cc160f4765bf51902f4df3eb2e",
      "groupId" : "com.hp.csa.type",
      "version" : "1.0"
    },
    "constraints" : { }
  } ],
  "actions" : [ {
    "actionDescriptor" : {
      "name" : "install_hyper_v_role_90343d10477e4aa989061691c6a2e4fb",
      "displayName" : "Install Hyper-V Role",
      "description" : "",
      "inputParameters" : [ {
        "name" : "CSA_CONTEXT_ID",
        "displayName" : "CSA_CONTEXT_ID",
        "required" : false,
        "confidential" : false,
        "displayNames" : {
          "en-US" : {
            "value" : "CSA_CONTEXT_ID"
          }
        },
        "descriptions" : { },
        "type" : "string"
      }, {
        "name" : "CSA_PROCESS_ID",
        "displayName" : "CSA_PROCESS_ID",
        "required" : false,
        "confidential" : false,
        "displayNames" : {
          "en-US" : {
            "value" : "CSA_PROCESS_ID"
          }
        },
        "descriptions" : { },
        "type" : "string"
      }, {
        "name" : "hostName",
        "displayName" : "hostName",
        "required" : false,
        "confidential" : false,
        "displayNames" : {
          "en-US" : {
            "value" : "hostName"
          }
        },
        "descriptions" : { },
        "type" : "string"
      }, {
        "name" : "targetIp",
        "displayName" : "targetIp",
        "required" : false,
        "confidential" : false,
        "displayNames" : {
          "en-US" : {
            "value" : "targetIp"
          }
        },
        "descriptions" : { },
        "type" : "string"
      } ],
      "outputParameters" : [ ],
      "lifecycleAction" : "Deploy",
      "final" : false,
      "displayNames" : {
        "en-US" : {
          "value" : "Install Hyper-V Role"
        }
      },
      "visible" : true,
      "descriptions" : {
        "en-US" : {
          "value" : ""
        }
      }
    },
    "processEngineDescriptors" : [ {
      "processEngineId" : "HP_OO",
      "mapping" : {
        "input" : {
          "targetIp" : "@PROPERTY:roleEnabledOn_Domain_Enabler_f4bade4d_a48d_4f53_80be_5473099458f2_f64de9cc160f4765bf51902f4df3eb2e__VERSION__1^0.ipAddress",
          "hostName" : "@PROPERTY:roleEnabledOn_Domain_Enabler_f4bade4d_a48d_4f53_80be_5473099458f2_f64de9cc160f4765bf51902f4df3eb2e__VERSION__1^0.vmHostname",
          "CSA_CONTEXT_ID" : "@PROPERTY:CSA_CONTEXT_ID",
          "CSA_PROCESS_ID" : "@PROPERTY:CSA_PROCESS_ID"
        },
        "output" : { }
      },
      "executableId" : "bbebc526-54b4-4415-8b2d-24c1cce71a7c"
    } ]
  } ],
  "relations" : [ ],
  "properties" : [ ],
  "revision" : 40,
  "displayNames" : {
    "en-US" : {
      "value" : "Hyper-V Installer"
    }
  },
  "descriptions" : { }
}