{
  "@type" : "ComponentType",
  "id" : "6b130779-47d5-41ad-bc28-fb0902b414c4",
  "groupId" : "com.hp.csa.type",
  "artifactId" : "Domain_Enabler_f4bade4d_a48d_4f53_80be_5473099458f2_f64de9cc160f4765bf51902f4df3eb2e",
  "version" : "1.0",
  "abstract" : false,
  "capability" : false,
  "actions" : [ {
    "name" : "install_hyper_v_role_90343d10477e4aa989061691c6a2e4fb",
    "displayName" : "Install Hyper-V Role",
    "description" : "",
    "inputParameters" : [ {
      "name" : "CSA_CONTEXT_ID",
      "displayName" : "CSA_CONTEXT_ID",
      "required" : false,
      "confidential" : false,
      "displayNames" : {
        "en-US" : {
          "value" : "CSA_CONTEXT_ID"
        }
      },
      "descriptions" : { },
      "type" : "string"
    }, {
      "name" : "CSA_PROCESS_ID",
      "displayName" : "CSA_PROCESS_ID",
      "required" : false,
      "confidential" : false,
      "displayNames" : {
        "en-US" : {
          "value" : "CSA_PROCESS_ID"
        }
      },
      "descriptions" : { },
      "type" : "string"
    }, {
      "name" : "hostName",
      "displayName" : "hostName",
      "required" : false,
      "confidential" : false,
      "displayNames" : {
        "en-US" : {
          "value" : "hostName"
        }
      },
      "descriptions" : { },
      "type" : "string"
    }, {
      "name" : "targetIp",
      "displayName" : "targetIp",
      "required" : false,
      "confidential" : false,
      "displayNames" : {
        "en-US" : {
          "value" : "targetIp"
        }
      },
      "descriptions" : { },
      "type" : "string"
    } ],
    "outputParameters" : [ ],
    "lifecycleAction" : "Deploy",
    "final" : false,
    "displayNames" : {
      "en-US" : {
        "value" : "Install Hyper-V Role"
      }
    },
    "visible" : true,
    "descriptions" : {
      "en-US" : {
        "value" : ""
      }
    }
  } ],
  "relations" : [ {
    "name" : "roleEnabledOn_Domain_Enabler_f4bade4d_a48d_4f53_80be_5473099458f2_f64de9cc160f4765bf51902f4df3eb2e__VERSION__1^0",
    "relationType" : "association",
    "targetType" : {
      "componentId" : {
        "artifactId" : "BLDCv2_vCenter_Server_a7f8e9eb_8390_4bbf_ac6f_1b9ea098d5fa_609c4e6f4ffe4432af5d7507de320dfb",
        "groupId" : "com.hp.csa.type.VMWARE_VCENTER",
        "version" : "1.0"
      },
      "constraints" : { }
    },
    "minOccursOnTarget" : 0,
    "maxOccursOnTarget" : 1,
    "minOccursOnSource" : 0,
    "maxOccursOnSource" : 10,
    "properties" : [ ],
    "displayName" : "roleEnabledOn",
    "displayNames" : {
      "en-US" : {
        "value" : "roleEnabledOn"
      }
    },
    "descriptions" : { }
  } ],
  "properties" : [ {
    "name" : "CSA_CONTEXT_ID",
    "type" : "string",
    "minOccurs" : 0,
    "maxOccurs" : 1,
    "mode" : "INPUT_OUTPUT",
    "subProperties" : [ ],
    "displayName" : "CSA_CONTEXT_ID",
    "confidential" : false,
    "tags" : {
      "{urn:x-hp:2013:software:ccue:designer:descriptor-schema}unitDescription" : null,
      "{urn:x-hp:2013:software:ccue:designer:descriptor-schema}validatorId" : null,
      "{urn:x-hp:2013:software:ccue:designer:descriptor-schema}tabSet" : "VIEW,EDIT",
      "maxLength" : "4000"
    },
    "consumerVisible" : true,
    "displayNames" : {
      "en-US" : {
        "value" : "CSA_CONTEXT_ID"
      }
    },
    "descriptions" : { }
  }, {
    "name" : "CSA_PROCESS_ID",
    "type" : "string",
    "minOccurs" : 0,
    "maxOccurs" : 1,
    "mode" : "INPUT_OUTPUT",
    "subProperties" : [ ],
    "displayName" : "CSA_PROCESS_ID",
    "confidential" : false,
    "tags" : {
      "{urn:x-hp:2013:software:ccue:designer:descriptor-schema}unitDescription" : null,
      "{urn:x-hp:2013:software:ccue:designer:descriptor-schema}validatorId" : null,
      "{urn:x-hp:2013:software:ccue:designer:descriptor-schema}tabSet" : "VIEW,EDIT",
      "maxLength" : "4000"
    },
    "consumerVisible" : true,
    "displayNames" : {
      "en-US" : {
        "value" : "CSA_PROCESS_ID"
      }
    },
    "descriptions" : { }
  }, {
    "name" : "hostName",
    "type" : "string",
    "minOccurs" : 0,
    "maxOccurs" : 1,
    "mode" : "INPUT_OUTPUT",
    "defaultValue" : {
      "value" : "",
      "type" : "string"
    },
    "subProperties" : [ ],
    "displayName" : "hostName",
    "confidential" : false,
    "tags" : {
      "{urn:x-hp:2013:software:ccue:designer:descriptor-schema}unitDescription" : null,
      "{urn:x-hp:2013:software:ccue:designer:descriptor-schema}validatorId" : null,
      "{urn:x-hp:2013:software:ccue:designer:descriptor-schema}tabSet" : "VIEW,EDIT",
      "maxLength" : "4000"
    },
    "consumerVisible" : true,
    "displayNames" : {
      "en-US" : {
        "value" : "hostName"
      }
    },
    "descriptions" : { }
  }, {
    "name" : "targetIp",
    "type" : "string",
    "minOccurs" : 0,
    "maxOccurs" : 1,
    "mode" : "INPUT_OUTPUT",
    "subProperties" : [ ],
    "displayName" : "targetIp",
    "confidential" : false,
    "tags" : {
      "{urn:x-hp:2013:software:ccue:designer:descriptor-schema}unitDescription" : null,
      "{urn:x-hp:2013:software:ccue:designer:descriptor-schema}validatorId" : null,
      "{urn:x-hp:2013:software:ccue:designer:descriptor-schema}tabSet" : "VIEW,EDIT",
      "maxLength" : "4000"
    },
    "consumerVisible" : true,
    "displayNames" : {
      "en-US" : {
        "value" : "targetIp"
      }
    },
    "descriptions" : { }
  } ],
  "displayName" : "Hyper-V Installer",
  "capabilities" : [ ],
  "characteristics" : [ ],
  "tagIds" : [ "8a50cd785181dcf101518a2fbd3a54ef" ],
  "revision" : 52,
  "resourceType" : "OO_COMPONENT",
  "tags" : {
    "designer.name.uri" : "urn:x-hp:2013:software:ccue:designer:topology-metamodel:oo",
    "origin" : "embraced",
    "designer.name.localPart" : "Domain_Enabler_f4bade4d_a48d_4f53_80be_5473099458f2_f64de9cc160f4765bf51902f4df3eb2e__VERSION__1.0",
    "iconUrl" : "/csa/images/library/software_component.png"
  },
  "final" : false,
  "displayNames" : {
    "en-US" : {
      "value" : "Hyper-V Installer"
    }
  },
  "descriptions" : { }
}