{
  "@type" : "ComponentType",
  "id" : "2231553c-529c-43f0-bd9c-6e9baab112d7",
  "groupId" : "com.hp.csa.type",
  "artifactId" : "AD_Domain_Enabler_c8e7e69f_e7dd_4a89_8190_755023b3afea_fc5d79bb06504e59a716727228c58ec5",
  "version" : "1.0",
  "abstract" : false,
  "capability" : false,
  "actions" : [ {
    "name" : "install_ad_domain_services_b53bb7452d5247b8a8824075f0b03c13",
    "displayName" : "Install AD Domain Services",
    "description" : "",
    "inputParameters" : [ {
      "name" : "CSA_CONTEXT_ID",
      "displayName" : "CSA_CONTEXT_ID",
      "required" : false,
      "confidential" : false,
      "displayNames" : {
        "en-US" : {
          "value" : "CSA_CONTEXT_ID"
        }
      },
      "descriptions" : { },
      "type" : "string"
    }, {
      "name" : "CSA_PROCESS_ID",
      "displayName" : "CSA_PROCESS_ID",
      "required" : false,
      "confidential" : false,
      "displayNames" : {
        "en-US" : {
          "value" : "CSA_PROCESS_ID"
        }
      },
      "descriptions" : { },
      "type" : "string"
    }, {
      "name" : "domainName",
      "displayName" : "domainName",
      "required" : false,
      "confidential" : false,
      "displayNames" : {
        "en-US" : {
          "value" : "domainName"
        }
      },
      "descriptions" : { },
      "type" : "string"
    }, {
      "name" : "domainNetbiosName",
      "displayName" : "domainNetbiosName",
      "required" : false,
      "confidential" : false,
      "displayNames" : {
        "en-US" : {
          "value" : "domainNetbiosName"
        }
      },
      "descriptions" : { },
      "type" : "string"
    }, {
      "name" : "hostName",
      "displayName" : "hostName",
      "required" : false,
      "confidential" : false,
      "displayNames" : {
        "en-US" : {
          "value" : "hostName"
        }
      },
      "descriptions" : { },
      "type" : "string"
    }, {
      "name" : "targetIp",
      "displayName" : "targetIp",
      "required" : false,
      "confidential" : false,
      "displayNames" : {
        "en-US" : {
          "value" : "targetIp"
        }
      },
      "descriptions" : { },
      "type" : "string"
    }, {
      "name" : "vmID",
      "displayName" : "vmID",
      "required" : false,
      "confidential" : false,
      "displayNames" : {
        "en-US" : {
          "value" : "vmID"
        }
      },
      "descriptions" : { },
      "type" : "string"
    } ],
    "outputParameters" : [ ],
    "lifecycleAction" : "Deploy",
    "final" : false,
    "displayNames" : {
      "en-US" : {
        "value" : "Install AD Domain Services"
      }
    },
    "visible" : true,
    "descriptions" : {
      "en-US" : {
        "value" : ""
      }
    }
  } ],
  "relations" : [ {
    "name" : "roleEnabledOn_AD_Domain_Enabler_c8e7e69f_e7dd_4a89_8190_755023b3afea_fc5d79bb06504e59a716727228c58ec5__VERSION__1^0",
    "relationType" : "association",
    "targetType" : {
      "componentId" : {
        "artifactId" : "BLDCv2_vCenter_Server_a7f8e9eb_8390_4bbf_ac6f_1b9ea098d5fa_609c4e6f4ffe4432af5d7507de320dfb",
        "groupId" : "com.hp.csa.type.VMWARE_VCENTER",
        "version" : "1.0"
      },
      "constraints" : { }
    },
    "minOccursOnTarget" : 0,
    "maxOccursOnTarget" : 256,
    "minOccursOnSource" : 0,
    "maxOccursOnSource" : 1,
    "properties" : [ ],
    "displayName" : "roleEnabledOn",
    "displayNames" : {
      "en-US" : {
        "value" : "roleEnabledOn"
      }
    },
    "descriptions" : { }
  } ],
  "properties" : [ {
    "name" : "CSA_CONTEXT_ID",
    "type" : "string",
    "minOccurs" : 0,
    "maxOccurs" : 1,
    "mode" : "INPUT_OUTPUT",
    "subProperties" : [ ],
    "displayName" : "CSA_CONTEXT_ID",
    "confidential" : false,
    "tags" : {
      "{urn:x-hp:2013:software:ccue:designer:descriptor-schema}unitDescription" : null,
      "{urn:x-hp:2013:software:ccue:designer:descriptor-schema}validatorId" : null,
      "{urn:x-hp:2013:software:ccue:designer:descriptor-schema}tabSet" : "VIEW,EDIT",
      "maxLength" : "4000"
    },
    "consumerVisible" : true,
    "displayNames" : {
      "en-US" : {
        "value" : "CSA_CONTEXT_ID"
      }
    },
    "descriptions" : { }
  }, {
    "name" : "CSA_PROCESS_ID",
    "type" : "string",
    "minOccurs" : 0,
    "maxOccurs" : 1,
    "mode" : "INPUT_OUTPUT",
    "subProperties" : [ ],
    "displayName" : "CSA_PROCESS_ID",
    "confidential" : false,
    "tags" : {
      "{urn:x-hp:2013:software:ccue:designer:descriptor-schema}unitDescription" : null,
      "{urn:x-hp:2013:software:ccue:designer:descriptor-schema}validatorId" : null,
      "{urn:x-hp:2013:software:ccue:designer:descriptor-schema}tabSet" : "VIEW,EDIT",
      "maxLength" : "4000"
    },
    "consumerVisible" : true,
    "displayNames" : {
      "en-US" : {
        "value" : "CSA_PROCESS_ID"
      }
    },
    "descriptions" : { }
  }, {
    "name" : "domainName",
    "type" : "string",
    "minOccurs" : 0,
    "maxOccurs" : 1,
    "mode" : "INPUT_OUTPUT",
    "defaultValue" : {
      "value" : "dccoe.wipro.com",
      "type" : "string"
    },
    "subProperties" : [ ],
    "displayName" : "domainName",
    "confidential" : false,
    "tags" : {
      "{urn:x-hp:2013:software:ccue:designer:descriptor-schema}unitDescription" : null,
      "{urn:x-hp:2013:software:ccue:designer:descriptor-schema}validatorId" : null,
      "{urn:x-hp:2013:software:ccue:designer:descriptor-schema}tabSet" : "VIEW,EDIT",
      "maxLength" : "4000"
    },
    "consumerVisible" : true,
    "displayNames" : {
      "en-US" : {
        "value" : "domainName"
      }
    },
    "descriptions" : { }
  }, {
    "name" : "domainNetbiosName",
    "type" : "string",
    "minOccurs" : 0,
    "maxOccurs" : 1,
    "mode" : "INPUT_OUTPUT",
    "defaultValue" : {
      "value" : "dccoe",
      "type" : "string"
    },
    "subProperties" : [ ],
    "displayName" : "domainNetbiosName",
    "confidential" : false,
    "tags" : {
      "{urn:x-hp:2013:software:ccue:designer:descriptor-schema}unitDescription" : null,
      "{urn:x-hp:2013:software:ccue:designer:descriptor-schema}validatorId" : null,
      "{urn:x-hp:2013:software:ccue:designer:descriptor-schema}tabSet" : "VIEW,EDIT",
      "maxLength" : "4000"
    },
    "consumerVisible" : true,
    "displayNames" : {
      "en-US" : {
        "value" : "domainNetbiosName"
      }
    },
    "descriptions" : { }
  }, {
    "name" : "hostName",
    "type" : "string",
    "minOccurs" : 0,
    "maxOccurs" : 1,
    "mode" : "INPUT_OUTPUT",
    "subProperties" : [ ],
    "displayName" : "hostName",
    "confidential" : false,
    "tags" : {
      "{urn:x-hp:2013:software:ccue:designer:descriptor-schema}unitDescription" : null,
      "{urn:x-hp:2013:software:ccue:designer:descriptor-schema}validatorId" : null,
      "{urn:x-hp:2013:software:ccue:designer:descriptor-schema}tabSet" : "VIEW,EDIT",
      "maxLength" : "4000"
    },
    "consumerVisible" : true,
    "displayNames" : {
      "en-US" : {
        "value" : "hostName"
      }
    },
    "descriptions" : { }
  }, {
    "name" : "targetIp",
    "type" : "string",
    "minOccurs" : 0,
    "maxOccurs" : 1,
    "mode" : "INPUT_OUTPUT",
    "subProperties" : [ ],
    "displayName" : "targetIp",
    "confidential" : false,
    "tags" : {
      "{urn:x-hp:2013:software:ccue:designer:descriptor-schema}unitDescription" : null,
      "{urn:x-hp:2013:software:ccue:designer:descriptor-schema}validatorId" : null,
      "{urn:x-hp:2013:software:ccue:designer:descriptor-schema}tabSet" : "VIEW,EDIT",
      "maxLength" : "4000"
    },
    "consumerVisible" : true,
    "displayNames" : {
      "en-US" : {
        "value" : "targetIp"
      }
    },
    "descriptions" : { }
  }, {
    "name" : "vmID",
    "type" : "string",
    "minOccurs" : 0,
    "maxOccurs" : 1,
    "mode" : "INPUT_OUTPUT",
    "subProperties" : [ ],
    "displayName" : "vmID",
    "confidential" : false,
    "tags" : {
      "{urn:x-hp:2013:software:ccue:designer:descriptor-schema}unitDescription" : null,
      "{urn:x-hp:2013:software:ccue:designer:descriptor-schema}validatorId" : null,
      "{urn:x-hp:2013:software:ccue:designer:descriptor-schema}tabSet" : "VIEW,EDIT",
      "maxLength" : "4000"
    },
    "consumerVisible" : true,
    "displayNames" : {
      "en-US" : {
        "value" : "vmID"
      }
    },
    "descriptions" : { }
  } ],
  "displayName" : "AD Domain Controller",
  "capabilities" : [ ],
  "characteristics" : [ ],
  "tagIds" : [ "8a50cd785181dcf101518a2fbd3a54ef" ],
  "revision" : 10,
  "resourceType" : "OO_COMPONENT",
  "tags" : {
    "designer.name.uri" : "urn:x-hp:2013:software:ccue:designer:topology-metamodel:oo",
    "origin" : "embraced",
    "designer.name.localPart" : "AD_Domain_Enabler_c8e7e69f_e7dd_4a89_8190_755023b3afea_fc5d79bb06504e59a716727228c58ec5__VERSION__1.0",
    "iconUrl" : "/csa/images/library/software_component.png"
  },
  "final" : false,
  "displayNames" : {
    "en-US" : {
      "value" : "AD Domain Controller"
    }
  },
  "descriptions" : { }
}