{
  "@type" : "ComponentType",
  "id" : "2f6a375a-73a9-435f-ae44-4b77f070a03e",
  "groupId" : "com.hp.csa.type",
  "artifactId" : "Software_Installation_08b8d1fa_58d5_4593_ae7b_449de1807e1b_af56e71344614831888023e036013d2f",
  "version" : "1.0",
  "abstract" : false,
  "capability" : false,
  "description" : "Used to install software on Windows.",
  "actions" : [ {
    "name" : "install_software_on_windows_623ccd28b70443f1a355fae8e8119810",
    "displayName" : "Install Software on Windows",
    "description" : "",
    "inputParameters" : [ {
      "name" : "CSA_CONTEXT_ID",
      "displayName" : "CSA_CONTEXT_ID",
      "required" : false,
      "confidential" : false,
      "displayNames" : {
        "en-US" : {
          "value" : "CSA_CONTEXT_ID"
        }
      },
      "descriptions" : { },
      "type" : "string"
    }, {
      "name" : "CSA_PROCESS_ID",
      "displayName" : "CSA_PROCESS_ID",
      "required" : false,
      "confidential" : false,
      "displayNames" : {
        "en-US" : {
          "value" : "CSA_PROCESS_ID"
        }
      },
      "descriptions" : { },
      "type" : "string"
    }, {
      "name" : "hostName",
      "displayName" : "hostName",
      "required" : false,
      "confidential" : false,
      "displayNames" : {
        "en-US" : {
          "value" : "hostName"
        }
      },
      "descriptions" : { },
      "type" : "string"
    }, {
      "name" : "installCommandLine",
      "displayName" : "installCommandLine",
      "required" : false,
      "confidential" : false,
      "displayNames" : {
        "en-US" : {
          "value" : "installCommandLine"
        }
      },
      "descriptions" : { },
      "type" : "string"
    }, {
      "name" : "installSignature",
      "displayName" : "installSignature",
      "required" : false,
      "confidential" : false,
      "displayNames" : {
        "en-US" : {
          "value" : "installSignature"
        }
      },
      "descriptions" : { },
      "type" : "string"
    }, {
      "name" : "restartRequired",
      "displayName" : "restartRequired",
      "required" : false,
      "confidential" : false,
      "displayNames" : {
        "en-US" : {
          "value" : "restartRequired"
        }
      },
      "descriptions" : { },
      "type" : "string"
    }, {
      "name" : "runasDomainName",
      "displayName" : "runasDomainName",
      "required" : false,
      "confidential" : false,
      "displayNames" : {
        "en-US" : {
          "value" : "runasDomainName"
        }
      },
      "descriptions" : { },
      "type" : "string"
    }, {
      "name" : "sourcePath",
      "displayName" : "sourcePath",
      "required" : false,
      "confidential" : false,
      "displayNames" : {
        "en-US" : {
          "value" : "sourcePath"
        }
      },
      "descriptions" : { },
      "type" : "string"
    }, {
      "name" : "sourceShare",
      "displayName" : "sourceShare",
      "required" : false,
      "confidential" : false,
      "displayNames" : {
        "en-US" : {
          "value" : "sourceShare"
        }
      },
      "descriptions" : { },
      "type" : "string"
    }, {
      "name" : "sourceSharePassword",
      "displayName" : "sourceSharePassword",
      "required" : false,
      "confidential" : true,
      "displayNames" : {
        "en-US" : {
          "value" : "sourceSharePassword"
        }
      },
      "descriptions" : { },
      "type" : "string"
    }, {
      "name" : "sourceShareUser",
      "displayName" : "sourceShareUser",
      "required" : false,
      "confidential" : false,
      "displayNames" : {
        "en-US" : {
          "value" : "sourceShareUser"
        }
      },
      "descriptions" : { },
      "type" : "string"
    }, {
      "name" : "targetIp",
      "displayName" : "targetIp",
      "required" : false,
      "confidential" : false,
      "displayNames" : {
        "en-US" : {
          "value" : "targetIp"
        }
      },
      "descriptions" : { },
      "type" : "string"
    } ],
    "outputParameters" : [ ],
    "lifecycleAction" : "Deploy",
    "final" : false,
    "displayNames" : {
      "en-US" : {
        "value" : "Install Software on Windows"
      }
    },
    "visible" : true,
    "descriptions" : {
      "en-US" : {
        "value" : ""
      }
    }
  } ],
  "relations" : [ {
    "name" : "installsOn_Software_Installation_08b8d1fa_58d5_4593_ae7b_449de1807e1b_af56e71344614831888023e036013d2f__VERSION__1^0",
    "relationType" : "association",
    "targetType" : {
      "componentId" : {
        "artifactId" : "BLDCv2_vCenter_Server_a7f8e9eb_8390_4bbf_ac6f_1b9ea098d5fa_609c4e6f4ffe4432af5d7507de320dfb",
        "groupId" : "com.hp.csa.type.VMWARE_VCENTER",
        "version" : "1.0"
      },
      "constraints" : { }
    },
    "minOccursOnTarget" : 0,
    "maxOccursOnTarget" : 256,
    "minOccursOnSource" : 0,
    "maxOccursOnSource" : 10,
    "properties" : [ ],
    "displayName" : "installsOn",
    "displayNames" : {
      "en-US" : {
        "value" : "installsOn"
      }
    },
    "descriptions" : { }
  }, {
    "name" : "dependsOn_Software_Installation_08b8d1fa_58d5_4593_ae7b_449de1807e1b_af56e71344614831888023e036013d2f__VERSION__1^0",
    "relationType" : "association",
    "targetType" : {
      "componentId" : {
        "artifactId" : "Software_Installation_08b8d1fa_58d5_4593_ae7b_449de1807e1b_af56e71344614831888023e036013d2f",
        "groupId" : "com.hp.csa.type",
        "version" : "1.0"
      },
      "constraints" : { }
    },
    "minOccursOnTarget" : 0,
    "maxOccursOnTarget" : 256,
    "minOccursOnSource" : 0,
    "maxOccursOnSource" : 1,
    "properties" : [ ],
    "displayName" : "dependsOn",
    "displayNames" : {
      "en-US" : {
        "value" : "dependsOn"
      }
    },
    "descriptions" : { }
  }, {
    "name" : "readsDomainFrom_Software_Installation_08b8d1fa_58d5_4593_ae7b_449de1807e1b_af56e71344614831888023e036013d2f__VERSION__1^0",
    "relationType" : "association",
    "targetType" : {
      "componentId" : {
        "artifactId" : "AD_Domain_Enabler_c8e7e69f_e7dd_4a89_8190_755023b3afea_fc5d79bb06504e59a716727228c58ec5",
        "groupId" : "com.hp.csa.type",
        "version" : "1.0"
      },
      "constraints" : { }
    },
    "minOccursOnTarget" : 0,
    "maxOccursOnTarget" : 256,
    "minOccursOnSource" : 0,
    "maxOccursOnSource" : 1,
    "properties" : [ ],
    "displayName" : "readsDomainFrom",
    "displayNames" : {
      "en-US" : {
        "value" : "readsDomainFrom"
      }
    },
    "descriptions" : { }
  }, {
    "name" : "domainAccountDependsOn_Software_Installation_08b8d1fa_58d5_4593_ae7b_449de1807e1b_af56e71344614831888023e036013d2f__VERSION__1^0",
    "relationType" : "association",
    "targetType" : {
      "componentId" : {
        "artifactId" : "BLDCv2_Domain_Enabler_8f3bb0ca_68ea_4442_9b9e_e00d27ab9a4a_7bc2406fe21f4750a883bc7864a476de",
        "groupId" : "com.hp.csa.type",
        "version" : "1.0"
      },
      "constraints" : { }
    },
    "minOccursOnTarget" : 0,
    "maxOccursOnTarget" : 256,
    "minOccursOnSource" : 0,
    "maxOccursOnSource" : 1,
    "properties" : [ ],
    "displayName" : "domainAccountDependsOn",
    "displayNames" : {
      "en-US" : {
        "value" : "domainAccountDependsOn"
      }
    },
    "descriptions" : { }
  } ],
  "properties" : [ {
    "name" : "CSA_CONTEXT_ID",
    "type" : "string",
    "minOccurs" : 0,
    "maxOccurs" : 1,
    "mode" : "INPUT_OUTPUT",
    "subProperties" : [ ],
    "displayName" : "CSA_CONTEXT_ID",
    "confidential" : false,
    "tags" : {
      "{urn:x-hp:2013:software:ccue:designer:descriptor-schema}unitDescription" : null,
      "{urn:x-hp:2013:software:ccue:designer:descriptor-schema}validatorId" : null,
      "{urn:x-hp:2013:software:ccue:designer:descriptor-schema}tabSet" : "VIEW,EDIT",
      "maxLength" : "4000"
    },
    "consumerVisible" : true,
    "displayNames" : {
      "en-US" : {
        "value" : "CSA_CONTEXT_ID"
      }
    },
    "descriptions" : { }
  }, {
    "name" : "CSA_PROCESS_ID",
    "type" : "string",
    "minOccurs" : 0,
    "maxOccurs" : 1,
    "mode" : "INPUT_OUTPUT",
    "subProperties" : [ ],
    "displayName" : "CSA_PROCESS_ID",
    "confidential" : false,
    "tags" : {
      "{urn:x-hp:2013:software:ccue:designer:descriptor-schema}unitDescription" : null,
      "{urn:x-hp:2013:software:ccue:designer:descriptor-schema}validatorId" : null,
      "{urn:x-hp:2013:software:ccue:designer:descriptor-schema}tabSet" : "VIEW,EDIT",
      "maxLength" : "4000"
    },
    "consumerVisible" : true,
    "displayNames" : {
      "en-US" : {
        "value" : "CSA_PROCESS_ID"
      }
    },
    "descriptions" : { }
  }, {
    "name" : "hostName",
    "type" : "string",
    "minOccurs" : 0,
    "maxOccurs" : 1,
    "mode" : "INPUT_OUTPUT",
    "defaultValue" : {
      "value" : "vmm-EdU2UPJF",
      "type" : "string"
    },
    "subProperties" : [ ],
    "displayName" : "hostName",
    "confidential" : false,
    "tags" : {
      "{urn:x-hp:2013:software:ccue:designer:descriptor-schema}unitDescription" : null,
      "{urn:x-hp:2013:software:ccue:designer:descriptor-schema}validatorId" : null,
      "{urn:x-hp:2013:software:ccue:designer:descriptor-schema}tabSet" : "VIEW,EDIT",
      "maxLength" : "4000"
    },
    "consumerVisible" : true,
    "displayNames" : {
      "en-US" : {
        "value" : "hostName"
      }
    },
    "descriptions" : { }
  }, {
    "name" : "installCommandLine",
    "type" : "string",
    "minOccurs" : 0,
    "maxOccurs" : 1,
    "mode" : "INPUT_OUTPUT",
    "defaultValue" : {
      "value" : "dir > C:\\users\\administrator\\desktop\\test.txt",
      "type" : "string"
    },
    "subProperties" : [ ],
    "displayName" : "installCommandLine",
    "confidential" : false,
    "tags" : {
      "{urn:x-hp:2013:software:ccue:designer:descriptor-schema}unitDescription" : null,
      "{urn:x-hp:2013:software:ccue:designer:descriptor-schema}validatorId" : null,
      "{urn:x-hp:2013:software:ccue:designer:descriptor-schema}tabSet" : "VIEW,EDIT",
      "maxLength" : "4000"
    },
    "consumerVisible" : true,
    "displayNames" : {
      "en-US" : {
        "value" : "installCommandLine"
      }
    },
    "descriptions" : { }
  }, {
    "name" : "installSignature",
    "type" : "string",
    "minOccurs" : 0,
    "maxOccurs" : 1,
    "mode" : "INPUT_OUTPUT",
    "defaultValue" : {
      "value" : "C:\\Users\\Administrator\\Desktop\\test.txt",
      "type" : "string"
    },
    "subProperties" : [ ],
    "displayName" : "installSignature",
    "confidential" : false,
    "tags" : {
      "{urn:x-hp:2013:software:ccue:designer:descriptor-schema}unitDescription" : null,
      "{urn:x-hp:2013:software:ccue:designer:descriptor-schema}validatorId" : null,
      "{urn:x-hp:2013:software:ccue:designer:descriptor-schema}tabSet" : "VIEW,EDIT",
      "maxLength" : "4000"
    },
    "consumerVisible" : true,
    "displayNames" : {
      "en-US" : {
        "value" : "installSignature"
      }
    },
    "descriptions" : { }
  }, {
    "name" : "restartRequired",
    "type" : "string",
    "minOccurs" : 0,
    "maxOccurs" : 1,
    "mode" : "INPUT_OUTPUT",
    "defaultValue" : {
      "value" : "False",
      "type" : "string"
    },
    "subProperties" : [ ],
    "displayName" : "restartRequired",
    "confidential" : false,
    "tags" : {
      "{urn:x-hp:2013:software:ccue:designer:descriptor-schema}unitDescription" : null,
      "{urn:x-hp:2013:software:ccue:designer:descriptor-schema}validatorId" : null,
      "{urn:x-hp:2013:software:ccue:designer:descriptor-schema}tabSet" : "VIEW,EDIT",
      "maxLength" : "4000"
    },
    "consumerVisible" : true,
    "displayNames" : {
      "en-US" : {
        "value" : "restartRequired"
      }
    },
    "descriptions" : { }
  }, {
    "name" : "runasDomainName",
    "type" : "string",
    "minOccurs" : 0,
    "maxOccurs" : 1,
    "mode" : "INPUT_OUTPUT",
    "defaultValue" : {
      "value" : "${hostName}",
      "type" : "string"
    },
    "subProperties" : [ ],
    "displayName" : "runasDomainName",
    "confidential" : false,
    "tags" : {
      "{urn:x-hp:2013:software:ccue:designer:descriptor-schema}unitDescription" : null,
      "{urn:x-hp:2013:software:ccue:designer:descriptor-schema}validatorId" : null,
      "{urn:x-hp:2013:software:ccue:designer:descriptor-schema}tabSet" : "VIEW,EDIT",
      "maxLength" : "4000"
    },
    "consumerVisible" : true,
    "displayNames" : {
      "en-US" : {
        "value" : "runasDomainName"
      }
    },
    "descriptions" : { }
  }, {
    "name" : "sourcePath",
    "type" : "string",
    "minOccurs" : 0,
    "maxOccurs" : 1,
    "mode" : "INPUT_OUTPUT",
    "subProperties" : [ ],
    "displayName" : "sourcePath",
    "confidential" : false,
    "tags" : {
      "{urn:x-hp:2013:software:ccue:designer:descriptor-schema}unitDescription" : null,
      "{urn:x-hp:2013:software:ccue:designer:descriptor-schema}validatorId" : null,
      "{urn:x-hp:2013:software:ccue:designer:descriptor-schema}tabSet" : "VIEW,EDIT",
      "maxLength" : "4000"
    },
    "consumerVisible" : true,
    "displayNames" : {
      "en-US" : {
        "value" : "sourcePath"
      }
    },
    "descriptions" : { }
  }, {
    "name" : "sourceShare",
    "type" : "string",
    "minOccurs" : 0,
    "maxOccurs" : 1,
    "mode" : "INPUT_OUTPUT",
    "defaultValue" : {
      "value" : "\\\\10.208.77.176\\Netapp_06_SWRepo",
      "type" : "string"
    },
    "subProperties" : [ ],
    "displayName" : "sourceShare",
    "confidential" : false,
    "tags" : {
      "{urn:x-hp:2013:software:ccue:designer:descriptor-schema}unitDescription" : null,
      "{urn:x-hp:2013:software:ccue:designer:descriptor-schema}validatorId" : null,
      "{urn:x-hp:2013:software:ccue:designer:descriptor-schema}tabSet" : "VIEW,EDIT",
      "maxLength" : "4000"
    },
    "consumerVisible" : true,
    "displayNames" : {
      "en-US" : {
        "value" : "sourceShare"
      }
    },
    "descriptions" : { }
  }, {
    "name" : "sourceSharePassword",
    "type" : "string",
    "minOccurs" : 0,
    "maxOccurs" : 1,
    "mode" : "INPUT_OUTPUT",
    "defaultValue" : {
      "value" : "ENC(ypL0IvtUkLT3A9KIR0UmCfkfdUPBCNMBbgVWNE0O+auT+dpVKYyB4hHc+2fXBH5C)",
      "type" : "string_encrypted"
    },
    "subProperties" : [ ],
    "displayName" : "sourceSharePassword",
    "confidential" : true,
    "tags" : {
      "{urn:x-hp:2013:software:ccue:designer:descriptor-schema}unitDescription" : null,
      "{urn:x-hp:2013:software:ccue:designer:descriptor-schema}validatorId" : null,
      "{urn:x-hp:2013:software:ccue:designer:descriptor-schema}tabSet" : "VIEW,EDIT",
      "maxLength" : "4000"
    },
    "consumerVisible" : false,
    "displayNames" : {
      "en-US" : {
        "value" : "sourceSharePassword"
      }
    },
    "descriptions" : { }
  }, {
    "name" : "sourceShareUser",
    "type" : "string",
    "minOccurs" : 0,
    "maxOccurs" : 1,
    "mode" : "INPUT_OUTPUT",
    "defaultValue" : {
      "value" : "GALAXY\\Administrator",
      "type" : "string"
    },
    "subProperties" : [ ],
    "displayName" : "sourceShareUser",
    "confidential" : false,
    "tags" : {
      "{urn:x-hp:2013:software:ccue:designer:descriptor-schema}unitDescription" : null,
      "{urn:x-hp:2013:software:ccue:designer:descriptor-schema}validatorId" : null,
      "{urn:x-hp:2013:software:ccue:designer:descriptor-schema}tabSet" : "VIEW,EDIT",
      "maxLength" : "4000"
    },
    "consumerVisible" : true,
    "displayNames" : {
      "en-US" : {
        "value" : "sourceShareUser"
      }
    },
    "descriptions" : { }
  }, {
    "name" : "targetIp",
    "type" : "string",
    "minOccurs" : 0,
    "maxOccurs" : 1,
    "mode" : "INPUT_OUTPUT",
    "subProperties" : [ ],
    "displayName" : "targetIp",
    "confidential" : false,
    "tags" : {
      "{urn:x-hp:2013:software:ccue:designer:descriptor-schema}unitDescription" : null,
      "{urn:x-hp:2013:software:ccue:designer:descriptor-schema}validatorId" : null,
      "{urn:x-hp:2013:software:ccue:designer:descriptor-schema}tabSet" : "VIEW,EDIT",
      "maxLength" : "4000"
    },
    "consumerVisible" : true,
    "displayNames" : {
      "en-US" : {
        "value" : "targetIp"
      }
    },
    "descriptions" : { }
  } ],
  "displayName" : "Windows Software Installer",
  "capabilities" : [ ],
  "characteristics" : [ ],
  "tagIds" : [ "8a50cd785181dcf101518a2fbd3a54ef" ],
  "revision" : 20,
  "resourceType" : "OO_COMPONENT",
  "tags" : {
    "designer.name.uri" : "urn:x-hp:2013:software:ccue:designer:topology-metamodel:oo",
    "origin" : "embraced",
    "designer.name.localPart" : "Software_Installation_08b8d1fa_58d5_4593_ae7b_449de1807e1b_af56e71344614831888023e036013d2f__VERSION__1.0",
    "iconUrl" : "/csa/api/blobstore/Automation_RGB_blue_NT.png?tag=library"
  },
  "final" : false,
  "displayNames" : {
    "en-US" : {
      "value" : "Windows Software Installer"
    }
  },
  "descriptions" : {
    "en-US" : {
      "value" : "Used to install software on Windows."
    }
  }
}