{
  "@type" : "ComponentTemplate",
  "id" : "e8b19a6d-f479-44ce-bbaa-1d9615aff7a5",
  "artifactId" : "Software_Installation_08b8d1fa_58d5_4593_ae7b_449de1807e1b_af56e71344614831888023e036013d2f",
  "groupId" : "com.hp.csa.template",
  "version" : "1.0",
  "displayName" : "Windows Software Installer",
  "description" : "Used to install software on Windows.",
  "implementedTypes" : [ {
    "componentId" : {
      "artifactId" : "Software_Installation_08b8d1fa_58d5_4593_ae7b_449de1807e1b_af56e71344614831888023e036013d2f",
      "groupId" : "com.hp.csa.type",
      "version" : "1.0"
    },
    "constraints" : { }
  } ],
  "actions" : [ {
    "actionDescriptor" : {
      "name" : "install_software_on_windows_623ccd28b70443f1a355fae8e8119810",
      "displayName" : "Install Software on Windows",
      "description" : "",
      "inputParameters" : [ {
        "name" : "CSA_CONTEXT_ID",
        "displayName" : "CSA_CONTEXT_ID",
        "required" : false,
        "confidential" : false,
        "displayNames" : {
          "en-US" : {
            "value" : "CSA_CONTEXT_ID"
          }
        },
        "descriptions" : { },
        "type" : "string"
      }, {
        "name" : "CSA_PROCESS_ID",
        "displayName" : "CSA_PROCESS_ID",
        "required" : false,
        "confidential" : false,
        "displayNames" : {
          "en-US" : {
            "value" : "CSA_PROCESS_ID"
          }
        },
        "descriptions" : { },
        "type" : "string"
      }, {
        "name" : "hostName",
        "displayName" : "hostName",
        "required" : false,
        "confidential" : false,
        "displayNames" : {
          "en-US" : {
            "value" : "hostName"
          }
        },
        "descriptions" : { },
        "type" : "string"
      }, {
        "name" : "installCommandLine",
        "displayName" : "installCommandLine",
        "required" : false,
        "confidential" : false,
        "displayNames" : {
          "en-US" : {
            "value" : "installCommandLine"
          }
        },
        "descriptions" : { },
        "type" : "string"
      }, {
        "name" : "installSignature",
        "displayName" : "installSignature",
        "required" : false,
        "confidential" : false,
        "displayNames" : {
          "en-US" : {
            "value" : "installSignature"
          }
        },
        "descriptions" : { },
        "type" : "string"
      }, {
        "name" : "restartRequired",
        "displayName" : "restartRequired",
        "required" : false,
        "confidential" : false,
        "displayNames" : {
          "en-US" : {
            "value" : "restartRequired"
          }
        },
        "descriptions" : { },
        "type" : "string"
      }, {
        "name" : "runasDomainName",
        "displayName" : "runasDomainName",
        "required" : false,
        "confidential" : false,
        "displayNames" : {
          "en-US" : {
            "value" : "runasDomainName"
          }
        },
        "descriptions" : { },
        "type" : "string"
      }, {
        "name" : "sourcePath",
        "displayName" : "sourcePath",
        "required" : false,
        "confidential" : false,
        "displayNames" : {
          "en-US" : {
            "value" : "sourcePath"
          }
        },
        "descriptions" : { },
        "type" : "string"
      }, {
        "name" : "sourceShare",
        "displayName" : "sourceShare",
        "required" : false,
        "confidential" : false,
        "displayNames" : {
          "en-US" : {
            "value" : "sourceShare"
          }
        },
        "descriptions" : { },
        "type" : "string"
      }, {
        "name" : "sourceSharePassword",
        "displayName" : "sourceSharePassword",
        "required" : false,
        "confidential" : true,
        "displayNames" : {
          "en-US" : {
            "value" : "sourceSharePassword"
          }
        },
        "descriptions" : { },
        "type" : "string"
      }, {
        "name" : "sourceShareUser",
        "displayName" : "sourceShareUser",
        "required" : false,
        "confidential" : false,
        "displayNames" : {
          "en-US" : {
            "value" : "sourceShareUser"
          }
        },
        "descriptions" : { },
        "type" : "string"
      }, {
        "name" : "targetIp",
        "displayName" : "targetIp",
        "required" : false,
        "confidential" : false,
        "displayNames" : {
          "en-US" : {
            "value" : "targetIp"
          }
        },
        "descriptions" : { },
        "type" : "string"
      } ],
      "outputParameters" : [ ],
      "lifecycleAction" : "Deploy",
      "final" : false,
      "displayNames" : {
        "en-US" : {
          "value" : "Install Software on Windows"
        }
      },
      "visible" : true,
      "descriptions" : {
        "en-US" : {
          "value" : ""
        }
      }
    },
    "processEngineDescriptors" : [ {
      "processEngineId" : "HP_OO",
      "mapping" : {
        "input" : {
          "installCommandLine" : "@PROPERTY:installCommandLine",
          "targetIp" : "@PROPERTY:installsOn_Software_Installation_08b8d1fa_58d5_4593_ae7b_449de1807e1b_af56e71344614831888023e036013d2f__VERSION__1^0.ipAddress",
          "hostName" : "@PROPERTY:installsOn_Software_Installation_08b8d1fa_58d5_4593_ae7b_449de1807e1b_af56e71344614831888023e036013d2f__VERSION__1^0.vmHostname",
          "sourceShare" : "@PROPERTY:sourceShare",
          "restartRequired" : "@PROPERTY:restartRequired",
          "CSA_CONTEXT_ID" : "@PROPERTY:CSA_CONTEXT_ID",
          "sourceShareUser" : "@PROPERTY:sourceShareUser",
          "runasDomainName" : "@PROPERTY:readsDomainFrom_Software_Installation_08b8d1fa_58d5_4593_ae7b_449de1807e1b_af56e71344614831888023e036013d2f__VERSION__1^0.domainNetbiosName",
          "sourceSharePassword" : "@PROPERTY:sourceSharePassword",
          "CSA_PROCESS_ID" : "@PROPERTY:CSA_PROCESS_ID",
          "sourcePath" : "@PROPERTY:sourcePath",
          "installSignature" : "@PROPERTY:installSignature"
        },
        "output" : { }
      },
      "executableId" : "85dab8b3-8c49-4e81-94f7-bf2729515662"
    } ]
  } ],
  "relations" : [ ],
  "properties" : [ ],
  "revision" : 16,
  "displayNames" : {
    "en-US" : {
      "value" : "Windows Software Installer"
    }
  },
  "descriptions" : {
    "en-US" : {
      "value" : "Used to install software on Windows."
    }
  }
}