{
  "@type" : "ComponentTemplate",
  "id" : "950d96e6-beef-400c-b29d-377d61909fcb",
  "artifactId" : "AD_Domain_Enabler_c8e7e69f_e7dd_4a89_8190_755023b3afea_fc5d79bb06504e59a716727228c58ec5",
  "groupId" : "com.hp.csa.template",
  "version" : "1.0",
  "displayName" : "AD Domain Controller",
  "implementedTypes" : [ {
    "componentId" : {
      "artifactId" : "AD_Domain_Enabler_c8e7e69f_e7dd_4a89_8190_755023b3afea_fc5d79bb06504e59a716727228c58ec5",
      "groupId" : "com.hp.csa.type",
      "version" : "1.0"
    },
    "constraints" : { }
  } ],
  "actions" : [ {
    "actionDescriptor" : {
      "name" : "install_ad_domain_services_b53bb7452d5247b8a8824075f0b03c13",
      "displayName" : "Install AD Domain Services",
      "description" : "",
      "inputParameters" : [ {
        "name" : "CSA_CONTEXT_ID",
        "displayName" : "CSA_CONTEXT_ID",
        "required" : false,
        "confidential" : false,
        "displayNames" : {
          "en-US" : {
            "value" : "CSA_CONTEXT_ID"
          }
        },
        "descriptions" : { },
        "type" : "string"
      }, {
        "name" : "CSA_PROCESS_ID",
        "displayName" : "CSA_PROCESS_ID",
        "required" : false,
        "confidential" : false,
        "displayNames" : {
          "en-US" : {
            "value" : "CSA_PROCESS_ID"
          }
        },
        "descriptions" : { },
        "type" : "string"
      }, {
        "name" : "domainName",
        "displayName" : "domainName",
        "required" : false,
        "confidential" : false,
        "displayNames" : {
          "en-US" : {
            "value" : "domainName"
          }
        },
        "descriptions" : { },
        "type" : "string"
      }, {
        "name" : "domainNetbiosName",
        "displayName" : "domainNetbiosName",
        "required" : false,
        "confidential" : false,
        "displayNames" : {
          "en-US" : {
            "value" : "domainNetbiosName"
          }
        },
        "descriptions" : { },
        "type" : "string"
      }, {
        "name" : "hostName",
        "displayName" : "hostName",
        "required" : false,
        "confidential" : false,
        "displayNames" : {
          "en-US" : {
            "value" : "hostName"
          }
        },
        "descriptions" : { },
        "type" : "string"
      }, {
        "name" : "targetIp",
        "displayName" : "targetIp",
        "required" : false,
        "confidential" : false,
        "displayNames" : {
          "en-US" : {
            "value" : "targetIp"
          }
        },
        "descriptions" : { },
        "type" : "string"
      }, {
        "name" : "vmID",
        "displayName" : "vmID",
        "required" : false,
        "confidential" : false,
        "displayNames" : {
          "en-US" : {
            "value" : "vmID"
          }
        },
        "descriptions" : { },
        "type" : "string"
      } ],
      "outputParameters" : [ ],
      "lifecycleAction" : "Deploy",
      "final" : false,
      "displayNames" : {
        "en-US" : {
          "value" : "Install AD Domain Services"
        }
      },
      "visible" : true,
      "descriptions" : {
        "en-US" : {
          "value" : ""
        }
      }
    },
    "processEngineDescriptors" : [ {
      "processEngineId" : "HP_OO",
      "mapping" : {
        "input" : {
          "targetIp" : "@PROPERTY:roleEnabledOn_AD_Domain_Enabler_c8e7e69f_e7dd_4a89_8190_755023b3afea_fc5d79bb06504e59a716727228c58ec5__VERSION__1^0.ipAddress",
          "hostName" : "@PROPERTY:roleEnabledOn_AD_Domain_Enabler_c8e7e69f_e7dd_4a89_8190_755023b3afea_fc5d79bb06504e59a716727228c58ec5__VERSION__1^0.vmHostname",
          "CSA_CONTEXT_ID" : "@PROPERTY:CSA_CONTEXT_ID",
          "vmID" : "@PROPERTY:roleEnabledOn_AD_Domain_Enabler_c8e7e69f_e7dd_4a89_8190_755023b3afea_fc5d79bb06504e59a716727228c58ec5__VERSION__1^0.vmID",
          "domainName" : "@PROPERTY:domainName",
          "CSA_PROCESS_ID" : "@PROPERTY:CSA_PROCESS_ID",
          "domainNetbiosName" : "@PROPERTY:domainNetbiosName"
        },
        "output" : { }
      },
      "executableId" : "535d5df9-8b17-492e-af77-fa3249ac037a"
    } ]
  } ],
  "relations" : [ ],
  "properties" : [ ],
  "revision" : 9,
  "displayNames" : {
    "en-US" : {
      "value" : "AD Domain Controller"
    }
  },
  "descriptions" : { }
}