{
  "@type" : "ComponentTemplate",
  "id" : "8888f6cc-44f2-4d34-be4b-912477f664ea",
  "artifactId" : "BLDCv2_Domain_Enabler_8f3bb0ca_68ea_4442_9b9e_e00d27ab9a4a_7bc2406fe21f4750a883bc7864a476de",
  "groupId" : "com.hp.csa.template",
  "version" : "1.0",
  "displayName" : "Domain Enabler",
  "implementedTypes" : [ {
    "componentId" : {
      "artifactId" : "BLDCv2_Domain_Enabler_8f3bb0ca_68ea_4442_9b9e_e00d27ab9a4a_7bc2406fe21f4750a883bc7864a476de",
      "groupId" : "com.hp.csa.type",
      "version" : "1.0"
    },
    "constraints" : { }
  } ],
  "actions" : [ {
    "actionDescriptor" : {
      "name" : "domain_join_0ddacf93dea5431b986dd5c6c8584246",
      "displayName" : "Domain Join",
      "description" : "",
      "inputParameters" : [ {
        "name" : "CSA_CONTEXT_ID",
        "displayName" : "CSA_CONTEXT_ID",
        "required" : false,
        "confidential" : false,
        "displayNames" : {
          "en-US" : {
            "value" : "CSA_CONTEXT_ID"
          }
        },
        "descriptions" : { },
        "type" : "string"
      }, {
        "name" : "CSA_PROCESS_ID",
        "displayName" : "CSA_PROCESS_ID",
        "required" : false,
        "confidential" : false,
        "displayNames" : {
          "en-US" : {
            "value" : "CSA_PROCESS_ID"
          }
        },
        "descriptions" : { },
        "type" : "string"
      }, {
        "name" : "dcName",
        "displayName" : "dcName",
        "required" : false,
        "confidential" : false,
        "displayNames" : {
          "en-US" : {
            "value" : "dcName"
          }
        },
        "descriptions" : { },
        "type" : "string"
      }, {
        "name" : "domainAdminPassword",
        "displayName" : "domainAdminPassword",
        "required" : false,
        "confidential" : true,
        "displayNames" : {
          "en-US" : {
            "value" : "domainAdminPassword"
          }
        },
        "descriptions" : { },
        "type" : "string"
      }, {
        "name" : "domainAdminUser",
        "displayName" : "domainAdminUser",
        "required" : false,
        "confidential" : false,
        "displayNames" : {
          "en-US" : {
            "value" : "domainAdminUser"
          }
        },
        "descriptions" : { },
        "type" : "string"
      }, {
        "name" : "domainName",
        "displayName" : "domainName",
        "required" : false,
        "confidential" : false,
        "displayNames" : {
          "en-US" : {
            "value" : "domainName"
          }
        },
        "descriptions" : { },
        "type" : "string"
      }, {
        "name" : "memberAdminPassword",
        "displayName" : "memberAdminPassword",
        "required" : false,
        "confidential" : true,
        "displayNames" : {
          "en-US" : {
            "value" : "memberAdminPassword"
          }
        },
        "descriptions" : { },
        "type" : "string"
      }, {
        "name" : "memberAdminUser",
        "displayName" : "memberAdminUser",
        "required" : false,
        "confidential" : false,
        "displayNames" : {
          "en-US" : {
            "value" : "memberAdminUser"
          }
        },
        "descriptions" : { },
        "type" : "string"
      }, {
        "name" : "memberName",
        "displayName" : "memberName",
        "required" : false,
        "confidential" : false,
        "displayNames" : {
          "en-US" : {
            "value" : "memberName"
          }
        },
        "descriptions" : { },
        "type" : "string"
      }, {
        "name" : "targetIp",
        "displayName" : "targetIp",
        "required" : false,
        "confidential" : false,
        "displayNames" : {
          "en-US" : {
            "value" : "targetIp"
          }
        },
        "descriptions" : { },
        "type" : "string"
      } ],
      "outputParameters" : [ ],
      "lifecycleAction" : "Deploy",
      "final" : false,
      "displayNames" : {
        "en-US" : {
          "value" : "Domain Join"
        }
      },
      "visible" : true,
      "descriptions" : {
        "en-US" : {
          "value" : ""
        }
      }
    },
    "processEngineDescriptors" : [ {
      "processEngineId" : "HP_OO",
      "mapping" : {
        "input" : {
          "targetIp" : "@PROPERTY:enables_BLDCv2_Domain_Enabler_8f3bb0ca_68ea_4442_9b9e_e00d27ab9a4a_7bc2406fe21f4750a883bc7864a476de__VERSION__1^0.ipAddress",
          "domainAdminPassword" : "@CONSTANT:pass@word1",
          "domainAdminUser" : "@CONSTANT:Administrator",
          "CSA_CONTEXT_ID" : "@PROPERTY:CSA_CONTEXT_ID",
          "dcName" : "@PROPERTY:readsFrom_BLDCv2_Domain_Enabler_8f3bb0ca_68ea_4442_9b9e_e00d27ab9a4a_7bc2406fe21f4750a883bc7864a476de__VERSION__1^0.hostName",
          "domainName" : "@PROPERTY:readsFrom_BLDCv2_Domain_Enabler_8f3bb0ca_68ea_4442_9b9e_e00d27ab9a4a_7bc2406fe21f4750a883bc7864a476de__VERSION__1^0.domainName",
          "memberAdminUser" : "@CONSTANT:Administrator",
          "memberName" : "@PROPERTY:enables_BLDCv2_Domain_Enabler_8f3bb0ca_68ea_4442_9b9e_e00d27ab9a4a_7bc2406fe21f4750a883bc7864a476de__VERSION__1^0.vmHostname",
          "CSA_PROCESS_ID" : "@PROPERTY:CSA_PROCESS_ID",
          "memberAdminPassword" : "@CONSTANT:pass@word1"
        },
        "output" : { }
      },
      "executableId" : "9542587d-6aef-4e92-9111-39ff70b9ab4a"
    } ]
  } ],
  "relations" : [ ],
  "properties" : [ ],
  "revision" : 5,
  "displayNames" : {
    "en-US" : {
      "value" : "Domain Enabler"
    }
  },
  "descriptions" : { }
}