{
  "@type" : "ComponentTemplate",
  "id" : "6f83c0a0-157a-4ceb-ab9d-ce29978d4598",
  "artifactId" : "SQL_Configurator_0bf0717e_cd83_4517_a041_3d7e2eed5fff_7e6ff477bdf84b9c85f25527a4326f54",
  "groupId" : "com.hp.csa.template",
  "version" : "1.0",
  "displayName" : "SQL Configurator",
  "implementedTypes" : [ {
    "componentId" : {
      "artifactId" : "SQL_Configurator_0bf0717e_cd83_4517_a041_3d7e2eed5fff_7e6ff477bdf84b9c85f25527a4326f54",
      "groupId" : "com.hp.csa.type",
      "version" : "1.0"
    },
    "constraints" : { }
  } ],
  "actions" : [ {
    "actionDescriptor" : {
      "name" : "add_domain_admin_to_sql_logins_and_roles_7ba0230d26b94870bedbc1c23ee6d2d7",
      "displayName" : "Add Domain Admin to SQL Logins and Roles",
      "description" : "",
      "inputParameters" : [ {
        "name" : "CSA_CONTEXT_ID",
        "displayName" : "CSA_CONTEXT_ID",
        "required" : false,
        "confidential" : false,
        "displayNames" : {
          "en-US" : {
            "value" : "CSA_CONTEXT_ID"
          }
        },
        "descriptions" : { },
        "type" : "string"
      }, {
        "name" : "CSA_PROCESS_ID",
        "displayName" : "CSA_PROCESS_ID",
        "required" : false,
        "confidential" : false,
        "displayNames" : {
          "en-US" : {
            "value" : "CSA_PROCESS_ID"
          }
        },
        "descriptions" : { },
        "type" : "string"
      }, {
        "name" : "domainName",
        "displayName" : "domainName",
        "required" : false,
        "confidential" : false,
        "displayNames" : {
          "en-US" : {
            "value" : "domainName"
          }
        },
        "descriptions" : { },
        "type" : "string"
      }, {
        "name" : "hostName",
        "displayName" : "hostName",
        "required" : false,
        "confidential" : false,
        "displayNames" : {
          "en-US" : {
            "value" : "hostName"
          }
        },
        "descriptions" : { },
        "type" : "string"
      } ],
      "outputParameters" : [ ],
      "lifecycleAction" : "Deploy",
      "final" : false,
      "displayNames" : {
        "en-US" : {
          "value" : "Add Domain Admin to SQL Logins and Roles"
        }
      },
      "visible" : true,
      "descriptions" : {
        "en-US" : {
          "value" : ""
        }
      }
    },
    "processEngineDescriptors" : [ {
      "processEngineId" : "HP_OO",
      "mapping" : {
        "input" : {
          "hostName" : "@PROPERTY:configureOn_SQL_Configurator_0bf0717e_cd83_4517_a041_3d7e2eed5fff_7e6ff477bdf84b9c85f25527a4326f54__VERSION__1^0.vmHostname",
          "CSA_CONTEXT_ID" : "@PROPERTY:CSA_CONTEXT_ID",
          "domainName" : "@PROPERTY:readsDomainFrom_SQL_Configurator_0bf0717e_cd83_4517_a041_3d7e2eed5fff_7e6ff477bdf84b9c85f25527a4326f54__VERSION__1^0.domainNetbiosName",
          "CSA_PROCESS_ID" : "@PROPERTY:CSA_PROCESS_ID"
        },
        "output" : { }
      },
      "executableId" : "56813133-1ab3-46b8-a318-fdadfa96a30a"
    } ]
  } ],
  "relations" : [ ],
  "properties" : [ ],
  "revision" : 6,
  "displayNames" : {
    "en-US" : {
      "value" : "SQL Configurator"
    }
  },
  "descriptions" : { }
}