{
  "@type" : "ComponentType",
  "id" : "28d4cc11-0a15-4369-974e-9c0a7422db6d",
  "groupId" : "com.hp.csa.type",
  "artifactId" : "SQL_Configurator_0bf0717e_cd83_4517_a041_3d7e2eed5fff_7e6ff477bdf84b9c85f25527a4326f54",
  "version" : "1.0",
  "abstract" : false,
  "capability" : false,
  "actions" : [ {
    "name" : "add_domain_admin_to_sql_logins_and_roles_7ba0230d26b94870bedbc1c23ee6d2d7",
    "displayName" : "Add Domain Admin to SQL Logins and Roles",
    "description" : "",
    "inputParameters" : [ {
      "name" : "CSA_CONTEXT_ID",
      "displayName" : "CSA_CONTEXT_ID",
      "required" : false,
      "confidential" : false,
      "displayNames" : {
        "en-US" : {
          "value" : "CSA_CONTEXT_ID"
        }
      },
      "descriptions" : { },
      "type" : "string"
    }, {
      "name" : "CSA_PROCESS_ID",
      "displayName" : "CSA_PROCESS_ID",
      "required" : false,
      "confidential" : false,
      "displayNames" : {
        "en-US" : {
          "value" : "CSA_PROCESS_ID"
        }
      },
      "descriptions" : { },
      "type" : "string"
    }, {
      "name" : "domainName",
      "displayName" : "domainName",
      "required" : false,
      "confidential" : false,
      "displayNames" : {
        "en-US" : {
          "value" : "domainName"
        }
      },
      "descriptions" : { },
      "type" : "string"
    }, {
      "name" : "hostName",
      "displayName" : "hostName",
      "required" : false,
      "confidential" : false,
      "displayNames" : {
        "en-US" : {
          "value" : "hostName"
        }
      },
      "descriptions" : { },
      "type" : "string"
    } ],
    "outputParameters" : [ ],
    "lifecycleAction" : "Deploy",
    "final" : false,
    "displayNames" : {
      "en-US" : {
        "value" : "Add Domain Admin to SQL Logins and Roles"
      }
    },
    "visible" : true,
    "descriptions" : {
      "en-US" : {
        "value" : ""
      }
    }
  } ],
  "relations" : [ {
    "name" : "readsDomainFrom_SQL_Configurator_0bf0717e_cd83_4517_a041_3d7e2eed5fff_7e6ff477bdf84b9c85f25527a4326f54__VERSION__1^0",
    "relationType" : "association",
    "targetType" : {
      "componentId" : {
        "artifactId" : "AD_Domain_Enabler_c8e7e69f_e7dd_4a89_8190_755023b3afea_fc5d79bb06504e59a716727228c58ec5",
        "groupId" : "com.hp.csa.type",
        "version" : "1.0"
      },
      "constraints" : { }
    },
    "minOccursOnTarget" : 0,
    "maxOccursOnTarget" : 256,
    "minOccursOnSource" : 0,
    "maxOccursOnSource" : 1,
    "properties" : [ ],
    "displayName" : "readsDomainFrom",
    "displayNames" : {
      "en-US" : {
        "value" : "readsDomainFrom"
      }
    },
    "descriptions" : { }
  }, {
    "name" : "configureOn_SQL_Configurator_0bf0717e_cd83_4517_a041_3d7e2eed5fff_7e6ff477bdf84b9c85f25527a4326f54__VERSION__1^0",
    "relationType" : "association",
    "targetType" : {
      "componentId" : {
        "artifactId" : "BLDCv2_vCenter_Server_a7f8e9eb_8390_4bbf_ac6f_1b9ea098d5fa_609c4e6f4ffe4432af5d7507de320dfb",
        "groupId" : "com.hp.csa.type.VMWARE_VCENTER",
        "version" : "1.0"
      },
      "constraints" : { }
    },
    "minOccursOnTarget" : 0,
    "maxOccursOnTarget" : 256,
    "minOccursOnSource" : 0,
    "maxOccursOnSource" : 1,
    "properties" : [ ],
    "displayName" : "configureOn",
    "displayNames" : {
      "en-US" : {
        "value" : "configureOn"
      }
    },
    "descriptions" : { }
  }, {
    "name" : "dependsOn_SQL_Configurator_0bf0717e_cd83_4517_a041_3d7e2eed5fff_7e6ff477bdf84b9c85f25527a4326f54__VERSION__1^0",
    "relationType" : "association",
    "targetType" : {
      "componentId" : {
        "artifactId" : "BLDCv2_Domain_Enabler_8f3bb0ca_68ea_4442_9b9e_e00d27ab9a4a_7bc2406fe21f4750a883bc7864a476de",
        "groupId" : "com.hp.csa.type",
        "version" : "1.0"
      },
      "constraints" : { }
    },
    "minOccursOnTarget" : 0,
    "maxOccursOnTarget" : 256,
    "minOccursOnSource" : 0,
    "maxOccursOnSource" : 1,
    "properties" : [ ],
    "displayName" : "dependsOn",
    "displayNames" : {
      "en-US" : {
        "value" : "dependsOn"
      }
    },
    "descriptions" : { }
  } ],
  "properties" : [ {
    "name" : "CSA_CONTEXT_ID",
    "type" : "string",
    "minOccurs" : 0,
    "maxOccurs" : 1,
    "mode" : "INPUT_OUTPUT",
    "subProperties" : [ ],
    "displayName" : "CSA_CONTEXT_ID",
    "confidential" : false,
    "tags" : {
      "{urn:x-hp:2013:software:ccue:designer:descriptor-schema}unitDescription" : null,
      "{urn:x-hp:2013:software:ccue:designer:descriptor-schema}validatorId" : null,
      "{urn:x-hp:2013:software:ccue:designer:descriptor-schema}tabSet" : "VIEW,EDIT",
      "maxLength" : "4000"
    },
    "consumerVisible" : true,
    "displayNames" : {
      "en-US" : {
        "value" : "CSA_CONTEXT_ID"
      }
    },
    "descriptions" : { }
  }, {
    "name" : "CSA_PROCESS_ID",
    "type" : "string",
    "minOccurs" : 0,
    "maxOccurs" : 1,
    "mode" : "INPUT_OUTPUT",
    "subProperties" : [ ],
    "displayName" : "CSA_PROCESS_ID",
    "confidential" : false,
    "tags" : {
      "{urn:x-hp:2013:software:ccue:designer:descriptor-schema}unitDescription" : null,
      "{urn:x-hp:2013:software:ccue:designer:descriptor-schema}validatorId" : null,
      "{urn:x-hp:2013:software:ccue:designer:descriptor-schema}tabSet" : "VIEW,EDIT",
      "maxLength" : "4000"
    },
    "consumerVisible" : true,
    "displayNames" : {
      "en-US" : {
        "value" : "CSA_PROCESS_ID"
      }
    },
    "descriptions" : { }
  }, {
    "name" : "domainName",
    "type" : "string",
    "minOccurs" : 0,
    "maxOccurs" : 1,
    "mode" : "INPUT_OUTPUT",
    "subProperties" : [ ],
    "displayName" : "domainName",
    "confidential" : false,
    "tags" : {
      "{urn:x-hp:2013:software:ccue:designer:descriptor-schema}unitDescription" : null,
      "{urn:x-hp:2013:software:ccue:designer:descriptor-schema}validatorId" : null,
      "{urn:x-hp:2013:software:ccue:designer:descriptor-schema}tabSet" : "VIEW,EDIT",
      "maxLength" : "4000"
    },
    "consumerVisible" : true,
    "displayNames" : {
      "en-US" : {
        "value" : "domainName"
      }
    },
    "descriptions" : { }
  }, {
    "name" : "hostName",
    "type" : "string",
    "minOccurs" : 0,
    "maxOccurs" : 1,
    "mode" : "INPUT_OUTPUT",
    "subProperties" : [ ],
    "displayName" : "hostName",
    "confidential" : false,
    "tags" : {
      "{urn:x-hp:2013:software:ccue:designer:descriptor-schema}unitDescription" : null,
      "{urn:x-hp:2013:software:ccue:designer:descriptor-schema}validatorId" : null,
      "{urn:x-hp:2013:software:ccue:designer:descriptor-schema}tabSet" : "VIEW,EDIT",
      "maxLength" : "4000"
    },
    "consumerVisible" : true,
    "displayNames" : {
      "en-US" : {
        "value" : "hostName"
      }
    },
    "descriptions" : { }
  } ],
  "displayName" : "SQL Configurator",
  "capabilities" : [ ],
  "characteristics" : [ ],
  "tagIds" : [ "8a50cd785181dcf101518a2fbd3a54ef" ],
  "revision" : 9,
  "resourceType" : "OO_COMPONENT",
  "tags" : {
    "designer.name.uri" : "urn:x-hp:2013:software:ccue:designer:topology-metamodel:oo",
    "origin" : "embraced",
    "designer.name.localPart" : "SQL_Configurator_0bf0717e_cd83_4517_a041_3d7e2eed5fff_7e6ff477bdf84b9c85f25527a4326f54__VERSION__1.0",
    "iconUrl" : "/csa/images/library/software_component.png"
  },
  "final" : false,
  "displayNames" : {
    "en-US" : {
      "value" : "SQL Configurator"
    }
  },
  "descriptions" : { }
}