<?xml version="1.0" encoding="UTF-8" standalone="yes"?><manifest><archiveItems><item>SERVICE_DESIGN_Microsoft_Private_Cloud_8a50cd78518071df015180e30de916f0.xml</item><itemLocation>com.hp.csa.model.vo.service.ServiceBlueprintVO</itemLocation><itemType>com.hp.csa.model.vo.service.ServiceBlueprintVO</itemType></archiveItems><archiveItems><item>service_composite.png</item><itemLocation>\images\categories\component_type\service_composite.png</itemLocation><itemType>File</itemType></archiveItems><archiveItems><item>other.png</item><itemLocation>\images\library\other.png</itemLocation><itemType>File</itemType></archiveItems><archiveItems><item>Service_Design.png</item><itemLocation>\images\library\Service_Design.png</itemLocation><itemType>File</itemType></archiveItems><archiveItems><item>COMPONENTTYPE_com.hp.csa.type_Domain_Enabler_f4bade4d_a48d_4f53_80be_5473099458f2_f64de9cc160f4765bf51902f4df3eb2e_1.0.json</item><itemLocation>com.hp.csa.topology.model.ComponentType</itemLocation><itemType>com.hp.csa.topology.model.ComponentType</itemType></archiveItems><archiveItems><item>TAG_8a50cd785181dcf101518a2fbd3a54ef.xml</item><itemLocation>com.hp.csa.model.vo.base.TagVO</itemLocation><itemType>com.hp.csa.model.vo.base.TagVO</itemType></archiveItems><archiveItems><item>software_component.png</item><itemLocation>/images/library/software_component.png</itemLocation><itemType>File</itemType></archiveItems><archiveItems><item>COMPONENTTEMPLATE_com.hp.csa.template_Domain_Enabler_f4bade4d_a48d_4f53_80be_5473099458f2_f64de9cc160f4765bf51902f4df3eb2e_1.0.json</item><itemLocation>com.hp.csa.topology.model.ComponentTemplate</itemLocation><itemType>com.hp.csa.topology.model.ComponentTemplate</itemType></archiveItems><archiveItems><item>COMPONENTTYPE_com.hp.csa.type_Server_1.json</item><itemLocation>com.hp.csa.topology.model.ComponentType</itemLocation><itemType>com.hp.csa.topology.model.ComponentType</itemType></archiveItems><archiveItems><item>COMPONENTTYPE_com.hp.csa.type.VMWARE_VCENTER_BLDCv2_vCenter_Server_a7f8e9eb_8390_4bbf_ac6f_1b9ea098d5fa_609c4e6f4ffe4432af5d7507de320dfb_1.0.json</item><itemLocation>com.hp.csa.topology.model.ComponentType</itemLocation><itemType>com.hp.csa.topology.model.ComponentType</itemType></archiveItems><archiveItems><item>Cloud Hosting_48.png</item><itemLocation>/images//library/Cloud Hosting_48.png</itemLocation><itemType>File</itemType></archiveItems><archiveItems><item>COMPONENTTEMPLATE_com.hp.csa.template.VMWARE_VCENTER_BLDCv2_vCenter_Server_a7f8e9eb_8390_4bbf_ac6f_1b9ea098d5fa_609c4e6f4ffe4432af5d7507de320dfb_1.0.json</item><itemLocation>com.hp.csa.topology.model.ComponentTemplate</itemLocation><itemType>com.hp.csa.topology.model.ComponentTemplate</itemType></archiveItems><archiveItems><item>COMPONENTTYPE_com.hp.csa.type_BLDCv2_Domain_Enabler_8f3bb0ca_68ea_4442_9b9e_e00d27ab9a4a_7bc2406fe21f4750a883bc7864a476de_1.0.json</item><itemLocation>com.hp.csa.topology.model.ComponentType</itemLocation><itemType>com.hp.csa.topology.model.ComponentType</itemType></archiveItems><archiveItems><item>COMPONENTTEMPLATE_com.hp.csa.template_BLDCv2_Domain_Enabler_8f3bb0ca_68ea_4442_9b9e_e00d27ab9a4a_7bc2406fe21f4750a883bc7864a476de_1.0.json</item><itemLocation>com.hp.csa.topology.model.ComponentTemplate</itemLocation><itemType>com.hp.csa.topology.model.ComponentTemplate</itemType></archiveItems><archiveItems><item>COMPONENTTYPE_com.hp.csa.type_AD_Domain_Enabler_c8e7e69f_e7dd_4a89_8190_755023b3afea_fc5d79bb06504e59a716727228c58ec5_1.0.json</item><itemLocation>com.hp.csa.topology.model.ComponentType</itemLocation><itemType>com.hp.csa.topology.model.ComponentType</itemType></archiveItems><archiveItems><item>COMPONENTTEMPLATE_com.hp.csa.template_AD_Domain_Enabler_c8e7e69f_e7dd_4a89_8190_755023b3afea_fc5d79bb06504e59a716727228c58ec5_1.0.json</item><itemLocation>com.hp.csa.topology.model.ComponentTemplate</itemLocation><itemType>com.hp.csa.topology.model.ComponentTemplate</itemType></archiveItems><archiveItems><item>COMPONENTTYPE_com.hp.csa.type_SQL_Configurator_0bf0717e_cd83_4517_a041_3d7e2eed5fff_7e6ff477bdf84b9c85f25527a4326f54_1.0.json</item><itemLocation>com.hp.csa.topology.model.ComponentType</itemLocation><itemType>com.hp.csa.topology.model.ComponentType</itemType></archiveItems><archiveItems><item>COMPONENTTEMPLATE_com.hp.csa.template_SQL_Configurator_0bf0717e_cd83_4517_a041_3d7e2eed5fff_7e6ff477bdf84b9c85f25527a4326f54_1.0.json</item><itemLocation>com.hp.csa.topology.model.ComponentTemplate</itemLocation><itemType>com.hp.csa.topology.model.ComponentTemplate</itemType></archiveItems><archiveItems><item>COMPONENTTYPE_com.hp.csa.type_Software_Installation_08b8d1fa_58d5_4593_ae7b_449de1807e1b_af56e71344614831888023e036013d2f_1.0.json</item><itemLocation>com.hp.csa.topology.model.ComponentType</itemLocation><itemType>com.hp.csa.topology.model.ComponentType</itemType></archiveItems><archiveItems><item>Automation_RGB_blue_NT.png</item><itemLocation>/images//library/Automation_RGB_blue_NT.png</itemLocation><itemType>File</itemType></archiveItems><archiveItems><item>COMPONENTTEMPLATE_com.hp.csa.template_Software_Installation_08b8d1fa_58d5_4593_ae7b_449de1807e1b_af56e71344614831888023e036013d2f_1.0.json</item><itemLocation>com.hp.csa.topology.model.ComponentTemplate</itemLocation><itemType>com.hp.csa.topology.model.ComponentTemplate</itemType></archiveItems><archiveItems><item>TOPOLOGY_Microsoft Private Cloud_6d1800fb-9625-45cf-8435-7755b3186e5d.xml</item><itemLocation>com.hp.csa.topology.model.Topology</itemLocation><itemType>com.hp.csa.topology.model.Topology</itemType></archiveItems><csaVersion>04.50.0000.0</csaVersion></manifest>