<?xml version="1.0" encoding="UTF-8" standalone="yes"?><ServiceBlueprint><id>8a50cd78518071df015180e30de916f0</id><objectId>8a50cd78518071df015180e30de916f0</objectId><createdOn>2015-12-08T02:19:02.633-07:00</createdOn><updatedOn>2015-12-23T01:27:07.245-07:00</updatedOn><createdBy><id>90d96588360da0c701360da0f1d600a1</id><objectId>90d96588360da0c701360da0f1d600a1</objectId><isCriticalSystemObject>true</isCriticalSystemObject><description>admin</description><iconUrl>http://localhost/admin</iconUrl><name>admin</name><displayName>admin</displayName><disabled>false</disabled></createdBy><updatedBy><id>90d96588360da0c701360da0f1d600a1</id><objectId>90d96588360da0c701360da0f1d600a1</objectId><isCriticalSystemObject>true</isCriticalSystemObject><description>admin</description><iconUrl>http://localhost/admin</iconUrl><name>admin</name><displayName>admin</displayName><disabled>false</disabled></updatedBy><isCriticalSystemObject>false</isCriticalSystemObject><description></description><iconUrl>/csa/images/library/Service_Design.png</iconUrl><name>7ff30354-2e0e-4bf1-ae02-9b26aeca5d06</name><displayName>Microsoft Private Cloud</displayName><state><id>90d96588360da0c701360da0ef470038</id><objectId>90d96588360da0c701360da0ef470038</objectId><createdOn>2015-06-17T02:51:01.390-06:00</createdOn><isCriticalSystemObject>true</isCriticalSystemObject><description>Active</description><iconUrl>/csa/images/categories/artifact_state/active.png</iconUrl><name>ACTIVE</name><displayName>Active</displayName><disabled>false</disabled><categoryType><id>90d96588360da0c701360da0ef420037</id><objectId>90d96588360da0c701360da0ef420037</objectId><isCriticalSystemObject>true</isCriticalSystemObject><description>Artifact State</description><name>ARTIFACT_STATE</name><displayName>Artifact State</displayName><extensible>false</extensible></categoryType></state><optionModel><id>8a50cd78518071df015180e30de916ee</id><objectId>8a50cd78518071df015180e30de916ee</objectId><createdOn>2015-12-08T02:19:02.633-07:00</createdOn><updatedOn>2015-12-23T01:27:07.246-07:00</updatedOn><createdBy><id>90d96588360da0c701360da0f1d600a1</id><objectId>90d96588360da0c701360da0f1d600a1</objectId><isCriticalSystemObject>true</isCriticalSystemObject><description>admin</description><iconUrl>http://localhost/admin</iconUrl><name>admin</name><displayName>admin</displayName><disabled>false</disabled></createdBy><updatedBy><id>90d96588360da0c701360da0f1d600a1</id><objectId>90d96588360da0c701360da0f1d600a1</objectId><isCriticalSystemObject>true</isCriticalSystemObject><description>admin</description><iconUrl>http://localhost/admin</iconUrl><name>admin</name><displayName>admin</displayName><disabled>false</disabled></updatedBy><isCriticalSystemObject>false</isCriticalSystemObject><name>Microsoft Private Cloud</name></optionModel><artifactType><id>75f747551889482f8868215847d06620</id><objectId>75f747551889482f8868215847d06620</objectId><createdOn>2015-06-17T02:51:01.390-06:00</createdOn><isCriticalSystemObject>true</isCriticalSystemObject><description>Topology Service Blueprint</description><iconUrl>/csa/images/categories/artifact_type/service_blueprint.png</iconUrl><name>TOPOLOGY_SERVICE_BLUEPRINT</name><displayName>Topology Service Blueprint</displayName><disabled>false</disabled><categoryType><id>90d96588360da0c701360da0eeb40017</id><objectId>90d96588360da0c701360da0eeb40017</objectId><isCriticalSystemObject>true</isCriticalSystemObject><description>Artifact Type</description><name>ARTIFACT_TYPE</name><displayName>Artifact Type</displayName><extensible>false</extensible></categoryType></artifactType><disabled>false</disabled><artifactContainer><id>8a50cd78518071df015180e30c3d16db</id><objectId>8a50cd78518071df015180e30c3d16db</objectId><isCriticalSystemObject>false</isCriticalSystemObject><description></description><iconUrl>/csa/images/library/Service_Design.png</iconUrl><name>11e81b42-e4e6-450d-abe3-adf10ded9803</name><displayName>Microsoft Private Cloud</displayName><disabled>false</disabled></artifactContainer><tag><id>8a50cd785181dcf101518a2d06db54eb</id><createdOn>2015-12-09T21:36:25.436-07:00</createdOn><updatedOn>2015-12-09T21:36:25.436-07:00</updatedOn><isCriticalSystemObject>false</isCriticalSystemObject><iconUrl>/csa/images/library/other.png</iconUrl><name>BLDCv2_520b8b47-03e2-45e0-926c-b807686517ec</name><displayName>BLDCv2</displayName><color>#7ae7bf</color><artifactType><id>4a962cf3cdb74b6985fd39a16903a7fc</id><createdOn>2015-06-17T02:51:01.390-06:00</createdOn><isCriticalSystemObject>true</isCriticalSystemObject><description>Topology Artifact Container</description><iconUrl>/csa/images/categories/artifact_type/topology_artifact_container.png</iconUrl><name>TOPOLOGY_ARTIFACT_CONTAINER</name><displayName>Topology Artifact Container</displayName><disabled>false</disabled><categoryType><id>90d96588360da0c701360da0eeb40017</id><createdOn>2015-06-17T02:51:01.234-06:00</createdOn><isCriticalSystemObject>true</isCriticalSystemObject><description>Artifact Type</description><name>ARTIFACT_TYPE</name><displayName>Artifact Type</displayName><extensible>false</extensible></categoryType></artifactType><versionNumber>1</versionNumber></tag><componentRoot><id>8a50cd78518071df015180e30ca916dd</id><objectId>8a50cd78518071df015180e30ca916dd</objectId><createdOn>2015-12-08T02:19:02.313-07:00</createdOn><updatedOn>2015-12-23T01:27:07.246-07:00</updatedOn><createdBy><id>90d96588360da0c701360da0f1d600a1</id><objectId>90d96588360da0c701360da0f1d600a1</objectId><isCriticalSystemObject>true</isCriticalSystemObject><description>admin</description><iconUrl>http://localhost/admin</iconUrl><name>admin</name><displayName>admin</displayName><disabled>false</disabled></createdBy><updatedBy><id>90d96588360da0c701360da0f1d600a1</id><objectId>90d96588360da0c701360da0f1d600a1</objectId><isCriticalSystemObject>true</isCriticalSystemObject><description>admin</description><iconUrl>http://localhost/admin</iconUrl><name>admin</name><displayName>admin</displayName><disabled>false</disabled></updatedBy><isCriticalSystemObject>false</isCriticalSystemObject><description>The root component of a service design and represents all the service components HP CSA needs to realize the infrastructure and applications required for the service.</description><detailedDescription>Service Composite</detailedDescription><iconUrl>/csa/images/categories/component_type/service_composite.png</iconUrl><name>SERVICE_COMPOSITE__Tue Dec 08 02:19:02 MST 2015</name><displayName>Service Composite</displayName><property><id>8a50cd78518071df015180e30de916ec</id><objectId>8a50cd78518071df015180e30de916ec</objectId><createdOn>2015-12-08T02:19:02.633-07:00</createdOn><updatedOn>2015-12-23T01:27:07.246-07:00</updatedOn><createdBy><id>90d96588360da0c701360da0f1d600a1</id><objectId>90d96588360da0c701360da0f1d600a1</objectId><isCriticalSystemObject>true</isCriticalSystemObject><description>admin</description><iconUrl>http://localhost/admin</iconUrl><name>admin</name><displayName>admin</displayName><disabled>false</disabled></createdBy><updatedBy><id>90d96588360da0c701360da0f1d600a1</id><objectId>90d96588360da0c701360da0f1d600a1</objectId><isCriticalSystemObject>true</isCriticalSystemObject><description>admin</description><iconUrl>http://localhost/admin</iconUrl><name>admin</name><displayName>admin</displayName><disabled>false</disabled></updatedBy><isCriticalSystemObject>false</isCriticalSystemObject><name>published</name><valueType><id>90d96588360da0c701360da0efa5004f</id><objectId>90d96588360da0c701360da0efa5004f</objectId><createdOn>2015-06-17T02:51:01.390-06:00</createdOn><isCriticalSystemObject>true</isCriticalSystemObject><description>Boolean</description><iconUrl>/csa/images/categories/value_type/boolean.png</iconUrl><name>BOOLEAN</name><displayName>Boolean</displayName><disabled>false</disabled><categoryType><id>90d96588360da0c701360da0efa0004e</id><objectId>90d96588360da0c701360da0efa0004e</objectId><isCriticalSystemObject>true</isCriticalSystemObject><description>Value Type</description><name>VALUE_TYPE</name><displayName>Value Type</displayName><extensible>false</extensible></categoryType></valueType><values><id>8a50cd78518071df015180e30de916f1</id><createdOn>2015-12-08T02:19:02.633-07:00</createdOn><updatedOn>2015-12-23T01:27:07.246-07:00</updatedOn><createdBy><id>90d96588360da0c701360da0f1d600a1</id><objectId>90d96588360da0c701360da0f1d600a1</objectId><isCriticalSystemObject>true</isCriticalSystemObject><description>admin</description><iconUrl>http://localhost/admin</iconUrl><name>admin</name><displayName>admin</displayName><disabled>false</disabled></createdBy><updatedBy><id>90d96588360da0c701360da0f1d600a1</id><objectId>90d96588360da0c701360da0f1d600a1</objectId><isCriticalSystemObject>true</isCriticalSystemObject><description>admin</description><iconUrl>http://localhost/admin</iconUrl><name>admin</name><displayName>admin</displayName><disabled>false</disabled></updatedBy><value>false</value><orderIndex>-1</orderIndex></values><maxOccurs>1</maxOccurs><minOccurs>0</minOccurs><orderIndex>-1</orderIndex><confidential>false</confidential><encrypted>false</encrypted><consumerReadOnly>false</consumerReadOnly><consumerVisible>false</consumerVisible><measurable>false</measurable></property><property><id>8a50cd78518071df015180e30de916ed</id><objectId>8a50cd78518071df015180e30de916ed</objectId><createdOn>2015-12-08T02:19:02.633-07:00</createdOn><updatedOn>2015-12-23T01:27:07.246-07:00</updatedOn><createdBy><id>90d96588360da0c701360da0f1d600a1</id><objectId>90d96588360da0c701360da0f1d600a1</objectId><isCriticalSystemObject>true</isCriticalSystemObject><description>admin</description><iconUrl>http://localhost/admin</iconUrl><name>admin</name><displayName>admin</displayName><disabled>false</disabled></createdBy><updatedBy><id>90d96588360da0c701360da0f1d600a1</id><objectId>90d96588360da0c701360da0f1d600a1</objectId><isCriticalSystemObject>true</isCriticalSystemObject><description>admin</description><iconUrl>http://localhost/admin</iconUrl><name>admin</name><displayName>admin</displayName><disabled>false</disabled></updatedBy><isCriticalSystemObject>false</isCriticalSystemObject><name>topologyId</name><valueType><id>90d96588360da0c701360da0efb50054</id><objectId>90d96588360da0c701360da0efb50054</objectId><createdOn>2015-06-17T02:51:01.390-06:00</createdOn><isCriticalSystemObject>true</isCriticalSystemObject><description>String</description><iconUrl>/csa/images/categories/value_type/string.png</iconUrl><name>STRING</name><displayName>String</displayName><disabled>false</disabled><categoryType><id>90d96588360da0c701360da0efa0004e</id><objectId>90d96588360da0c701360da0efa0004e</objectId><isCriticalSystemObject>true</isCriticalSystemObject><description>Value Type</description><name>VALUE_TYPE</name><displayName>Value Type</displayName><extensible>false</extensible></categoryType></valueType><values><id>8a50cd78518071df015180e30de916ef</id><createdOn>2015-12-08T02:19:02.633-07:00</createdOn><updatedOn>2015-12-23T01:27:07.246-07:00</updatedOn><createdBy><id>90d96588360da0c701360da0f1d600a1</id><objectId>90d96588360da0c701360da0f1d600a1</objectId><isCriticalSystemObject>true</isCriticalSystemObject><description>admin</description><iconUrl>http://localhost/admin</iconUrl><name>admin</name><displayName>admin</displayName><disabled>false</disabled></createdBy><updatedBy><id>90d96588360da0c701360da0f1d600a1</id><objectId>90d96588360da0c701360da0f1d600a1</objectId><isCriticalSystemObject>true</isCriticalSystemObject><description>admin</description><iconUrl>http://localhost/admin</iconUrl><name>admin</name><displayName>admin</displayName><disabled>false</disabled></updatedBy><value>6d1800fb-9625-45cf-8435-7755b3186e5d</value><orderIndex>-1</orderIndex></values><maxOccurs>1</maxOccurs><minOccurs>0</minOccurs><orderIndex>-1</orderIndex><confidential>false</confidential><encrypted>false</encrypted><consumerReadOnly>false</consumerReadOnly><consumerVisible>false</consumerVisible><measurable>false</measurable></property><state><id>90d96588360da0c701360da0ef470038</id><objectId>90d96588360da0c701360da0ef470038</objectId><createdOn>2015-06-17T02:51:01.390-06:00</createdOn><isCriticalSystemObject>true</isCriticalSystemObject><description>Active</description><iconUrl>/csa/images/categories/artifact_state/active.png</iconUrl><name>ACTIVE</name><displayName>Active</displayName><disabled>false</disabled><categoryType><id>90d96588360da0c701360da0ef420037</id><objectId>90d96588360da0c701360da0ef420037</objectId><isCriticalSystemObject>true</isCriticalSystemObject><description>Artifact State</description><name>ARTIFACT_STATE</name><displayName>Artifact State</displayName><extensible>false</extensible></categoryType></state><artifactType><id>90d96588360da0c701360da0eec8001a</id><objectId>90d96588360da0c701360da0eec8001a</objectId><createdOn>2015-06-17T02:51:01.390-06:00</createdOn><isCriticalSystemObject>true</isCriticalSystemObject><description>Service Component</description><iconUrl>/csa/images/categories/artifact_type/service_component.png</iconUrl><name>SERVICE_COMPONENT</name><displayName>Service Component</displayName><disabled>false</disabled><categoryType><id>90d96588360da0c701360da0eeb40017</id><objectId>90d96588360da0c701360da0eeb40017</objectId><isCriticalSystemObject>true</isCriticalSystemObject><description>Artifact Type</description><name>ARTIFACT_TYPE</name><displayName>Artifact Type</displayName><extensible>false</extensible></categoryType></artifactType><ownedBy><id>90d96588360da0c701360da0f15b009e</id><objectId>90d96588360da0c701360da0f15b009e</objectId><isCriticalSystemObject>true</isCriticalSystemObject><description>Provider Organization</description><name>CSA-Provider</name><displayName>Provider</displayName><disabled>false</disabled></ownedBy><disabled>false</disabled><isOutOfSync>false</isOutOfSync><derivedFrom xmlns:xsi="http://www.w3.org/2001/XMLSchema-instance" xsi:type="serviceComponentVO"><id>90d96588360da0c701360da0f20d00ad</id><objectId>90d96588360da0c701360da0f20d00ad</objectId><isCriticalSystemObject>true</isCriticalSystemObject><description>The root component of a service design and represents all the service components HP CSA needs to realize the infrastructure and applications required for the service.</description><iconUrl>/csa/images/categories/component_type/service_composite.png</iconUrl><name>SERVICE_COMPOSITE</name><displayName>Service Composite</displayName><disabled>false</disabled><pattern>false</pattern><licensable>false</licensable><createdFromPattern>false</createdFromPattern><toFinalize>false</toFinalize><consumerVisible>true</consumerVisible></derivedFrom><lifecycleProperties><id>8a50cd78518071df015180e30ca916dc</id><createdOn>2015-12-08T02:19:02.313-07:00</createdOn><updatedOn>2015-12-23T01:27:07.246-07:00</updatedOn><createdBy><id>90d96588360da0c701360da0f1d600a1</id><objectId>90d96588360da0c701360da0f1d600a1</objectId><isCriticalSystemObject>true</isCriticalSystemObject><description>admin</description><iconUrl>http://localhost/admin</iconUrl><name>admin</name><displayName>admin</displayName><disabled>false</disabled></createdBy><updatedBy><id>90d96588360da0c701360da0f1d600a1</id><objectId>90d96588360da0c701360da0f1d600a1</objectId><isCriticalSystemObject>true</isCriticalSystemObject><description>admin</description><iconUrl>http://localhost/admin</iconUrl><name>admin</name><displayName>admin</displayName><disabled>false</disabled></updatedBy><lifecycleComponentOrder>1</lifecycleComponentOrder><lifecycleState><id>90d96588360da0c701360da0f22000b2</id><objectId>90d96588360da0c701360da0f22000b2</objectId><createdOn>2015-06-17T02:51:01.390-06:00</createdOn><isCriticalSystemObject>true</isCriticalSystemObject><description>Described</description><iconUrl>/csa/images/categories/lifecycle_state/described.png</iconUrl><name>DESCRIBED</name><displayName>Described</displayName><disabled>false</disabled><categoryType><id>90d96588360da0c701360da0f21300ae</id><objectId>90d96588360da0c701360da0f21300ae</objectId><isCriticalSystemObject>true</isCriticalSystemObject><description>Lifecycle State</description><name>LIFECYCLE_STATE</name><displayName>Lifecycle State</displayName><extensible>false</extensible></categoryType></lifecycleState><lifecycleSubstate><id>90d96588360da0c701360da0f24200bd</id><objectId>90d96588360da0c701360da0f24200bd</objectId><createdOn>2015-06-17T02:51:01.390-06:00</createdOn><isCriticalSystemObject>true</isCriticalSystemObject><description>Pre Transition</description><iconUrl>/csa/images/categories/lifecycle_substate/pre_transition.png</iconUrl><name>PRE_TRANSITION</name><displayName>Pre Transition</displayName><disabled>false</disabled><categoryType><id>90d96588360da0c701360da0f23e00bc</id><objectId>90d96588360da0c701360da0f23e00bc</objectId><isCriticalSystemObject>true</isCriticalSystemObject><description>Lifecycle Substate</description><name>LIFECYCLE_SUBSTATE</name><displayName>Lifecycle Substate</displayName><extensible>false</extensible></categoryType></lifecycleSubstate><paused>false</paused></lifecycleProperties><componentType><id>90d96588360da0c701360da0f20d00ad</id><objectId>90d96588360da0c701360da0f20d00ad</objectId><createdOn>2015-06-17T02:51:01.390-06:00</createdOn><isCriticalSystemObject>true</isCriticalSystemObject><description>The root component of a service design and represents all the service components HP CSA needs to realize the infrastructure and applications required for the service.</description><detailedDescription>Service Composite</detailedDescription><iconUrl>/csa/images/categories/component_type/service_composite.png</iconUrl><name>SERVICE_COMPOSITE</name><displayName>Service Composite</displayName><disabled>false</disabled><categoryType><id>90d96588360da0c701360da0f1fa00a7</id><objectId>90d96588360da0c701360da0f1fa00a7</objectId><isCriticalSystemObject>true</isCriticalSystemObject><description>Component Type</description><name>COMPONENT_TYPE</name><displayName>Component Type</displayName><extensible>true</extensible></categoryType></componentType><pattern>false</pattern><licensable>false</licensable><createdFromPattern>false</createdFromPattern><toFinalize>false</toFinalize><consumerVisible>true</consumerVisible></componentRoot><sourceType><id>BD0BC4E6C79FDEB2E04059106D1A5B6A</id><objectId>BD0BC4E6C79FDEB2E04059106D1A5B6A</objectId><createdOn>2015-06-17T02:51:01.390-06:00</createdOn><isCriticalSystemObject>true</isCriticalSystemObject><description>This design was created and is managed by HP CSA.</description><iconUrl>/csa/images/categories/sourcetype/internal.png</iconUrl><name>INTERNAL</name><displayName>HP CSA</displayName><disabled>false</disabled><categoryType><id>BD0BC4E6C79BDEB2E04059106D1A5B4E</id><objectId>BD0BC4E6C79BDEB2E04059106D1A5B4E</objectId><isCriticalSystemObject>false</isCriticalSystemObject><description>Source Type</description><name>SOURCE_TYPE</name><displayName>Source Type</displayName><extensible>true</extensible></categoryType></sourceType><serviceDesignerExperienceType><id>90cec76e3fd3cff2013fd3d066f306bf</id><objectId>90cec76e3fd3cff2013fd3d066f306bf</objectId><createdOn>2015-06-17T02:51:01.390-06:00</createdOn><isCriticalSystemObject>true</isCriticalSystemObject><description>Topology based designer experience</description><iconUrl></iconUrl><name>TOPOLOGY_BASED</name><displayName>Topology Based</displayName><disabled>false</disabled><categoryType><id>90cec76e3fd3ce38013fd3cea5bf081a</id><objectId>90cec76e3fd3ce38013fd3cea5bf081a</objectId><isCriticalSystemObject>true</isCriticalSystemObject><description>Service Designer Experience Type</description><name>SERVICE_DESIGNER_EXPER_TYPE</name><displayName>Service Designer Experience Type</displayName><extensible>true</extensible></categoryType></serviceDesignerExperienceType><containerId>8a50cd78518071df015180e30c3d16db</containerId><version>1.0.0</version><valid>false</valid><published>false</published></ServiceBlueprint>