<?xml version="1.0" encoding="UTF-8" standalone="yes"?><Tag><id>8a50cd785181dcf101518a2fbd3a54ef</id><createdOn>2015-12-09T21:39:23.195-07:00</createdOn><updatedOn>2015-12-09T21:39:23.195-07:00</updatedOn><isCriticalSystemObject>false</isCriticalSystemObject><iconUrl>/csa/images/library/other.png</iconUrl><name>BLDCv2_32929829-fc12-41fc-a0a0-013a1ed89fdd</name><displayName>BLDCv2</displayName><color>#7ae7bf</color><artifactType><id>90d96588360da0c701360da0eec8001a</id><createdOn>2015-06-17T02:51:01.390-06:00</createdOn><isCriticalSystemObject>true</isCriticalSystemObject><description>Service Component</description><iconUrl>/csa/images/categories/artifact_type/service_component.png</iconUrl><name>SERVICE_COMPONENT</name><displayName>Service Component</displayName><disabled>false</disabled><categoryType><id>90d96588360da0c701360da0eeb40017</id><createdOn>2015-06-17T02:51:01.234-06:00</createdOn><isCriticalSystemObject>true</isCriticalSystemObject><description>Artifact Type</description><name>ARTIFACT_TYPE</name><displayName>Artifact Type</displayName><extensible>false</extensible></categoryType></artifactType><versionNumber>1</versionNumber></Tag>