<Topology _type="Topology">
  <id>6d1800fb-9625-45cf-8435-7755b3186e5d</id>
  <groupId>com.hp.csa</groupId>
  <artifactId>8a50cd78518071df015180e30c3d16db</artifactId>
  <version>1.0.0</version>
  <resources>
    <id>8ab69295-e02f-5685-c8d3-14778c6223bd</id>
    <name>Install Hyper-V</name>
    <componentType>
      <groupId>com.hp.csa.type</groupId>
      <artifactId>Domain_Enabler_f4bade4d_a48d_4f53_80be_5473099458f2_f64de9cc160f4765bf51902f4df3eb2e</artifactId>
      <version>1.0</version>
    </componentType>
    <properties>
      <targetIp>
        <value/>
        <type>string</type>
      </targetIp>
      <hostName>
        <value></value>
        <type>string</type>
      </hostName>
      <CSA_CONTEXT_ID>
        <value/>
        <type>string</type>
      </CSA_CONTEXT_ID>
      <CSA_PROCESS_ID>
        <value/>
        <type>string</type>
      </CSA_PROCESS_ID>
    </properties>
    <outgoingRelations>
      <relationType>association</relationType>
      <id>678c009e-9461-47d9-5e10-dea49c587b10</id>
      <properties>
        <_enable_modify_during_lifecycle_properties>
          <value/>
          <type>string</type>
        </_enable_modify_during_lifecycle_properties>
        <_modifiable_properties>
          <value/>
          <type>string</type>
        </_modifiable_properties>
        <_relation_type>
          <value>
            <first>Association</first>
            <second>ASSOCIATION</second>
          </value>
          <type>pair</type>
        </_relation_type>
      </properties>
      <relationDescriptorName>roleEnabledOn_Domain_Enabler_f4bade4d_a48d_4f53_80be_5473099458f2_f64de9cc160f4765bf51902f4df3eb2e__VERSION__1^0</relationDescriptorName>
      <topologyResource>
        <id>6729a5ce-aee5-f203-ff67-2ad63238efd9</id>
      </topologyResource>
    </outgoingRelations>
    <tags>
      <uniqueName>
        <value>InstallHyper-V0001</value>
      </uniqueName>
      <displayName>
        <value>Install Hyper-V</value>
      </displayName>
      <x>
        <value>38</value>
      </x>
      <description/>
      <y>
        <value>590</value>
      </y>
    </tags>
  </resources>
  <resources>
    <id>a99311e3-f031-9ff9-1512-25bf77de3fc6</id>
    <name>Install Hyper-V</name>
    <componentType>
      <groupId>com.hp.csa.type</groupId>
      <artifactId>Domain_Enabler_f4bade4d_a48d_4f53_80be_5473099458f2_f64de9cc160f4765bf51902f4df3eb2e</artifactId>
      <version>1.0</version>
    </componentType>
    <properties>
      <targetIp>
        <value/>
        <type>string</type>
      </targetIp>
      <hostName>
        <value></value>
        <type>string</type>
      </hostName>
      <CSA_CONTEXT_ID>
        <value/>
        <type>string</type>
      </CSA_CONTEXT_ID>
      <CSA_PROCESS_ID>
        <value/>
        <type>string</type>
      </CSA_PROCESS_ID>
    </properties>
    <outgoingRelations>
      <relationType>association</relationType>
      <id>1094c880-2b8f-089b-2096-06d2633393ca</id>
      <properties>
        <_enable_modify_during_lifecycle_properties>
          <value/>
          <type>string</type>
        </_enable_modify_during_lifecycle_properties>
        <_modifiable_properties>
          <value/>
          <type>string</type>
        </_modifiable_properties>
        <_relation_type>
          <value>
            <first>Association</first>
            <second>ASSOCIATION</second>
          </value>
          <type>pair</type>
        </_relation_type>
      </properties>
      <relationDescriptorName>roleEnabledOn_Domain_Enabler_f4bade4d_a48d_4f53_80be_5473099458f2_f64de9cc160f4765bf51902f4df3eb2e__VERSION__1^0</relationDescriptorName>
      <topologyResource>
        <id>0adcefd3-c1a6-db4e-c4ca-07214c523932</id>
      </topologyResource>
    </outgoingRelations>
    <tags>
      <uniqueName>
        <value>InstallHyper-V0002</value>
      </uniqueName>
      <displayName>
        <value>Install Hyper-V</value>
      </displayName>
      <x>
        <value>392</value>
      </x>
      <description/>
      <y>
        <value>590</value>
      </y>
    </tags>
  </resources>
  <resources>
    <id>eaec7f16-e015-29fc-2fee-b7d12efd9148</id>
    <name>Domain Controller</name>
    <componentType>
      <groupId>com.hp.csa.type.VMWARE_VCENTER</groupId>
      <artifactId>BLDCv2_vCenter_Server_a7f8e9eb_8390_4bbf_ac6f_1b9ea098d5fa_609c4e6f4ffe4432af5d7507de320dfb</artifactId>
      <version>1.0</version>
    </componentType>
    <properties>
      <customizationSpecXml>
        <value/>
        <type>string</type>
      </customizationSpecXml>
      <customizationSpec>
        <value/>
        <type>string</type>
      </customizationSpec>
      <domainAdminPassword>
        <value>ENC(Z8THUsei208GlLMRn4bqW8vFa4eyE3Cd3zS+jF1NeCO7AmSmZpWLcC4QiA4vYVMJ)</value>
        <type>string_encrypted</type>
      </domainAdminPassword>
      <domainAdminUser>
        <value>Administrator</value>
        <type>string</type>
      </domainAdminUser>
      <vmResourcePool>
        <value/>
        <type>string</type>
      </vmResourcePool>
      <CSA_CONTEXT_ID>
        <value/>
        <type>string</type>
      </CSA_CONTEXT_ID>
      <Memory>
        <value>4096</value>
        <type>string</type>
      </Memory>
      <memberName>
        <value/>
        <type>string</type>
      </memberName>
      <hostSystem>
        <value/>
        <type>string</type>
      </hostSystem>
      <password>
        <value>ENC(lHVsz49wCBN6Qi9i/eLdt8E6jacpetgusfyPj3eEi0P+gkRzXv2pcnnhZJoxalJF)</value>
        <type>string_encrypted</type>
      </password>
      <protocol>
        <value>https</value>
        <type>string</type>
      </protocol>
      <_enable_modify_during_lifecycle_properties>
        <value></value>
        <type>string</type>
      </_enable_modify_during_lifecycle_properties>
      <dcName>
        <value/>
        <type>string</type>
      </dcName>
      <vmFolder>
        <value>/</value>
        <type>string</type>
      </vmFolder>
      <clusterName>
        <value/>
        <type>string</type>
      </clusterName>
      <host>
        <value>10.208.77.247</value>
        <type>string</type>
      </host>
      <memberAdminPassword>
        <value>ENC(w9HJfmXYMFbJy+01o2g8Gocj3GTTPCmsS6qIBCrkX4Zr7tbXPwtZmvbynEyOyn4j)</value>
        <type>string_encrypted</type>
      </memberAdminPassword>
      <vmID>
        <value/>
        <type>string</type>
      </vmID>
      <memberAdminUser>
        <value>Administrator</value>
        <type>string</type>
      </memberAdminUser>
      <ipAddress>
        <value>10.208.77.7</value>
        <type>string</type>
      </ipAddress>
      <_modifiable_properties>
        <value></value>
        <type>string</type>
      </_modifiable_properties>
      <availableCPU>
        <value>16</value>
        <type>string</type>
      </availableCPU>
      <vmNamePrefix>
        <value>ms-dc-</value>
        <type>string</type>
      </vmNamePrefix>
      <subnetMask>
        <value>255.255.255.0</value>
        <type>string</type>
      </subnetMask>
      <CSA_PROCESS_ID>
        <value/>
        <type>string</type>
      </CSA_PROCESS_ID>
      <targetIp>
        <value/>
        <type>string</type>
      </targetIp>
      <vmHostname>
        <value/>
        <type>string</type>
      </vmHostname>
      <availableMemory>
        <value>10240</value>
        <type>string</type>
      </availableMemory>
      <CPUs>
        <value>2</value>
        <type>string</type>
      </CPUs>
      <port>
        <value>443</value>
        <type>string</type>
      </port>
      <templateName>
        <value>Win2k12_NestedHyperV_Enabled</value>
        <type>string</type>
      </templateName>
      <customizationTemplateName>
        <value>WindowsDefault</value>
        <type>string</type>
      </customizationTemplateName>
      <domainName>
        <value/>
        <type>string</type>
      </domainName>
      <dataStore>
        <value/>
        <type>string</type>
      </dataStore>
      <gatewayIpList>
        <value>10.208.77.1</value>
        <type>string</type>
      </gatewayIpList>
      <vmDatacenter>
        <value>BLDCv2</value>
        <type>string</type>
      </vmDatacenter>
      <user>
        <value>ENC(OBnkNXA1Ki3qyp1CxiXUcSQi+RPgqqvliZBaivnW/Tg1+mdEwbSJbSA8Y2HGlBX3OvWxOPAmZwilO8WUJg9rnn7IUq7kdszP)</value>
        <type>string_encrypted</type>
      </user>
      <ipType>
        <value>STATIC</value>
        <type>string</type>
      </ipType>
      <dnsServerIpList>
        <value>10.208.77.7</value>
        <type>string</type>
      </dnsServerIpList>
    </properties>
    <tags>
      <uniqueName>
        <value>DomainController0001</value>
      </uniqueName>
      <displayName>
        <value>Domain Controller</value>
      </displayName>
      <x>
        <value>958</value>
      </x>
      <description/>
      <y>
        <value>930</value>
      </y>
    </tags>
  </resources>
  <resources>
    <id>393c39bf-19d1-4db1-cf28-088f0070d27b</id>
    <name>Join the Host to Domain</name>
    <componentType>
      <groupId>com.hp.csa.type</groupId>
      <artifactId>BLDCv2_Domain_Enabler_8f3bb0ca_68ea_4442_9b9e_e00d27ab9a4a_7bc2406fe21f4750a883bc7864a476de</artifactId>
      <version>1.0</version>
    </componentType>
    <properties>
      <targetIp>
        <value/>
        <type>string</type>
      </targetIp>
      <domainAdminPassword>
        <value>ENC(HgjekVO2MHAzrYLK0tnjOCslMwGLU4HHCSyJw/DeJ3BK1u+JKVq4x731RRQmYaQK)</value>
        <type>string_encrypted</type>
      </domainAdminPassword>
      <domainAdminUser>
        <value>Administrator</value>
        <type>string</type>
      </domainAdminUser>
      <CSA_CONTEXT_ID>
        <value/>
        <type>string</type>
      </CSA_CONTEXT_ID>
      <dcName>
        <value/>
        <type>string</type>
      </dcName>
      <domainName>
        <value/>
        <type>string</type>
      </domainName>
      <memberAdminUser>
        <value>Administrator</value>
        <type>string</type>
      </memberAdminUser>
      <memberName>
        <value/>
        <type>string</type>
      </memberName>
      <CSA_PROCESS_ID>
        <value/>
        <type>string</type>
      </CSA_PROCESS_ID>
      <memberAdminPassword>
        <value>ENC(PWN+1A0XRr/rRWymuIRyPRyx9bDz2P4vjJSYzp0xwQSxDt0CTNwM4sBFpXNB9ytN)</value>
        <type>string_encrypted</type>
      </memberAdminPassword>
    </properties>
    <outgoingRelations>
      <relationType>association</relationType>
      <id>4b534838-6cc9-c83c-8fb5-74dc86116174</id>
      <properties>
        <_enable_modify_during_lifecycle_properties>
          <value/>
          <type>string</type>
        </_enable_modify_during_lifecycle_properties>
        <_modifiable_properties>
          <value/>
          <type>string</type>
        </_modifiable_properties>
        <_relation_type>
          <value>
            <first>Association</first>
            <second>ASSOCIATION</second>
          </value>
          <type>pair</type>
        </_relation_type>
      </properties>
      <relationDescriptorName>enables_BLDCv2_Domain_Enabler_8f3bb0ca_68ea_4442_9b9e_e00d27ab9a4a_7bc2406fe21f4750a883bc7864a476de__VERSION__1^0</relationDescriptorName>
      <topologyResource>
        <id>6729a5ce-aee5-f203-ff67-2ad63238efd9</id>
      </topologyResource>
    </outgoingRelations>
    <outgoingRelations>
      <relationType>association</relationType>
      <id>a0a0cb9b-0aca-16d0-b058-dc16c5f7d6ae</id>
      <properties>
        <_enable_modify_during_lifecycle_properties>
          <value/>
          <type>string</type>
        </_enable_modify_during_lifecycle_properties>
        <_modifiable_properties>
          <value/>
          <type>string</type>
        </_modifiable_properties>
        <_relation_type>
          <value>
            <first>Association</first>
            <second>ASSOCIATION</second>
          </value>
          <type>pair</type>
        </_relation_type>
      </properties>
      <relationDescriptorName>readsFrom_BLDCv2_Domain_Enabler_8f3bb0ca_68ea_4442_9b9e_e00d27ab9a4a_7bc2406fe21f4750a883bc7864a476de__VERSION__1^0</relationDescriptorName>
      <topologyResource>
        <id>34bc27d8-3d52-d032-325a-77f30a442238</id>
      </topologyResource>
    </outgoingRelations>
    <tags>
      <uniqueName>
        <value>JointheHosttoDom0001</value>
      </uniqueName>
      <displayName>
        <value>Join the Host to Domain</value>
      </displayName>
      <x>
        <value>216</value>
      </x>
      <description/>
      <y>
        <value>590</value>
      </y>
    </tags>
  </resources>
  <resources>
    <id>34bc27d8-3d52-d032-325a-77f30a442238</id>
    <name>Install AD Domain Services</name>
    <componentType>
      <groupId>com.hp.csa.type</groupId>
      <artifactId>AD_Domain_Enabler_c8e7e69f_e7dd_4a89_8190_755023b3afea_fc5d79bb06504e59a716727228c58ec5</artifactId>
      <version>1.0</version>
    </componentType>
    <properties>
      <targetIp>
        <value/>
        <type>string</type>
      </targetIp>
      <hostName>
        <value/>
        <type>string</type>
      </hostName>
      <CSA_CONTEXT_ID>
        <value/>
        <type>string</type>
      </CSA_CONTEXT_ID>
      <vmID>
        <value/>
        <type>string</type>
      </vmID>
      <domainName>
        <value>dccoe.wipro.com</value>
        <type>string</type>
      </domainName>
      <CSA_PROCESS_ID>
        <value/>
        <type>string</type>
      </CSA_PROCESS_ID>
      <domainNetbiosName>
        <value>dccoe</value>
        <type>string</type>
      </domainNetbiosName>
    </properties>
    <outgoingRelations>
      <relationType>association</relationType>
      <id>08b00c59-a6a2-e901-9245-f7c01cbd4b5f</id>
      <properties>
        <_enable_modify_during_lifecycle_properties>
          <value/>
          <type>string</type>
        </_enable_modify_during_lifecycle_properties>
        <_modifiable_properties>
          <value/>
          <type>string</type>
        </_modifiable_properties>
        <_relation_type>
          <value>
            <first>Association</first>
            <second>ASSOCIATION</second>
          </value>
          <type>pair</type>
        </_relation_type>
      </properties>
      <relationDescriptorName>roleEnabledOn_AD_Domain_Enabler_c8e7e69f_e7dd_4a89_8190_755023b3afea_fc5d79bb06504e59a716727228c58ec5__VERSION__1^0</relationDescriptorName>
      <topologyResource>
        <id>eaec7f16-e015-29fc-2fee-b7d12efd9148</id>
      </topologyResource>
    </outgoingRelations>
    <tags>
      <uniqueName>
        <value>InstallADDomainS0001</value>
      </uniqueName>
      <displayName>
        <value>Install AD Domain Services</value>
      </displayName>
      <x>
        <value>958</value>
      </x>
      <description/>
      <y>
        <value>760</value>
      </y>
    </tags>
  </resources>
  <resources>
    <id>6729a5ce-aee5-f203-ff67-2ad63238efd9</id>
    <name>Hyper-V Host</name>
    <componentType>
      <groupId>com.hp.csa.type.VMWARE_VCENTER</groupId>
      <artifactId>BLDCv2_vCenter_Server_a7f8e9eb_8390_4bbf_ac6f_1b9ea098d5fa_609c4e6f4ffe4432af5d7507de320dfb</artifactId>
      <version>1.0</version>
    </componentType>
    <properties>
      <customizationSpecXml>
        <value/>
        <type>string</type>
      </customizationSpecXml>
      <customizationSpec>
        <value/>
        <type>string</type>
      </customizationSpec>
      <domainAdminPassword>
        <value>ENC(W9jGzNd2h3eCu+8ZKDpgf0uKfHUEk7lfGBc/J5wdcSSHbVXDqwA3RVdVn6nnkypV)</value>
        <type>string_encrypted</type>
      </domainAdminPassword>
      <domainAdminUser>
        <value>Administrator</value>
        <type>string</type>
      </domainAdminUser>
      <vmResourcePool>
        <value/>
        <type>string</type>
      </vmResourcePool>
      <CSA_CONTEXT_ID>
        <value/>
        <type>string</type>
      </CSA_CONTEXT_ID>
      <Memory>
        <value>4096</value>
        <type>string</type>
      </Memory>
      <memberName>
        <value/>
        <type>string</type>
      </memberName>
      <hostSystem>
        <value/>
        <type>string</type>
      </hostSystem>
      <password>
        <value>ENC(yCTAgP8kuLD24ZYovKehzzSi7+xESR/DuqqUq3BFIU/q8uO+QR0IKn0sJTtzT164)</value>
        <type>string_encrypted</type>
      </password>
      <protocol>
        <value>https</value>
        <type>string</type>
      </protocol>
      <_enable_modify_during_lifecycle_properties>
        <value></value>
        <type>string</type>
      </_enable_modify_during_lifecycle_properties>
      <dcName>
        <value/>
        <type>string</type>
      </dcName>
      <vmFolder>
        <value>/</value>
        <type>string</type>
      </vmFolder>
      <clusterName>
        <value/>
        <type>string</type>
      </clusterName>
      <host>
        <value>10.208.77.247</value>
        <type>string</type>
      </host>
      <memberAdminPassword>
        <value>ENC(uucA8CC9i+QDrcqZKfgJUSvhl3MKG8rvf81XUf4r3qqcMrVgFpw2KF0J8NoVb3zr)</value>
        <type>string_encrypted</type>
      </memberAdminPassword>
      <vmID>
        <value/>
        <type>string</type>
      </vmID>
      <memberAdminUser>
        <value>Administrator</value>
        <type>string</type>
      </memberAdminUser>
      <ipAddress>
        <value>10.208.77.8</value>
        <type>string</type>
      </ipAddress>
      <_modifiable_properties>
        <value></value>
        <type>string</type>
      </_modifiable_properties>
      <availableCPU>
        <value>16</value>
        <type>string</type>
      </availableCPU>
      <vmNamePrefix>
        <value>ms-hv-</value>
        <type>string</type>
      </vmNamePrefix>
      <subnetMask>
        <value>255.255.255.0</value>
        <type>string</type>
      </subnetMask>
      <CSA_PROCESS_ID>
        <value/>
        <type>string</type>
      </CSA_PROCESS_ID>
      <targetIp>
        <value/>
        <type>string</type>
      </targetIp>
      <vmHostname>
        <value/>
        <type>string</type>
      </vmHostname>
      <availableMemory>
        <value>10240</value>
        <type>string</type>
      </availableMemory>
      <CPUs>
        <value>2</value>
        <type>string</type>
      </CPUs>
      <port>
        <value>443</value>
        <type>string</type>
      </port>
      <templateName>
        <value>Win2k12_NestedHyperV_Enabled</value>
        <type>string</type>
      </templateName>
      <customizationTemplateName>
        <value>WindowsDefault</value>
        <type>string</type>
      </customizationTemplateName>
      <domainName>
        <value/>
        <type>string</type>
      </domainName>
      <dataStore>
        <value/>
        <type>string</type>
      </dataStore>
      <gatewayIpList>
        <value>10.208.77.1</value>
        <type>string</type>
      </gatewayIpList>
      <vmDatacenter>
        <value>BLDCv2</value>
        <type>string</type>
      </vmDatacenter>
      <user>
        <value>ENC(EY8zn1+qYFAPeei4pTyrh9PK9rQDboQ/nEjLj2ApvEUQZgiuut2d+1r8ZDDS3AwXp4MMom5UuZO4BDBEJ6orF4QcXxsu2oBU)</value>
        <type>string_encrypted</type>
      </user>
      <ipType>
        <value>STATIC</value>
        <type>string</type>
      </ipType>
      <dnsServerIpList>
        <value>10.208.77.7</value>
        <type>string</type>
      </dnsServerIpList>
    </properties>
    <tags>
      <uniqueName>
        <value>Hyper-VHost0001</value>
      </uniqueName>
      <displayName>
        <value>Hyper-V Host</value>
      </displayName>
      <x>
        <value>131</value>
      </x>
      <description/>
      <y>
        <value>760</value>
      </y>
    </tags>
  </resources>
  <resources>
    <id>0adcefd3-c1a6-db4e-c4ca-07214c523932</id>
    <name>Hyper-V Host</name>
    <componentType>
      <groupId>com.hp.csa.type.VMWARE_VCENTER</groupId>
      <artifactId>BLDCv2_vCenter_Server_a7f8e9eb_8390_4bbf_ac6f_1b9ea098d5fa_609c4e6f4ffe4432af5d7507de320dfb</artifactId>
      <version>1.0</version>
    </componentType>
    <properties>
      <customizationSpecXml>
        <value/>
        <type>string</type>
      </customizationSpecXml>
      <customizationSpec>
        <value/>
        <type>string</type>
      </customizationSpec>
      <domainAdminPassword>
        <value>ENC(/CTO1qIfzIgMTvxOHdLODqouaiX+yI5mnTJIK4Pbyq856qdNCLvXf/2RfYa8TgHq)</value>
        <type>string_encrypted</type>
      </domainAdminPassword>
      <domainAdminUser>
        <value>Administrator</value>
        <type>string</type>
      </domainAdminUser>
      <vmResourcePool>
        <value/>
        <type>string</type>
      </vmResourcePool>
      <CSA_CONTEXT_ID>
        <value/>
        <type>string</type>
      </CSA_CONTEXT_ID>
      <Memory>
        <value>4096</value>
        <type>string</type>
      </Memory>
      <memberName>
        <value/>
        <type>string</type>
      </memberName>
      <hostSystem>
        <value/>
        <type>string</type>
      </hostSystem>
      <password>
        <value>ENC(DLuUw95oXTL7eKMLg3OBJLLxtNgT/B5zaumFQTAc/HQ6PSeVkBCjtLN5ReFBmBYJ)</value>
        <type>string_encrypted</type>
      </password>
      <protocol>
        <value>https</value>
        <type>string</type>
      </protocol>
      <_enable_modify_during_lifecycle_properties>
        <value></value>
        <type>string</type>
      </_enable_modify_during_lifecycle_properties>
      <dcName>
        <value/>
        <type>string</type>
      </dcName>
      <vmFolder>
        <value>/</value>
        <type>string</type>
      </vmFolder>
      <clusterName>
        <value/>
        <type>string</type>
      </clusterName>
      <host>
        <value>10.208.77.247</value>
        <type>string</type>
      </host>
      <memberAdminPassword>
        <value>ENC(c6TF/8wJS5D3kRhpMe/wYe2p0YgiaDqBgz5NEDbmk9gx4Q7v23QJxQ9s6rTILWxI)</value>
        <type>string_encrypted</type>
      </memberAdminPassword>
      <vmID>
        <value/>
        <type>string</type>
      </vmID>
      <memberAdminUser>
        <value>Administrator</value>
        <type>string</type>
      </memberAdminUser>
      <ipAddress>
        <value>10.208.77.9</value>
        <type>string</type>
      </ipAddress>
      <_modifiable_properties>
        <value></value>
        <type>string</type>
      </_modifiable_properties>
      <availableCPU>
        <value>16</value>
        <type>string</type>
      </availableCPU>
      <vmNamePrefix>
        <value>ms-hv-</value>
        <type>string</type>
      </vmNamePrefix>
      <subnetMask>
        <value>255.255.255.0</value>
        <type>string</type>
      </subnetMask>
      <CSA_PROCESS_ID>
        <value/>
        <type>string</type>
      </CSA_PROCESS_ID>
      <targetIp>
        <value/>
        <type>string</type>
      </targetIp>
      <vmHostname>
        <value/>
        <type>string</type>
      </vmHostname>
      <availableMemory>
        <value>10240</value>
        <type>string</type>
      </availableMemory>
      <CPUs>
        <value>2</value>
        <type>string</type>
      </CPUs>
      <port>
        <value>443</value>
        <type>string</type>
      </port>
      <templateName>
        <value>Win2k12_NestedHyperV_Enabled</value>
        <type>string</type>
      </templateName>
      <customizationTemplateName>
        <value>WindowsDefault</value>
        <type>string</type>
      </customizationTemplateName>
      <domainName>
        <value/>
        <type>string</type>
      </domainName>
      <dataStore>
        <value/>
        <type>string</type>
      </dataStore>
      <gatewayIpList>
        <value>10.208.77.1</value>
        <type>string</type>
      </gatewayIpList>
      <vmDatacenter>
        <value>BLDCv2</value>
        <type>string</type>
      </vmDatacenter>
      <user>
        <value>ENC(C5iyUsmdb7c/2GBVfACCJ3CLDKdcRR8YJg9O56Ddbajaxb02P26/3x80mwa9FkWLowMgYkAg105LCJapOkALpIuX/uNNVeac)</value>
        <type>string_encrypted</type>
      </user>
      <ipType>
        <value>STATIC</value>
        <type>string</type>
      </ipType>
      <dnsServerIpList>
        <value>10.208.77.7</value>
        <type>string</type>
      </dnsServerIpList>
    </properties>
    <tags>
      <uniqueName>
        <value>Hyper-VHost0002</value>
      </uniqueName>
      <displayName>
        <value>Hyper-V Host</value>
      </displayName>
      <x>
        <value>480</value>
      </x>
      <description/>
      <y>
        <value>760</value>
      </y>
    </tags>
  </resources>
  <resources>
    <id>fcc2aeb5-d54f-7202-c38b-27174bae2385</id>
    <name>Join the Host to Domain</name>
    <componentType>
      <groupId>com.hp.csa.type</groupId>
      <artifactId>BLDCv2_Domain_Enabler_8f3bb0ca_68ea_4442_9b9e_e00d27ab9a4a_7bc2406fe21f4750a883bc7864a476de</artifactId>
      <version>1.0</version>
    </componentType>
    <properties>
      <targetIp>
        <value/>
        <type>string</type>
      </targetIp>
      <domainAdminPassword>
        <value>ENC(7HGNX+X57PyCKURPh/2BnC9PTWwbnnnYerKgGCp47pcmwP2EO/VpUXDcCQR0sCS6)</value>
        <type>string_encrypted</type>
      </domainAdminPassword>
      <domainAdminUser>
        <value>Administrator</value>
        <type>string</type>
      </domainAdminUser>
      <CSA_CONTEXT_ID>
        <value/>
        <type>string</type>
      </CSA_CONTEXT_ID>
      <dcName>
        <value/>
        <type>string</type>
      </dcName>
      <domainName>
        <value/>
        <type>string</type>
      </domainName>
      <memberAdminUser>
        <value>Administrator</value>
        <type>string</type>
      </memberAdminUser>
      <memberName>
        <value/>
        <type>string</type>
      </memberName>
      <CSA_PROCESS_ID>
        <value/>
        <type>string</type>
      </CSA_PROCESS_ID>
      <memberAdminPassword>
        <value>ENC(O+WXblkyIthAaGHtOqmBRtgHM9fJi4I0RLH+XrfIsN5iTDI8a6tGsGiospm40Wv/)</value>
        <type>string_encrypted</type>
      </memberAdminPassword>
    </properties>
    <outgoingRelations>
      <relationType>association</relationType>
      <id>7751b13a-23bf-c6d4-70ed-8a891bef80cf</id>
      <properties>
        <_enable_modify_during_lifecycle_properties>
          <value/>
          <type>string</type>
        </_enable_modify_during_lifecycle_properties>
        <_modifiable_properties>
          <value/>
          <type>string</type>
        </_modifiable_properties>
        <_relation_type>
          <value>
            <first>Association</first>
            <second>ASSOCIATION</second>
          </value>
          <type>pair</type>
        </_relation_type>
      </properties>
      <relationDescriptorName>enables_BLDCv2_Domain_Enabler_8f3bb0ca_68ea_4442_9b9e_e00d27ab9a4a_7bc2406fe21f4750a883bc7864a476de__VERSION__1^0</relationDescriptorName>
      <topologyResource>
        <id>0adcefd3-c1a6-db4e-c4ca-07214c523932</id>
      </topologyResource>
    </outgoingRelations>
    <outgoingRelations>
      <relationType>association</relationType>
      <id>eaa09802-1d68-3c82-93f3-150f4f266c1f</id>
      <properties>
        <_enable_modify_during_lifecycle_properties>
          <value/>
          <type>string</type>
        </_enable_modify_during_lifecycle_properties>
        <_modifiable_properties>
          <value/>
          <type>string</type>
        </_modifiable_properties>
        <_relation_type>
          <value>
            <first>Association</first>
            <second>ASSOCIATION</second>
          </value>
          <type>pair</type>
        </_relation_type>
      </properties>
      <relationDescriptorName>readsFrom_BLDCv2_Domain_Enabler_8f3bb0ca_68ea_4442_9b9e_e00d27ab9a4a_7bc2406fe21f4750a883bc7864a476de__VERSION__1^0</relationDescriptorName>
      <topologyResource>
        <id>34bc27d8-3d52-d032-325a-77f30a442238</id>
      </topologyResource>
    </outgoingRelations>
    <tags>
      <uniqueName>
        <value>JointheHosttoDom0002</value>
      </uniqueName>
      <displayName>
        <value>Join the Host to Domain</value>
      </displayName>
      <x>
        <value>568</value>
      </x>
      <description/>
      <y>
        <value>590</value>
      </y>
    </tags>
  </resources>
  <resources>
    <id>763028ac-a26c-5d98-f3ff-ab5105eecf66</id>
    <name>Join the Host to Domain</name>
    <componentType>
      <groupId>com.hp.csa.type</groupId>
      <artifactId>BLDCv2_Domain_Enabler_8f3bb0ca_68ea_4442_9b9e_e00d27ab9a4a_7bc2406fe21f4750a883bc7864a476de</artifactId>
      <version>1.0</version>
    </componentType>
    <properties>
      <targetIp>
        <value/>
        <type>string</type>
      </targetIp>
      <domainAdminPassword>
        <value>ENC(1CYIopDJxNGgZFbrBUVXOcN2PGq78cLJqvTaPGdg1iHR0AornMbiWk7od6fRy+kM)</value>
        <type>string_encrypted</type>
      </domainAdminPassword>
      <domainAdminUser>
        <value>Administrator</value>
        <type>string</type>
      </domainAdminUser>
      <CSA_CONTEXT_ID>
        <value/>
        <type>string</type>
      </CSA_CONTEXT_ID>
      <dcName>
        <value/>
        <type>string</type>
      </dcName>
      <domainName>
        <value/>
        <type>string</type>
      </domainName>
      <memberAdminUser>
        <value>Administrator</value>
        <type>string</type>
      </memberAdminUser>
      <memberName>
        <value/>
        <type>string</type>
      </memberName>
      <CSA_PROCESS_ID>
        <value/>
        <type>string</type>
      </CSA_PROCESS_ID>
      <memberAdminPassword>
        <value>ENC(fzIN8wnlTocCFTzjIL9kQhdc26biGkkufodympYdhRGGgJEknCr9DsHSqULGn3XD)</value>
        <type>string_encrypted</type>
      </memberAdminPassword>
    </properties>
    <outgoingRelations>
      <relationType>association</relationType>
      <id>50d917b8-974e-5e0a-4dec-1d4713f2c60a</id>
      <properties>
        <_enable_modify_during_lifecycle_properties>
          <value/>
          <type>string</type>
        </_enable_modify_during_lifecycle_properties>
        <_modifiable_properties>
          <value/>
          <type>string</type>
        </_modifiable_properties>
        <_relation_type>
          <value>
            <first>Association</first>
            <second>ASSOCIATION</second>
          </value>
          <type>pair</type>
        </_relation_type>
      </properties>
      <relationDescriptorName>enables_BLDCv2_Domain_Enabler_8f3bb0ca_68ea_4442_9b9e_e00d27ab9a4a_7bc2406fe21f4750a883bc7864a476de__VERSION__1^0</relationDescriptorName>
      <topologyResource>
        <id>896772b8-c0dd-6c85-3435-0aa1a58b26a6</id>
      </topologyResource>
    </outgoingRelations>
    <outgoingRelations>
      <relationType>association</relationType>
      <id>62bbd26a-80b5-05a9-c807-de9038e7da7d</id>
      <properties>
        <_enable_modify_during_lifecycle_properties>
          <value/>
          <type>string</type>
        </_enable_modify_during_lifecycle_properties>
        <_modifiable_properties>
          <value/>
          <type>string</type>
        </_modifiable_properties>
        <_relation_type>
          <value>
            <first>Association</first>
            <second>ASSOCIATION</second>
          </value>
          <type>pair</type>
        </_relation_type>
      </properties>
      <relationDescriptorName>readsFrom_BLDCv2_Domain_Enabler_8f3bb0ca_68ea_4442_9b9e_e00d27ab9a4a_7bc2406fe21f4750a883bc7864a476de__VERSION__1^0</relationDescriptorName>
      <topologyResource>
        <id>34bc27d8-3d52-d032-325a-77f30a442238</id>
      </topologyResource>
    </outgoingRelations>
    <tags>
      <uniqueName>
        <value>JointheHosttoDom0003</value>
      </uniqueName>
      <displayName>
        <value>Join the Host to Domain</value>
      </displayName>
      <x>
        <value>1546</value>
      </x>
      <description/>
      <y>
        <value>590</value>
      </y>
    </tags>
  </resources>
  <resources>
    <id>896772b8-c0dd-6c85-3435-0aa1a58b26a6</id>
    <name>SCVMM Server with SQL</name>
    <componentType>
      <groupId>com.hp.csa.type.VMWARE_VCENTER</groupId>
      <artifactId>BLDCv2_vCenter_Server_a7f8e9eb_8390_4bbf_ac6f_1b9ea098d5fa_609c4e6f4ffe4432af5d7507de320dfb</artifactId>
      <version>1.0</version>
    </componentType>
    <properties>
      <customizationSpecXml>
        <value/>
        <type>string</type>
      </customizationSpecXml>
      <customizationSpec>
        <value/>
        <type>string</type>
      </customizationSpec>
      <domainAdminPassword>
        <value>ENC(ffYtJp5LVj6RUGAbEmIcvGhhjcmz/566U7etYJysMQleiROac67h6PLITLQfzcll)</value>
        <type>string_encrypted</type>
      </domainAdminPassword>
      <domainAdminUser>
        <value>Administrator</value>
        <type>string</type>
      </domainAdminUser>
      <vmResourcePool>
        <value/>
        <type>string</type>
      </vmResourcePool>
      <CSA_CONTEXT_ID>
        <value/>
        <type>string</type>
      </CSA_CONTEXT_ID>
      <Memory>
        <value>4096</value>
        <type>string</type>
      </Memory>
      <memberName>
        <value/>
        <type>string</type>
      </memberName>
      <hostSystem>
        <value/>
        <type>string</type>
      </hostSystem>
      <password>
        <value>ENC(98PsnbeozxiSOiiOjjZKqmJ/dsxv5wda27dH/53sJrt86ZlzOJDrqBpaxso2Um5B)</value>
        <type>string_encrypted</type>
      </password>
      <protocol>
        <value>https</value>
        <type>string</type>
      </protocol>
      <_enable_modify_during_lifecycle_properties>
        <value></value>
        <type>string</type>
      </_enable_modify_during_lifecycle_properties>
      <dcName>
        <value/>
        <type>string</type>
      </dcName>
      <vmFolder>
        <value>/</value>
        <type>string</type>
      </vmFolder>
      <clusterName>
        <value/>
        <type>string</type>
      </clusterName>
      <host>
        <value>10.208.77.247</value>
        <type>string</type>
      </host>
      <memberAdminPassword>
        <value>ENC(3SYdsA6AR9hMtu6JNbkWzKhwoQKk3YSGUZedo7Ka4S44F1s+prOAIYBd0wGgD9uA)</value>
        <type>string_encrypted</type>
      </memberAdminPassword>
      <vmID>
        <value/>
        <type>string</type>
      </vmID>
      <memberAdminUser>
        <value>Administrator</value>
        <type>string</type>
      </memberAdminUser>
      <ipAddress>
        <value>10.208.77.11</value>
        <type>string</type>
      </ipAddress>
      <_modifiable_properties>
        <value></value>
        <type>string</type>
      </_modifiable_properties>
      <availableCPU>
        <value>16</value>
        <type>string</type>
      </availableCPU>
      <vmNamePrefix>
        <value>ms-vmm-</value>
        <type>string</type>
      </vmNamePrefix>
      <subnetMask>
        <value>255.255.255.0</value>
        <type>string</type>
      </subnetMask>
      <CSA_PROCESS_ID>
        <value/>
        <type>string</type>
      </CSA_PROCESS_ID>
      <targetIp>
        <value/>
        <type>string</type>
      </targetIp>
      <vmHostname>
        <value/>
        <type>string</type>
      </vmHostname>
      <availableMemory>
        <value>10240</value>
        <type>string</type>
      </availableMemory>
      <CPUs>
        <value>2</value>
        <type>string</type>
      </CPUs>
      <port>
        <value>443</value>
        <type>string</type>
      </port>
      <templateName>
        <value>SQL2K12SP1</value>
        <type>string</type>
      </templateName>
      <customizationTemplateName>
        <value>WindowsDefault</value>
        <type>string</type>
      </customizationTemplateName>
      <domainName>
        <value/>
        <type>string</type>
      </domainName>
      <dataStore>
        <value/>
        <type>string</type>
      </dataStore>
      <gatewayIpList>
        <value>10.208.77.1</value>
        <type>string</type>
      </gatewayIpList>
      <vmDatacenter>
        <value>BLDCv2</value>
        <type>string</type>
      </vmDatacenter>
      <user>
        <value>ENC(fO1WnHQIK88kJTQWB0h5R94g5bGfAIf4yckI2PkFe0VU5J9q+66OKaZEQiT1yz2utO1izY5fPo+YzmHWW8x5R5ZT7l/P7g5g)</value>
        <type>string_encrypted</type>
      </user>
      <ipType>
        <value>STATIC</value>
        <type>string</type>
      </ipType>
      <dnsServerIpList>
        <value>10.208.77.7</value>
        <type>string</type>
      </dnsServerIpList>
    </properties>
    <tags>
      <uniqueName>
        <value>SCVMMServerwithS0001</value>
      </uniqueName>
      <displayName>
        <value>SCVMM Server with SQL</value>
      </displayName>
      <x>
        <value>1935</value>
      </x>
      <description/>
      <y>
        <value>760</value>
      </y>
    </tags>
  </resources>
  <resources>
    <id>f6f52df7-8e13-4acf-e608-1c046101fc23</id>
    <name>SQL Configurator</name>
    <componentType>
      <groupId>com.hp.csa.type</groupId>
      <artifactId>SQL_Configurator_0bf0717e_cd83_4517_a041_3d7e2eed5fff_7e6ff477bdf84b9c85f25527a4326f54</artifactId>
      <version>1.0</version>
    </componentType>
    <properties>
      <hostName>
        <value/>
        <type>string</type>
      </hostName>
      <CSA_CONTEXT_ID>
        <value/>
        <type>string</type>
      </CSA_CONTEXT_ID>
      <domainName>
        <value/>
        <type>string</type>
      </domainName>
      <CSA_PROCESS_ID>
        <value/>
        <type>string</type>
      </CSA_PROCESS_ID>
    </properties>
    <outgoingRelations>
      <relationType>association</relationType>
      <id>6b4fc694-e91d-4f17-8604-c37a7f4a2393</id>
      <properties>
        <_enable_modify_during_lifecycle_properties>
          <value/>
          <type>string</type>
        </_enable_modify_during_lifecycle_properties>
        <_modifiable_properties>
          <value/>
          <type>string</type>
        </_modifiable_properties>
        <_relation_type>
          <value>
            <first>Association</first>
            <second>ASSOCIATION</second>
          </value>
          <type>pair</type>
        </_relation_type>
      </properties>
      <relationDescriptorName>configureOn_SQL_Configurator_0bf0717e_cd83_4517_a041_3d7e2eed5fff_7e6ff477bdf84b9c85f25527a4326f54__VERSION__1^0</relationDescriptorName>
      <topologyResource>
        <id>896772b8-c0dd-6c85-3435-0aa1a58b26a6</id>
      </topologyResource>
    </outgoingRelations>
    <outgoingRelations>
      <relationType>association</relationType>
      <id>812e5793-f6b4-516f-9b91-94b58e9257a5</id>
      <properties>
        <_enable_modify_during_lifecycle_properties>
          <value/>
          <type>string</type>
        </_enable_modify_during_lifecycle_properties>
        <_modifiable_properties>
          <value/>
          <type>string</type>
        </_modifiable_properties>
        <_relation_type>
          <value>
            <first>Association</first>
            <second>ASSOCIATION</second>
          </value>
          <type>pair</type>
        </_relation_type>
      </properties>
      <relationDescriptorName>readsDomainFrom_SQL_Configurator_0bf0717e_cd83_4517_a041_3d7e2eed5fff_7e6ff477bdf84b9c85f25527a4326f54__VERSION__1^0</relationDescriptorName>
      <topologyResource>
        <id>34bc27d8-3d52-d032-325a-77f30a442238</id>
      </topologyResource>
    </outgoingRelations>
    <outgoingRelations>
      <relationType>association</relationType>
      <id>c3ee602a-03f3-3edf-fee8-08fbc3fbda52</id>
      <properties>
        <_enable_modify_during_lifecycle_properties>
          <value/>
          <type>string</type>
        </_enable_modify_during_lifecycle_properties>
        <_modifiable_properties>
          <value/>
          <type>string</type>
        </_modifiable_properties>
        <_relation_type>
          <value>
            <first>Association</first>
            <second>ASSOCIATION</second>
          </value>
          <type>pair</type>
        </_relation_type>
      </properties>
      <relationDescriptorName>dependsOn_SQL_Configurator_0bf0717e_cd83_4517_a041_3d7e2eed5fff_7e6ff477bdf84b9c85f25527a4326f54__VERSION__1^0</relationDescriptorName>
      <topologyResource>
        <id>763028ac-a26c-5d98-f3ff-ab5105eecf66</id>
      </topologyResource>
    </outgoingRelations>
    <tags>
      <uniqueName>
        <value>SQLConfigurator0001</value>
      </uniqueName>
      <displayName>
        <value>SQL Configurator</value>
      </displayName>
      <x>
        <value>1835</value>
      </x>
      <description/>
      <y>
        <value>420</value>
      </y>
    </tags>
  </resources>
  <resources>
    <id>8318fc12-5fcc-3701-02c9-3780d9c4397c</id>
    <name>ADK Installer</name>
    <componentType>
      <groupId>com.hp.csa.type</groupId>
      <artifactId>Software_Installation_08b8d1fa_58d5_4593_ae7b_449de1807e1b_af56e71344614831888023e036013d2f</artifactId>
      <version>1.0</version>
    </componentType>
    <properties>
      <hostName>
        <value>vmm-EdU2UPJF</value>
        <type>string</type>
      </hostName>
      <sourceShare>
        <value>\\10.208.77.176\Netapp_06_SWRepo</value>
        <type>string</type>
      </sourceShare>
      <CSA_CONTEXT_ID>
        <value/>
        <type>string</type>
      </CSA_CONTEXT_ID>
      <sourceShareUser>
        <value>GALAXY\Administrator</value>
        <type>string</type>
      </sourceShareUser>
      <_modifiable_properties>
        <value></value>
        <type>string</type>
      </_modifiable_properties>
      <CSA_PROCESS_ID>
        <value/>
        <type>string</type>
      </CSA_PROCESS_ID>
      <installSignature>
        <value>'C:\Program Files (x86)\Windows Kits'</value>
        <type>string</type>
      </installSignature>
      <installCommandLine>
        <value>.\adksetup.exe /Features OptionId.DeploymentTools OptionId.WindowsPreinstallationEnvironment /norestart /quiet /ceip off</value>
        <type>string</type>
      </installCommandLine>
      <targetIp>
        <value/>
        <type>string</type>
      </targetIp>
      <restartRequired>
        <value>True</value>
        <type>string</type>
      </restartRequired>
      <_enable_modify_during_lifecycle_properties>
        <value></value>
        <type>string</type>
      </_enable_modify_during_lifecycle_properties>
      <runasDomainName>
        <value></value>
        <type>string</type>
      </runasDomainName>
      <sourceSharePassword>
        <value>ENC(rgUyPw1ylG15XCznX8z5IzpAchA+TYzAkr+JOJgo7OekclBrNp3h/HGBjEMa/C7y)</value>
        <type>string_encrypted</type>
      </sourceSharePassword>
      <sourcePath>
        <value>SOFTWARE\microsoft\SCCM\2012\prerequisite_mu_system_center_2012_r2_configuration_manager_2926949\ADK</value>
        <type>string</type>
      </sourcePath>
    </properties>
    <outgoingRelations>
      <relationType>association</relationType>
      <id>f5e3c70a-85f1-aa50-3339-c7590c55c15e</id>
      <properties>
        <_enable_modify_during_lifecycle_properties>
          <value/>
          <type>string</type>
        </_enable_modify_during_lifecycle_properties>
        <_modifiable_properties>
          <value/>
          <type>string</type>
        </_modifiable_properties>
        <_relation_type>
          <value>
            <first>Association</first>
            <second>ASSOCIATION</second>
          </value>
          <type>pair</type>
        </_relation_type>
      </properties>
      <relationDescriptorName>installsOn_Software_Installation_08b8d1fa_58d5_4593_ae7b_449de1807e1b_af56e71344614831888023e036013d2f__VERSION__1^0</relationDescriptorName>
      <topologyResource>
        <id>896772b8-c0dd-6c85-3435-0aa1a58b26a6</id>
      </topologyResource>
    </outgoingRelations>
    <outgoingRelations>
      <relationType>association</relationType>
      <id>4e814751-e067-a9e0-7bfc-5d0431d47aaf</id>
      <properties>
        <_enable_modify_during_lifecycle_properties>
          <value/>
          <type>string</type>
        </_enable_modify_during_lifecycle_properties>
        <_modifiable_properties>
          <value/>
          <type>string</type>
        </_modifiable_properties>
        <_relation_type>
          <value>
            <first>Association</first>
            <second>ASSOCIATION</second>
          </value>
          <type>pair</type>
        </_relation_type>
      </properties>
      <relationDescriptorName>readsDomainFrom_Software_Installation_08b8d1fa_58d5_4593_ae7b_449de1807e1b_af56e71344614831888023e036013d2f__VERSION__1^0</relationDescriptorName>
      <topologyResource>
        <id>34bc27d8-3d52-d032-325a-77f30a442238</id>
      </topologyResource>
    </outgoingRelations>
    <outgoingRelations>
      <relationType>association</relationType>
      <id>0eec1a1f-b76d-a605-e69c-ecb42cc9757d</id>
      <properties>
        <_enable_modify_during_lifecycle_properties>
          <value/>
          <type>string</type>
        </_enable_modify_during_lifecycle_properties>
        <_modifiable_properties>
          <value/>
          <type>string</type>
        </_modifiable_properties>
        <_relation_type>
          <value>
            <first>Association</first>
            <second>ASSOCIATION</second>
          </value>
          <type>pair</type>
        </_relation_type>
      </properties>
      <relationDescriptorName>domainAccountDependsOn_Software_Installation_08b8d1fa_58d5_4593_ae7b_449de1807e1b_af56e71344614831888023e036013d2f__VERSION__1^0</relationDescriptorName>
      <topologyResource>
        <id>763028ac-a26c-5d98-f3ff-ab5105eecf66</id>
      </topologyResource>
    </outgoingRelations>
    <tags>
      <uniqueName>
        <value>ADKInstaller0001</value>
      </uniqueName>
      <displayName>
        <value>ADK Installer</value>
      </displayName>
      <x>
        <value>1258</value>
      </x>
      <description>
        <value>Used to install software on Windows.</value>
      </description>
      <y>
        <value>420</value>
      </y>
    </tags>
  </resources>
  <resources>
    <id>b6072450-ac74-dbd5-e2f7-4c9cd1792d11</id>
    <name>SCVMM Server Installer</name>
    <componentType>
      <groupId>com.hp.csa.type</groupId>
      <artifactId>Software_Installation_08b8d1fa_58d5_4593_ae7b_449de1807e1b_af56e71344614831888023e036013d2f</artifactId>
      <version>1.0</version>
    </componentType>
    <properties>
      <hostName>
        <value>vmm-EdU2UPJF</value>
        <type>string</type>
      </hostName>
      <sourceShare>
        <value>\\10.208.77.176\Netapp_06_SWRepo</value>
        <type>string</type>
      </sourceShare>
      <CSA_CONTEXT_ID>
        <value/>
        <type>string</type>
      </CSA_CONTEXT_ID>
      <sourceShareUser>
        <value>GALAXY\Administrator</value>
        <type>string</type>
      </sourceShareUser>
      <_modifiable_properties>
        <value></value>
        <type>string</type>
      </_modifiable_properties>
      <CSA_PROCESS_ID>
        <value/>
        <type>string</type>
      </CSA_PROCESS_ID>
      <installSignature>
        <value>C:\Users\Administrator\Desktop</value>
        <type>string</type>
      </installSignature>
      <installCommandLine>
        <value>.\setup.exe /server /i /IACCEPTSCEULA /f VMServer.ini /VmmServiceDomain %userdomain% /VmmServiceUserName Administrator /VmmServiceUserPassword pass@word1 /SqlDBAdminDomain %userdomain% /SqlDBAdminName Administrator /SqlDBAdminPassword pass@word1</value>
        <type>string</type>
      </installCommandLine>
      <targetIp>
        <value/>
        <type>string</type>
      </targetIp>
      <restartRequired>
        <value>True</value>
        <type>string</type>
      </restartRequired>
      <_enable_modify_during_lifecycle_properties>
        <value></value>
        <type>string</type>
      </_enable_modify_during_lifecycle_properties>
      <runasDomainName>
        <value></value>
        <type>string</type>
      </runasDomainName>
      <sourceSharePassword>
        <value>ENC(GyHMbAALk+AzfBrWYyxZfu/OKE8274iLkwHYjm/0WRPj1u8NYR/nC2ocEIs2N3Va)</value>
        <type>string_encrypted</type>
      </sourceSharePassword>
      <sourcePath>
        <value>SOFTWARE\microsoft\SCCM\2012\mu_system_center_2012_r2_virtual_machine_manager_x86_and_x64_dvd_2913737</value>
        <type>string</type>
      </sourcePath>
    </properties>
    <outgoingRelations>
      <relationType>association</relationType>
      <id>b6360f5c-f3a9-ecd7-d16a-38b4cef5fadf</id>
      <properties>
        <_enable_modify_during_lifecycle_properties>
          <value/>
          <type>string</type>
        </_enable_modify_during_lifecycle_properties>
        <_modifiable_properties>
          <value/>
          <type>string</type>
        </_modifiable_properties>
        <_relation_type>
          <value>
            <first>Association</first>
            <second>ASSOCIATION</second>
          </value>
          <type>pair</type>
        </_relation_type>
      </properties>
      <relationDescriptorName>installsOn_Software_Installation_08b8d1fa_58d5_4593_ae7b_449de1807e1b_af56e71344614831888023e036013d2f__VERSION__1^0</relationDescriptorName>
      <topologyResource>
        <id>896772b8-c0dd-6c85-3435-0aa1a58b26a6</id>
      </topologyResource>
    </outgoingRelations>
    <outgoingRelations>
      <relationType>association</relationType>
      <id>aeee7692-0edc-ab27-38d8-abe6d0774c6c</id>
      <properties>
        <_enable_modify_during_lifecycle_properties>
          <value/>
          <type>string</type>
        </_enable_modify_during_lifecycle_properties>
        <_modifiable_properties>
          <value/>
          <type>string</type>
        </_modifiable_properties>
        <_relation_type>
          <value>
            <first>Association</first>
            <second>ASSOCIATION</second>
          </value>
          <type>pair</type>
        </_relation_type>
      </properties>
      <relationDescriptorName>readsDomainFrom_Software_Installation_08b8d1fa_58d5_4593_ae7b_449de1807e1b_af56e71344614831888023e036013d2f__VERSION__1^0</relationDescriptorName>
      <topologyResource>
        <id>34bc27d8-3d52-d032-325a-77f30a442238</id>
      </topologyResource>
    </outgoingRelations>
    <outgoingRelations>
      <relationType>association</relationType>
      <id>80cdaae8-031f-0057-f03e-2ebb7872f9d7</id>
      <properties>
        <_enable_modify_during_lifecycle_properties>
          <value/>
          <type>string</type>
        </_enable_modify_during_lifecycle_properties>
        <_modifiable_properties>
          <value/>
          <type>string</type>
        </_modifiable_properties>
        <_relation_type>
          <value>
            <first>Association</first>
            <second>ASSOCIATION</second>
          </value>
          <type>pair</type>
        </_relation_type>
      </properties>
      <relationDescriptorName>domainAccountDependsOn_Software_Installation_08b8d1fa_58d5_4593_ae7b_449de1807e1b_af56e71344614831888023e036013d2f__VERSION__1^0</relationDescriptorName>
      <topologyResource>
        <id>763028ac-a26c-5d98-f3ff-ab5105eecf66</id>
      </topologyResource>
    </outgoingRelations>
    <outgoingRelations>
      <relationType>association</relationType>
      <id>6f188b14-5928-6573-21f1-9777a8785d3b</id>
      <properties>
        <_enable_modify_during_lifecycle_properties>
          <value/>
          <type>string</type>
        </_enable_modify_during_lifecycle_properties>
        <_modifiable_properties>
          <value/>
          <type>string</type>
        </_modifiable_properties>
        <_relation_type>
          <value>
            <first>Association</first>
            <second>ASSOCIATION</second>
          </value>
          <type>pair</type>
        </_relation_type>
      </properties>
      <relationDescriptorName>dependsOn_Software_Installation_08b8d1fa_58d5_4593_ae7b_449de1807e1b_af56e71344614831888023e036013d2f__VERSION__1^0</relationDescriptorName>
      <topologyResource>
        <id>8318fc12-5fcc-3701-02c9-3780d9c4397c</id>
      </topologyResource>
    </outgoingRelations>
    <tags>
      <uniqueName>
        <value>SCVMMServerInsta0001</value>
      </uniqueName>
      <displayName>
        <value>SCVMM Server Installer</value>
      </displayName>
      <x>
        <value>1447</value>
      </x>
      <description>
        <value>Used to install software on Windows.</value>
      </description>
      <y>
        <value>250</value>
      </y>
    </tags>
  </resources>
  <resources>
    <id>5d1221a4-6613-176b-6e0f-6ae31dd11336</id>
    <name>SCVMM Client Installer</name>
    <componentType>
      <groupId>com.hp.csa.type</groupId>
      <artifactId>Software_Installation_08b8d1fa_58d5_4593_ae7b_449de1807e1b_af56e71344614831888023e036013d2f</artifactId>
      <version>1.0</version>
    </componentType>
    <properties>
      <hostName>
        <value>vmm-EdU2UPJF</value>
        <type>string</type>
      </hostName>
      <sourceShare>
        <value>\\10.208.77.176\Netapp_06_SWRepo</value>
        <type>string</type>
      </sourceShare>
      <CSA_CONTEXT_ID>
        <value/>
        <type>string</type>
      </CSA_CONTEXT_ID>
      <sourceShareUser>
        <value>GALAXY\Administrator</value>
        <type>string</type>
      </sourceShareUser>
      <_modifiable_properties>
        <value></value>
        <type>string</type>
      </_modifiable_properties>
      <CSA_PROCESS_ID>
        <value/>
        <type>string</type>
      </CSA_PROCESS_ID>
      <installSignature>
        <value>C:\Users\Administrator\Desktop</value>
        <type>string</type>
      </installSignature>
      <installCommandLine>
        <value>.\setup.exe /client /i /IACCEPTSCEULA /f VMClient.ini /VmmServiceDomain %userdomain% /VmmServiceUserName Administrator /VmmServiceUserPassword pass@word1 /SqlDBAdminDomain %userdomain% /SqlDBAdminName Administrator /SqlDBAdminPassword pass@word1</value>
        <type>string</type>
      </installCommandLine>
      <targetIp>
        <value/>
        <type>string</type>
      </targetIp>
      <restartRequired>
        <value>True</value>
        <type>string</type>
      </restartRequired>
      <_enable_modify_during_lifecycle_properties>
        <value></value>
        <type>string</type>
      </_enable_modify_during_lifecycle_properties>
      <runasDomainName>
        <value></value>
        <type>string</type>
      </runasDomainName>
      <sourceSharePassword>
        <value>ENC(/HZs+UQVNBBhe8zufRs0/p3GwFKH2CwBkbbUN8GXg5wrcmbPptJHgltrcMUSbEqh)</value>
        <type>string_encrypted</type>
      </sourceSharePassword>
      <sourcePath>
        <value>SOFTWARE\microsoft\SCCM\2012\mu_system_center_2012_r2_virtual_machine_manager_x86_and_x64_dvd_2913737</value>
        <type>string</type>
      </sourcePath>
    </properties>
    <outgoingRelations>
      <relationType>association</relationType>
      <id>1d1f13f0-3923-2486-654c-58b47136819b</id>
      <properties>
        <_enable_modify_during_lifecycle_properties>
          <value/>
          <type>string</type>
        </_enable_modify_during_lifecycle_properties>
        <_modifiable_properties>
          <value/>
          <type>string</type>
        </_modifiable_properties>
        <_relation_type>
          <value>
            <first>Association</first>
            <second>ASSOCIATION</second>
          </value>
          <type>pair</type>
        </_relation_type>
      </properties>
      <relationDescriptorName>domainAccountDependsOn_Software_Installation_08b8d1fa_58d5_4593_ae7b_449de1807e1b_af56e71344614831888023e036013d2f__VERSION__1^0</relationDescriptorName>
      <topologyResource>
        <id>763028ac-a26c-5d98-f3ff-ab5105eecf66</id>
      </topologyResource>
    </outgoingRelations>
    <outgoingRelations>
      <relationType>association</relationType>
      <id>ad499641-859a-ad82-3e9d-0532f8b6a3a1</id>
      <properties>
        <_enable_modify_during_lifecycle_properties>
          <value/>
          <type>string</type>
        </_enable_modify_during_lifecycle_properties>
        <_modifiable_properties>
          <value/>
          <type>string</type>
        </_modifiable_properties>
        <_relation_type>
          <value>
            <first>Association</first>
            <second>ASSOCIATION</second>
          </value>
          <type>pair</type>
        </_relation_type>
      </properties>
      <relationDescriptorName>readsDomainFrom_Software_Installation_08b8d1fa_58d5_4593_ae7b_449de1807e1b_af56e71344614831888023e036013d2f__VERSION__1^0</relationDescriptorName>
      <topologyResource>
        <id>34bc27d8-3d52-d032-325a-77f30a442238</id>
      </topologyResource>
    </outgoingRelations>
    <outgoingRelations>
      <relationType>association</relationType>
      <id>7436edd1-75c6-0081-9dd5-0fa91c0acc9b</id>
      <properties>
        <_enable_modify_during_lifecycle_properties>
          <value/>
          <type>string</type>
        </_enable_modify_during_lifecycle_properties>
        <_modifiable_properties>
          <value/>
          <type>string</type>
        </_modifiable_properties>
        <_relation_type>
          <value>
            <first>Association</first>
            <second>ASSOCIATION</second>
          </value>
          <type>pair</type>
        </_relation_type>
      </properties>
      <relationDescriptorName>installsOn_Software_Installation_08b8d1fa_58d5_4593_ae7b_449de1807e1b_af56e71344614831888023e036013d2f__VERSION__1^0</relationDescriptorName>
      <topologyResource>
        <id>896772b8-c0dd-6c85-3435-0aa1a58b26a6</id>
      </topologyResource>
    </outgoingRelations>
    <outgoingRelations>
      <relationType>association</relationType>
      <id>225fc341-b562-f1d3-cc90-8867fe89fa64</id>
      <properties>
        <_enable_modify_during_lifecycle_properties>
          <value/>
          <type>string</type>
        </_enable_modify_during_lifecycle_properties>
        <_modifiable_properties>
          <value/>
          <type>string</type>
        </_modifiable_properties>
        <_relation_type>
          <value>
            <first>Association</first>
            <second>ASSOCIATION</second>
          </value>
          <type>pair</type>
        </_relation_type>
      </properties>
      <relationDescriptorName>dependsOn_Software_Installation_08b8d1fa_58d5_4593_ae7b_449de1807e1b_af56e71344614831888023e036013d2f__VERSION__1^0</relationDescriptorName>
      <topologyResource>
        <id>b6072450-ac74-dbd5-e2f7-4c9cd1792d11</id>
      </topologyResource>
    </outgoingRelations>
    <tags>
      <uniqueName>
        <value>SCVMMClientInsta0001</value>
      </uniqueName>
      <displayName>
        <value>SCVMM Client Installer</value>
      </displayName>
      <x>
        <value>1547</value>
      </x>
      <description>
        <value>Used to install software on Windows.</value>
      </description>
      <y>
        <value>80</value>
      </y>
    </tags>
  </resources>
  <displayName>Microsoft Private Cloud</displayName>
  <revision>215</revision>
  <iconUrl>/csa/images/library/Service_Design.png</iconUrl>
  <tags>
    <serviceBlueprintId>
      <value>8a50cd78518071df015180e30de916f0</value>
    </serviceBlueprintId>
    <providerType>
      <value>independent</value>
    </providerType>
  </tags>
  <createdOn>1449566342256</createdOn>
  <updatedOn>1450859227533</updatedOn>
  <state>UNLOCKED</state>
  <hidden>false</hidden>
  <bound>false</bound>
  <partial>false</partial>
</Topology>