<?xml version="1.0" encoding="UTF-8" standalone="yes"?><manifest><archiveItems><item>SERVICE_DESIGN_CSL_BP_VCENTER_SA_SIS_PRIVATE_CLOUD_IaaS+_3.20_2c9280e65138469701521c1945687191.xml</item><itemLocation>com.hp.csa.model.vo.service.ServiceBlueprintVO</itemLocation><itemType>com.hp.csa.model.vo.service.ServiceBlueprintVO</itemType></archiveItems><archiveItems><item>RESOURCE_OFFERING_CSL_RO_SITESCOPE_MONITORING_3.20_90cd93984e00ca5a014e011494312089.xml</item><itemLocation>com.hp.csa.model.vo.resource.ResourceOfferingVO</itemLocation><itemType>com.hp.csa.model.vo.resource.ResourceOfferingVO</itemType></archiveItems><archiveItems><item>monitoring.png</item><itemLocation>\images\categories\resource_category\monitoring.png</itemLocation><itemType>File</itemType></archiveItems><archiveItems><item>hp_sitescope.png</item><itemLocation>\images\categories\provider_type\hp_sitescope.png</itemLocation><itemType>File</itemType></archiveItems><archiveItems><item>RESOURCE_OFFERING_CSL_RO_SA_WINDOWS_PATCH_COMPLIANCE_3.20_SW_90cd93984e00ca5a014e011727ed326e.xml</item><itemLocation>com.hp.csa.model.vo.resource.ResourceOfferingVO</itemLocation><itemType>com.hp.csa.model.vo.resource.ResourceOfferingVO</itemType></archiveItems><archiveItems><item>compliance.png</item><itemLocation>\images\categories\resource_category\compliance.png</itemLocation><itemType>File</itemType></archiveItems><archiveItems><item>hp_sa.png</item><itemLocation>\images\categories\provider_type\hp_sa.png</itemLocation><itemType>File</itemType></archiveItems><archiveItems><item>RESOURCE_OFFERING_CSL_RO_SA_AUDIT_COMPLIANCE_3.20_SW_90cd93984e00ca5a014e0116c7743035.xml</item><itemLocation>com.hp.csa.model.vo.resource.ResourceOfferingVO</itemLocation><itemType>com.hp.csa.model.vo.resource.ResourceOfferingVO</itemType></archiveItems><archiveItems><item>RESOURCE_OFFERING_Backup_Service_Creation_2c9280e650b654b1015101a20e501342.xml</item><itemLocation>com.hp.csa.model.vo.resource.ResourceOfferingVO</itemLocation><itemType>com.hp.csa.model.vo.resource.ResourceOfferingVO</itemType></archiveItems><archiveItems><item>application.png</item><itemLocation>\images\categories\resource_category\application.png</itemLocation><itemType>File</itemType></archiveItems><archiveItems><item>index.png</item><itemLocation>\images\library\index.png</itemLocation><itemType>File</itemType></archiveItems><archiveItems><item>RESOURCE_OFFERING_CSL_RO_INSTALL_SA_AGENT_OGFS_3.20_CP3.0_SW_90cd93984e00ca5a014e011479af1f13.xml</item><itemLocation>com.hp.csa.model.vo.resource.ResourceOfferingVO</itemLocation><itemType>com.hp.csa.model.vo.resource.ResourceOfferingVO</itemType></archiveItems><archiveItems><item>compute.png</item><itemLocation>\images\categories\resource_category\compute.png</itemLocation><itemType>File</itemType></archiveItems><archiveItems><item>RESOURCE_OFFERING_CSL_RO_SA_MANAGE_SERVERS_3.20_CP3.0_90cd93984e00ca5a014e01147f821f5c.xml</item><itemLocation>com.hp.csa.model.vo.resource.ResourceOfferingVO</itemLocation><itemType>com.hp.csa.model.vo.resource.ResourceOfferingVO</itemType></archiveItems><archiveItems><item>RESOURCE_OFFERING_CSL_RO_VCENTER_COMPUTE_FLEX_SERVER_RESOURCES_3.20__90cd93984e00ca5a014e00f9501d061b.xml</item><itemLocation>com.hp.csa.model.vo.resource.ResourceOfferingVO</itemLocation><itemType>com.hp.csa.model.vo.resource.ResourceOfferingVO</itemType></archiveItems><archiveItems><item>vmware_vcenter.png</item><itemLocation>\images\categories\provider_type\vmware_vcenter.png</itemLocation><itemType>File</itemType></archiveItems><archiveItems><item>RESOURCE_OFFERING_CSL_RO_VCENTER_COMPUTE_3.20_CP3.0_90cd93984e00ca5a014e00f95dab066c.xml</item><itemLocation>com.hp.csa.model.vo.resource.ResourceOfferingVO</itemLocation><itemType>com.hp.csa.model.vo.resource.ResourceOfferingVO</itemType></archiveItems><archiveItems><item>RESOURCE_OFFERING_CSL_RO_VCENTER_COMPUTE_SYSPREP_COMPLETE_CHECK_3.20_90cd93984e00ca5a014e0117093131b5.xml</item><itemLocation>com.hp.csa.model.vo.resource.ResourceOfferingVO</itemLocation><itemType>com.hp.csa.model.vo.resource.ResourceOfferingVO</itemType></archiveItems><archiveItems><item>server.png</item><itemLocation>\images\categories\component_type\server.png</itemLocation><itemType>File</itemType></archiveItems><archiveItems><item>server_group.png</item><itemLocation>\images\categories\component_type\server_group.png</itemLocation><itemType>File</itemType></archiveItems><archiveItems><item>infrastructure_service.png</item><itemLocation>\images\categories\component_type\infrastructure_service.png</itemLocation><itemType>File</itemType></archiveItems><archiveItems><item>service_composite.png</item><itemLocation>\images\categories\component_type\service_composite.png</itemLocation><itemType>File</itemType></archiveItems><archiveItems><item>wipro-logo-1024x997.jpg</item><itemLocation>\images\library\wipro-logo-1024x997.jpg</itemLocation><itemType>File</itemType></archiveItems><archiveItems><item>Administrator.png</item><itemLocation>\images\library\Administrator.png</itemLocation><itemType>File</itemType></archiveItems><archiveItems><item>poc_app_windows_flavors.jsp</item><itemLocation>\propertysources\poc_app_windows_flavors.jsp</itemLocation><itemType>File</itemType></archiveItems><archiveItems><item>Server Config_48.png</item><itemLocation>\images\library\Server Config_48.png</itemLocation><itemType>File</itemType></archiveItems><archiveItems><item>windows_patch.jsp</item><itemLocation>\propertysources\windows_patch.jsp</itemLocation><itemType>File</itemType></archiveItems><archiveItems><item>windows_audit.jsp</item><itemLocation>\propertysources\windows_audit.jsp</itemLocation><itemType>File</itemType></archiveItems><archiveItems><item>other.png</item><itemLocation>\images\library\other.png</itemLocation><itemType>File</itemType></archiveItems><archiveItems><item>Server-side_performance_RGB_blue_NT.png</item><itemLocation>\images\library\Server-side_performance_RGB_blue_NT.png</itemLocation><itemType>File</itemType></archiveItems><csaVersion>04.50.0000.0</csaVersion></manifest>