<?xml version="1.0" encoding="UTF-8" standalone="yes"?><ResourceOffering><id>2c9280e650b654b1015101a20e501342</id><objectId>2c9280e650b654b1015101a20e501342</objectId><createdOn>2015-11-13T09:16:16.464-07:00</createdOn><updatedOn>2015-11-13T09:16:16.464-07:00</updatedOn><createdBy><id>90d96588360da0c701360da0f1d600a1</id><objectId>90d96588360da0c701360da0f1d600a1</objectId><isCriticalSystemObject>true</isCriticalSystemObject><description>admin</description><iconUrl>http://localhost/admin</iconUrl><name>admin</name><displayName>admin</displayName><disabled>false</disabled></createdBy><updatedBy><id>90d96588360da0c701360da0f1d600a1</id><objectId>90d96588360da0c701360da0f1d600a1</objectId><isCriticalSystemObject>true</isCriticalSystemObject><description>admin</description><iconUrl>http://localhost/admin</iconUrl><name>admin</name><displayName>admin</displayName><disabled>false</disabled></updatedBy><isCriticalSystemObject>false</isCriticalSystemObject><description>Creates backup Service based on the selected service ie GOLD or SIlver or Bronze</description><iconUrl>/csa/images/categories/resource_category/application.png</iconUrl><name>5da90c2b-4e1c-4339-a021-994ed0be183e</name><displayName>Backup Service Creation</displayName><property><id>2c9280e650b654b1015101a3c24a1347</id><objectId>2c9280e650b654b1015101a3c24a1347</objectId><createdOn>2015-11-13T09:18:08.074-07:00</createdOn><updatedOn>2015-11-13T09:18:08.074-07:00</updatedOn><createdBy><id>90d96588360da0c701360da0f1d600a1</id><objectId>90d96588360da0c701360da0f1d600a1</objectId><isCriticalSystemObject>true</isCriticalSystemObject><description>admin</description><iconUrl>http://localhost/admin</iconUrl><name>admin</name><displayName>admin</displayName><disabled>false</disabled></createdBy><updatedBy><id>90d96588360da0c701360da0f1d600a1</id><objectId>90d96588360da0c701360da0f1d600a1</objectId><isCriticalSystemObject>true</isCriticalSystemObject><description>admin</description><iconUrl>http://localhost/admin</iconUrl><name>admin</name><displayName>admin</displayName><disabled>false</disabled></updatedBy><isCriticalSystemObject>false</isCriticalSystemObject><name>BackupServiceDesign</name><displayName>Service Level</displayName><valueType><id>90d96588360da0c701360da0efb50054</id><objectId>90d96588360da0c701360da0efb50054</objectId><createdOn>2015-06-17T02:51:01.390-06:00</createdOn><isCriticalSystemObject>true</isCriticalSystemObject><description>String</description><iconUrl>/csa/images/categories/value_type/string.png</iconUrl><name>STRING</name><displayName>String</displayName><disabled>false</disabled><categoryType><id>90d96588360da0c701360da0efa0004e</id><objectId>90d96588360da0c701360da0efa0004e</objectId><isCriticalSystemObject>true</isCriticalSystemObject><description>Value Type</description><name>VALUE_TYPE</name><displayName>Value Type</displayName><extensible>false</extensible></categoryType></valueType><values><id>2c9280e650b654b10151057b19301382</id><createdOn>2015-11-14T03:12:12.208-07:00</createdOn><updatedOn>2015-11-14T03:12:12.208-07:00</updatedOn><createdBy><id>90d96588360da0c701360da0f1d600a1</id><objectId>90d96588360da0c701360da0f1d600a1</objectId><isCriticalSystemObject>true</isCriticalSystemObject><description>admin</description><iconUrl>http://localhost/admin</iconUrl><name>admin</name><displayName>admin</displayName><disabled>false</disabled></createdBy><updatedBy><id>90d96588360da0c701360da0f1d600a1</id><objectId>90d96588360da0c701360da0f1d600a1</objectId><isCriticalSystemObject>true</isCriticalSystemObject><description>admin</description><iconUrl>http://localhost/admin</iconUrl><name>admin</name><displayName>admin</displayName><disabled>false</disabled></updatedBy><value>BackupServiceLevel</value><orderIndex>-1</orderIndex></values><maxOccurs>1</maxOccurs><minOccurs>1</minOccurs><orderIndex>0</orderIndex><confidential>false</confidential><encrypted>false</encrypted><consumerReadOnly>true</consumerReadOnly><consumerVisible>false</consumerVisible><dynamicValueEnabled>false</dynamicValueEnabled><isInherited>false</isInherited><measurable>false</measurable></property><state><id>90d96588360da0c701360da0ef470038</id><objectId>90d96588360da0c701360da0ef470038</objectId><createdOn>2015-06-17T02:51:01.390-06:00</createdOn><isCriticalSystemObject>true</isCriticalSystemObject><description>Active</description><iconUrl>/csa/images/categories/artifact_state/active.png</iconUrl><name>ACTIVE</name><displayName>Active</displayName><disabled>false</disabled><categoryType><id>90d96588360da0c701360da0ef420037</id><objectId>90d96588360da0c701360da0ef420037</objectId><isCriticalSystemObject>true</isCriticalSystemObject><description>Artifact State</description><name>ARTIFACT_STATE</name><displayName>Artifact State</displayName><extensible>false</extensible></categoryType></state><action><id>2c9280e650b654b10151064b038613a9</id><objectId>2c9280e650b654b10151064b038613a9</objectId><createdOn>2015-11-14T06:59:18.150-07:00</createdOn><updatedOn>2015-11-14T06:59:18.150-07:00</updatedOn><createdBy><id>90d96588360da0c701360da0f1d600a1</id><objectId>90d96588360da0c701360da0f1d600a1</objectId><isCriticalSystemObject>true</isCriticalSystemObject><description>admin</description><iconUrl>http://localhost/admin</iconUrl><name>admin</name><displayName>admin</displayName><disabled>false</disabled></createdBy><updatedBy><id>90d96588360da0c701360da0f1d600a1</id><objectId>90d96588360da0c701360da0f1d600a1</objectId><isCriticalSystemObject>true</isCriticalSystemObject><description>admin</description><iconUrl>http://localhost/admin</iconUrl><name>admin</name><displayName>admin</displayName><disabled>false</disabled></updatedBy><isCriticalSystemObject>false</isCriticalSystemObject><name>Commvault_Service_Assignment_November 14, 2015 1:59:18 PM UTC</name><displayName>Commvault Service Assignment</displayName><errorOnTimeout>true</errorOnTimeout><failOnError>true</failOnError><processDefinition><id>2c9280e6510644d901510645c863001e</id><objectId>2c9280e6510644d901510645c863001e</objectId><isCriticalSystemObject>false</isCriticalSystemObject><name>/Library/Actions/Commvault Service Assignment</name><displayName>Commvault Service Assignment</displayName></processDefinition><stateConstraint><id>2c9280e650b654b10151064b038613aa</id><createdOn>2015-11-14T06:59:18.150-07:00</createdOn><updatedOn>2015-11-14T06:59:18.150-07:00</updatedOn><createdBy><id>90d96588360da0c701360da0f1d600a1</id><objectId>90d96588360da0c701360da0f1d600a1</objectId><isCriticalSystemObject>true</isCriticalSystemObject><description>admin</description><iconUrl>http://localhost/admin</iconUrl><name>admin</name><displayName>admin</displayName><disabled>false</disabled></createdBy><updatedBy><id>90d96588360da0c701360da0f1d600a1</id><objectId>90d96588360da0c701360da0f1d600a1</objectId><isCriticalSystemObject>true</isCriticalSystemObject><description>admin</description><iconUrl>http://localhost/admin</iconUrl><name>admin</name><displayName>admin</displayName><disabled>false</disabled></updatedBy><lifecycleState><id>90d96588360da0c701360da0f23400ba</id><objectId>90d96588360da0c701360da0f23400ba</objectId><createdOn>2015-06-17T02:51:01.390-06:00</createdOn><isCriticalSystemObject>true</isCriticalSystemObject><description>Deploying</description><iconUrl>/csa/images/categories/lifecycle_state/deploying.png</iconUrl><name>DEPLOYING</name><displayName>Deploying</displayName><disabled>false</disabled><categoryType><id>90d96588360da0c701360da0f21300ae</id><objectId>90d96588360da0c701360da0f21300ae</objectId><isCriticalSystemObject>true</isCriticalSystemObject><description>Lifecycle State</description><name>LIFECYCLE_STATE</name><displayName>Lifecycle State</displayName><extensible>false</extensible></categoryType></lifecycleState><lifecycleSubstate><id>90d96588360da0c701360da0f24600be</id><objectId>90d96588360da0c701360da0f24600be</objectId><createdOn>2015-06-17T02:51:01.390-06:00</createdOn><isCriticalSystemObject>true</isCriticalSystemObject><description>Transition</description><iconUrl>/csa/images/categories/lifecycle_substate/transition.png</iconUrl><name>TRANSITION</name><displayName>Transition</displayName><disabled>false</disabled><categoryType><id>90d96588360da0c701360da0f23e00bc</id><objectId>90d96588360da0c701360da0f23e00bc</objectId><isCriticalSystemObject>true</isCriticalSystemObject><description>Lifecycle Substate</description><name>LIFECYCLE_SUBSTATE</name><displayName>Lifecycle Substate</displayName><extensible>false</extensible></categoryType></lifecycleSubstate><lifecycleExecOrder>1</lifecycleExecOrder></stateConstraint><timeout>3600</timeout><property><id>2c9280e650b654b10151064b038213a1</id><objectId>2c9280e650b654b10151064b038213a1</objectId><createdOn>2015-11-14T06:59:18.146-07:00</createdOn><updatedOn>2015-11-14T06:59:18.146-07:00</updatedOn><createdBy><id>90d96588360da0c701360da0f1d600a1</id><objectId>90d96588360da0c701360da0f1d600a1</objectId><isCriticalSystemObject>true</isCriticalSystemObject><description>admin</description><iconUrl>http://localhost/admin</iconUrl><name>admin</name><displayName>admin</displayName><disabled>false</disabled></createdBy><updatedBy><id>90d96588360da0c701360da0f1d600a1</id><objectId>90d96588360da0c701360da0f1d600a1</objectId><isCriticalSystemObject>true</isCriticalSystemObject><description>admin</description><iconUrl>http://localhost/admin</iconUrl><name>admin</name><displayName>admin</displayName><disabled>false</disabled></updatedBy><isCriticalSystemObject>false</isCriticalSystemObject><name>RSC_POOL_ID</name><displayName>RSC_POOL_ID</displayName><valueType><id>90d96588360da0c701360da0efb50054</id><objectId>90d96588360da0c701360da0efb50054</objectId><createdOn>2015-06-17T02:51:01.390-06:00</createdOn><isCriticalSystemObject>true</isCriticalSystemObject><description>String</description><iconUrl>/csa/images/categories/value_type/string.png</iconUrl><name>STRING</name><displayName>String</displayName><disabled>false</disabled><categoryType><id>90d96588360da0c701360da0efa0004e</id><objectId>90d96588360da0c701360da0efa0004e</objectId><isCriticalSystemObject>true</isCriticalSystemObject><description>Value Type</description><name>VALUE_TYPE</name><displayName>Value Type</displayName><extensible>false</extensible></categoryType></valueType><values><id>2c9280e650b654b10151064b038213a2</id><createdOn>2015-11-14T06:59:18.146-07:00</createdOn><updatedOn>2015-11-14T06:59:18.146-07:00</updatedOn><createdBy><id>90d96588360da0c701360da0f1d600a1</id><objectId>90d96588360da0c701360da0f1d600a1</objectId><isCriticalSystemObject>true</isCriticalSystemObject><description>admin</description><iconUrl>http://localhost/admin</iconUrl><name>admin</name><displayName>admin</displayName><disabled>false</disabled></createdBy><updatedBy><id>90d96588360da0c701360da0f1d600a1</id><objectId>90d96588360da0c701360da0f1d600a1</objectId><isCriticalSystemObject>true</isCriticalSystemObject><description>admin</description><iconUrl>http://localhost/admin</iconUrl><name>admin</name><displayName>admin</displayName><disabled>false</disabled></updatedBy><value>[TOKEN:RSC_POOL_ID]</value><orderIndex>-1</orderIndex></values><maxOccurs>1</maxOccurs><minOccurs>0</minOccurs><orderIndex>-1</orderIndex><confidential>false</confidential><encrypted>false</encrypted><consumerReadOnly>false</consumerReadOnly><consumerVisible>false</consumerVisible><dynamicValueEnabled>false</dynamicValueEnabled><isInherited>false</isInherited><measurable>false</measurable></property><property><id>2c9280e650b654b10151064b03821397</id><objectId>2c9280e650b654b10151064b03821397</objectId><createdOn>2015-11-14T06:59:18.146-07:00</createdOn><updatedOn>2015-11-14T06:59:18.146-07:00</updatedOn><createdBy><id>90d96588360da0c701360da0f1d600a1</id><objectId>90d96588360da0c701360da0f1d600a1</objectId><isCriticalSystemObject>true</isCriticalSystemObject><description>admin</description><iconUrl>http://localhost/admin</iconUrl><name>admin</name><displayName>admin</displayName><disabled>false</disabled></createdBy><updatedBy><id>90d96588360da0c701360da0f1d600a1</id><objectId>90d96588360da0c701360da0f1d600a1</objectId><isCriticalSystemObject>true</isCriticalSystemObject><description>admin</description><iconUrl>http://localhost/admin</iconUrl><name>admin</name><displayName>admin</displayName><disabled>false</disabled></updatedBy><isCriticalSystemObject>false</isCriticalSystemObject><name>USR_ORG_ID</name><displayName>USR_ORG_ID</displayName><valueType><id>90d96588360da0c701360da0efb50054</id><objectId>90d96588360da0c701360da0efb50054</objectId><createdOn>2015-06-17T02:51:01.390-06:00</createdOn><isCriticalSystemObject>true</isCriticalSystemObject><description>String</description><iconUrl>/csa/images/categories/value_type/string.png</iconUrl><name>STRING</name><displayName>String</displayName><disabled>false</disabled><categoryType><id>90d96588360da0c701360da0efa0004e</id><objectId>90d96588360da0c701360da0efa0004e</objectId><isCriticalSystemObject>true</isCriticalSystemObject><description>Value Type</description><name>VALUE_TYPE</name><displayName>Value Type</displayName><extensible>false</extensible></categoryType></valueType><values><id>2c9280e650b654b10151064b03821398</id><createdOn>2015-11-14T06:59:18.146-07:00</createdOn><updatedOn>2015-11-14T06:59:18.146-07:00</updatedOn><createdBy><id>90d96588360da0c701360da0f1d600a1</id><objectId>90d96588360da0c701360da0f1d600a1</objectId><isCriticalSystemObject>true</isCriticalSystemObject><description>admin</description><iconUrl>http://localhost/admin</iconUrl><name>admin</name><displayName>admin</displayName><disabled>false</disabled></createdBy><updatedBy><id>90d96588360da0c701360da0f1d600a1</id><objectId>90d96588360da0c701360da0f1d600a1</objectId><isCriticalSystemObject>true</isCriticalSystemObject><description>admin</description><iconUrl>http://localhost/admin</iconUrl><name>admin</name><displayName>admin</displayName><disabled>false</disabled></updatedBy><value>[TOKEN:USR_ORG_ID]</value><orderIndex>-1</orderIndex></values><maxOccurs>1</maxOccurs><minOccurs>0</minOccurs><orderIndex>-1</orderIndex><confidential>false</confidential><encrypted>false</encrypted><consumerReadOnly>false</consumerReadOnly><consumerVisible>false</consumerVisible><dynamicValueEnabled>false</dynamicValueEnabled><isInherited>false</isInherited><measurable>false</measurable></property><property><id>2c9280e650b654b10151064b03811395</id><objectId>2c9280e650b654b10151064b03811395</objectId><createdOn>2015-11-14T06:59:18.145-07:00</createdOn><updatedOn>2015-11-14T06:59:18.145-07:00</updatedOn><createdBy><id>90d96588360da0c701360da0f1d600a1</id><objectId>90d96588360da0c701360da0f1d600a1</objectId><isCriticalSystemObject>true</isCriticalSystemObject><description>admin</description><iconUrl>http://localhost/admin</iconUrl><name>admin</name><displayName>admin</displayName><disabled>false</disabled></createdBy><updatedBy><id>90d96588360da0c701360da0f1d600a1</id><objectId>90d96588360da0c701360da0f1d600a1</objectId><isCriticalSystemObject>true</isCriticalSystemObject><description>admin</description><iconUrl>http://localhost/admin</iconUrl><name>admin</name><displayName>admin</displayName><disabled>false</disabled></updatedBy><isCriticalSystemObject>false</isCriticalSystemObject><name>RSC_BINDING_ID</name><displayName>RSC_BINDING_ID</displayName><valueType><id>90d96588360da0c701360da0efb50054</id><objectId>90d96588360da0c701360da0efb50054</objectId><createdOn>2015-06-17T02:51:01.390-06:00</createdOn><isCriticalSystemObject>true</isCriticalSystemObject><description>String</description><iconUrl>/csa/images/categories/value_type/string.png</iconUrl><name>STRING</name><displayName>String</displayName><disabled>false</disabled><categoryType><id>90d96588360da0c701360da0efa0004e</id><objectId>90d96588360da0c701360da0efa0004e</objectId><isCriticalSystemObject>true</isCriticalSystemObject><description>Value Type</description><name>VALUE_TYPE</name><displayName>Value Type</displayName><extensible>false</extensible></categoryType></valueType><values><id>2c9280e650b654b10151064b03811396</id><createdOn>2015-11-14T06:59:18.146-07:00</createdOn><updatedOn>2015-11-14T06:59:18.146-07:00</updatedOn><createdBy><id>90d96588360da0c701360da0f1d600a1</id><objectId>90d96588360da0c701360da0f1d600a1</objectId><isCriticalSystemObject>true</isCriticalSystemObject><description>admin</description><iconUrl>http://localhost/admin</iconUrl><name>admin</name><displayName>admin</displayName><disabled>false</disabled></createdBy><updatedBy><id>90d96588360da0c701360da0f1d600a1</id><objectId>90d96588360da0c701360da0f1d600a1</objectId><isCriticalSystemObject>true</isCriticalSystemObject><description>admin</description><iconUrl>http://localhost/admin</iconUrl><name>admin</name><displayName>admin</displayName><disabled>false</disabled></updatedBy><value>[TOKEN:RSC_BINDING_ID]</value><orderIndex>-1</orderIndex></values><maxOccurs>1</maxOccurs><minOccurs>0</minOccurs><orderIndex>-1</orderIndex><confidential>false</confidential><encrypted>false</encrypted><consumerReadOnly>false</consumerReadOnly><consumerVisible>false</consumerVisible><dynamicValueEnabled>false</dynamicValueEnabled><isInherited>false</isInherited><measurable>false</measurable></property><property><id>2c9280e650b654b10151064b038313a5</id><objectId>2c9280e650b654b10151064b038313a5</objectId><createdOn>2015-11-14T06:59:18.147-07:00</createdOn><updatedOn>2015-11-14T06:59:18.147-07:00</updatedOn><createdBy><id>90d96588360da0c701360da0f1d600a1</id><objectId>90d96588360da0c701360da0f1d600a1</objectId><isCriticalSystemObject>true</isCriticalSystemObject><description>admin</description><iconUrl>http://localhost/admin</iconUrl><name>admin</name><displayName>admin</displayName><disabled>false</disabled></createdBy><updatedBy><id>90d96588360da0c701360da0f1d600a1</id><objectId>90d96588360da0c701360da0f1d600a1</objectId><isCriticalSystemObject>true</isCriticalSystemObject><description>admin</description><iconUrl>http://localhost/admin</iconUrl><name>admin</name><displayName>admin</displayName><disabled>false</disabled></updatedBy><isCriticalSystemObject>false</isCriticalSystemObject><name>PRN_COMPONENT_ID</name><displayName>PRN_COMPONENT_ID</displayName><valueType><id>90d96588360da0c701360da0efb50054</id><objectId>90d96588360da0c701360da0efb50054</objectId><createdOn>2015-06-17T02:51:01.390-06:00</createdOn><isCriticalSystemObject>true</isCriticalSystemObject><description>String</description><iconUrl>/csa/images/categories/value_type/string.png</iconUrl><name>STRING</name><displayName>String</displayName><disabled>false</disabled><categoryType><id>90d96588360da0c701360da0efa0004e</id><objectId>90d96588360da0c701360da0efa0004e</objectId><isCriticalSystemObject>true</isCriticalSystemObject><description>Value Type</description><name>VALUE_TYPE</name><displayName>Value Type</displayName><extensible>false</extensible></categoryType></valueType><values><id>2c9280e650b654b10151064b038313a6</id><createdOn>2015-11-14T06:59:18.147-07:00</createdOn><updatedOn>2015-11-14T06:59:18.147-07:00</updatedOn><createdBy><id>90d96588360da0c701360da0f1d600a1</id><objectId>90d96588360da0c701360da0f1d600a1</objectId><isCriticalSystemObject>true</isCriticalSystemObject><description>admin</description><iconUrl>http://localhost/admin</iconUrl><name>admin</name><displayName>admin</displayName><disabled>false</disabled></createdBy><updatedBy><id>90d96588360da0c701360da0f1d600a1</id><objectId>90d96588360da0c701360da0f1d600a1</objectId><isCriticalSystemObject>true</isCriticalSystemObject><description>admin</description><iconUrl>http://localhost/admin</iconUrl><name>admin</name><displayName>admin</displayName><disabled>false</disabled></updatedBy><value>[TOKEN:PRN_COMPONENT_ID]</value><orderIndex>-1</orderIndex></values><maxOccurs>1</maxOccurs><minOccurs>0</minOccurs><orderIndex>-1</orderIndex><confidential>false</confidential><encrypted>false</encrypted><consumerReadOnly>false</consumerReadOnly><consumerVisible>false</consumerVisible><dynamicValueEnabled>false</dynamicValueEnabled><isInherited>false</isInherited><measurable>false</measurable></property><property><id>2c9280e650b654b10151064b0382139d</id><objectId>2c9280e650b654b10151064b0382139d</objectId><createdOn>2015-11-14T06:59:18.146-07:00</createdOn><updatedOn>2015-11-14T06:59:18.146-07:00</updatedOn><createdBy><id>90d96588360da0c701360da0f1d600a1</id><objectId>90d96588360da0c701360da0f1d600a1</objectId><isCriticalSystemObject>true</isCriticalSystemObject><description>admin</description><iconUrl>http://localhost/admin</iconUrl><name>admin</name><displayName>admin</displayName><disabled>false</disabled></createdBy><updatedBy><id>90d96588360da0c701360da0f1d600a1</id><objectId>90d96588360da0c701360da0f1d600a1</objectId><isCriticalSystemObject>true</isCriticalSystemObject><description>admin</description><iconUrl>http://localhost/admin</iconUrl><name>admin</name><displayName>admin</displayName><disabled>false</disabled></updatedBy><isCriticalSystemObject>false</isCriticalSystemObject><name>SVC_INSTANCE_ID</name><displayName>SVC_INSTANCE_ID</displayName><valueType><id>90d96588360da0c701360da0efb50054</id><objectId>90d96588360da0c701360da0efb50054</objectId><createdOn>2015-06-17T02:51:01.390-06:00</createdOn><isCriticalSystemObject>true</isCriticalSystemObject><description>String</description><iconUrl>/csa/images/categories/value_type/string.png</iconUrl><name>STRING</name><displayName>String</displayName><disabled>false</disabled><categoryType><id>90d96588360da0c701360da0efa0004e</id><objectId>90d96588360da0c701360da0efa0004e</objectId><isCriticalSystemObject>true</isCriticalSystemObject><description>Value Type</description><name>VALUE_TYPE</name><displayName>Value Type</displayName><extensible>false</extensible></categoryType></valueType><values><id>2c9280e650b654b10151064b0382139e</id><createdOn>2015-11-14T06:59:18.146-07:00</createdOn><updatedOn>2015-11-14T06:59:18.146-07:00</updatedOn><createdBy><id>90d96588360da0c701360da0f1d600a1</id><objectId>90d96588360da0c701360da0f1d600a1</objectId><isCriticalSystemObject>true</isCriticalSystemObject><description>admin</description><iconUrl>http://localhost/admin</iconUrl><name>admin</name><displayName>admin</displayName><disabled>false</disabled></createdBy><updatedBy><id>90d96588360da0c701360da0f1d600a1</id><objectId>90d96588360da0c701360da0f1d600a1</objectId><isCriticalSystemObject>true</isCriticalSystemObject><description>admin</description><iconUrl>http://localhost/admin</iconUrl><name>admin</name><displayName>admin</displayName><disabled>false</disabled></updatedBy><value>[TOKEN:SVC_INSTANCE_ID]</value><orderIndex>-1</orderIndex></values><maxOccurs>1</maxOccurs><minOccurs>0</minOccurs><orderIndex>-1</orderIndex><confidential>false</confidential><encrypted>false</encrypted><consumerReadOnly>false</consumerReadOnly><consumerVisible>false</consumerVisible><dynamicValueEnabled>false</dynamicValueEnabled><isInherited>false</isInherited><measurable>false</measurable></property><property><id>2c9280e650b654b10151064b0382139b</id><objectId>2c9280e650b654b10151064b0382139b</objectId><createdOn>2015-11-14T06:59:18.146-07:00</createdOn><updatedOn>2015-11-14T06:59:18.146-07:00</updatedOn><createdBy><id>90d96588360da0c701360da0f1d600a1</id><objectId>90d96588360da0c701360da0f1d600a1</objectId><isCriticalSystemObject>true</isCriticalSystemObject><description>admin</description><iconUrl>http://localhost/admin</iconUrl><name>admin</name><displayName>admin</displayName><disabled>false</disabled></createdBy><updatedBy><id>90d96588360da0c701360da0f1d600a1</id><objectId>90d96588360da0c701360da0f1d600a1</objectId><isCriticalSystemObject>true</isCriticalSystemObject><description>admin</description><iconUrl>http://localhost/admin</iconUrl><name>admin</name><displayName>admin</displayName><disabled>false</disabled></updatedBy><isCriticalSystemObject>false</isCriticalSystemObject><name>RSC_PROVIDER_ID</name><displayName>RSC_PROVIDER_ID</displayName><valueType><id>90d96588360da0c701360da0efb50054</id><objectId>90d96588360da0c701360da0efb50054</objectId><createdOn>2015-06-17T02:51:01.390-06:00</createdOn><isCriticalSystemObject>true</isCriticalSystemObject><description>String</description><iconUrl>/csa/images/categories/value_type/string.png</iconUrl><name>STRING</name><displayName>String</displayName><disabled>false</disabled><categoryType><id>90d96588360da0c701360da0efa0004e</id><objectId>90d96588360da0c701360da0efa0004e</objectId><isCriticalSystemObject>true</isCriticalSystemObject><description>Value Type</description><name>VALUE_TYPE</name><displayName>Value Type</displayName><extensible>false</extensible></categoryType></valueType><values><id>2c9280e650b654b10151064b0382139c</id><createdOn>2015-11-14T06:59:18.146-07:00</createdOn><updatedOn>2015-11-14T06:59:18.146-07:00</updatedOn><createdBy><id>90d96588360da0c701360da0f1d600a1</id><objectId>90d96588360da0c701360da0f1d600a1</objectId><isCriticalSystemObject>true</isCriticalSystemObject><description>admin</description><iconUrl>http://localhost/admin</iconUrl><name>admin</name><displayName>admin</displayName><disabled>false</disabled></createdBy><updatedBy><id>90d96588360da0c701360da0f1d600a1</id><objectId>90d96588360da0c701360da0f1d600a1</objectId><isCriticalSystemObject>true</isCriticalSystemObject><description>admin</description><iconUrl>http://localhost/admin</iconUrl><name>admin</name><displayName>admin</displayName><disabled>false</disabled></updatedBy><value>[TOKEN:RSC_PROVIDER_ID]</value><orderIndex>-1</orderIndex></values><maxOccurs>1</maxOccurs><minOccurs>0</minOccurs><orderIndex>-1</orderIndex><confidential>false</confidential><encrypted>false</encrypted><consumerReadOnly>false</consumerReadOnly><consumerVisible>false</consumerVisible><dynamicValueEnabled>false</dynamicValueEnabled><isInherited>false</isInherited><measurable>false</measurable></property><property><id>2c9280e650b654b10151064b0382139f</id><objectId>2c9280e650b654b10151064b0382139f</objectId><createdOn>2015-11-14T06:59:18.146-07:00</createdOn><updatedOn>2015-11-14T06:59:18.146-07:00</updatedOn><createdBy><id>90d96588360da0c701360da0f1d600a1</id><objectId>90d96588360da0c701360da0f1d600a1</objectId><isCriticalSystemObject>true</isCriticalSystemObject><description>admin</description><iconUrl>http://localhost/admin</iconUrl><name>admin</name><displayName>admin</displayName><disabled>false</disabled></createdBy><updatedBy><id>90d96588360da0c701360da0f1d600a1</id><objectId>90d96588360da0c701360da0f1d600a1</objectId><isCriticalSystemObject>true</isCriticalSystemObject><description>admin</description><iconUrl>http://localhost/admin</iconUrl><name>admin</name><displayName>admin</displayName><disabled>false</disabled></updatedBy><isCriticalSystemObject>false</isCriticalSystemObject><name>SVC_SUBSCRIPTION_ID</name><displayName>SVC_SUBSCRIPTION_ID</displayName><valueType><id>90d96588360da0c701360da0efb50054</id><objectId>90d96588360da0c701360da0efb50054</objectId><createdOn>2015-06-17T02:51:01.390-06:00</createdOn><isCriticalSystemObject>true</isCriticalSystemObject><description>String</description><iconUrl>/csa/images/categories/value_type/string.png</iconUrl><name>STRING</name><displayName>String</displayName><disabled>false</disabled><categoryType><id>90d96588360da0c701360da0efa0004e</id><objectId>90d96588360da0c701360da0efa0004e</objectId><isCriticalSystemObject>true</isCriticalSystemObject><description>Value Type</description><name>VALUE_TYPE</name><displayName>Value Type</displayName><extensible>false</extensible></categoryType></valueType><values><id>2c9280e650b654b10151064b038213a0</id><createdOn>2015-11-14T06:59:18.146-07:00</createdOn><updatedOn>2015-11-14T06:59:18.146-07:00</updatedOn><createdBy><id>90d96588360da0c701360da0f1d600a1</id><objectId>90d96588360da0c701360da0f1d600a1</objectId><isCriticalSystemObject>true</isCriticalSystemObject><description>admin</description><iconUrl>http://localhost/admin</iconUrl><name>admin</name><displayName>admin</displayName><disabled>false</disabled></createdBy><updatedBy><id>90d96588360da0c701360da0f1d600a1</id><objectId>90d96588360da0c701360da0f1d600a1</objectId><isCriticalSystemObject>true</isCriticalSystemObject><description>admin</description><iconUrl>http://localhost/admin</iconUrl><name>admin</name><displayName>admin</displayName><disabled>false</disabled></updatedBy><value>[TOKEN:SVC_SUBSCRIPTION_ID]</value><orderIndex>-1</orderIndex></values><maxOccurs>1</maxOccurs><minOccurs>0</minOccurs><orderIndex>-1</orderIndex><confidential>false</confidential><encrypted>false</encrypted><consumerReadOnly>false</consumerReadOnly><consumerVisible>false</consumerVisible><dynamicValueEnabled>false</dynamicValueEnabled><isInherited>false</isInherited><measurable>false</measurable></property><property><id>2c9280e650b654b10151064b038313a7</id><objectId>2c9280e650b654b10151064b038313a7</objectId><createdOn>2015-11-14T06:59:18.147-07:00</createdOn><updatedOn>2015-11-14T06:59:18.147-07:00</updatedOn><createdBy><id>90d96588360da0c701360da0f1d600a1</id><objectId>90d96588360da0c701360da0f1d600a1</objectId><isCriticalSystemObject>true</isCriticalSystemObject><description>admin</description><iconUrl>http://localhost/admin</iconUrl><name>admin</name><displayName>admin</displayName><disabled>false</disabled></createdBy><updatedBy><id>90d96588360da0c701360da0f1d600a1</id><objectId>90d96588360da0c701360da0f1d600a1</objectId><isCriticalSystemObject>true</isCriticalSystemObject><description>admin</description><iconUrl>http://localhost/admin</iconUrl><name>admin</name><displayName>admin</displayName><disabled>false</disabled></updatedBy><isCriticalSystemObject>false</isCriticalSystemObject><name>SVC_SUBSCRIPTION_EMAIL</name><displayName>SVC_SUBSCRIPTION_EMAIL</displayName><valueType><id>90d96588360da0c701360da0efb50054</id><objectId>90d96588360da0c701360da0efb50054</objectId><createdOn>2015-06-17T02:51:01.390-06:00</createdOn><isCriticalSystemObject>true</isCriticalSystemObject><description>String</description><iconUrl>/csa/images/categories/value_type/string.png</iconUrl><name>STRING</name><displayName>String</displayName><disabled>false</disabled><categoryType><id>90d96588360da0c701360da0efa0004e</id><objectId>90d96588360da0c701360da0efa0004e</objectId><isCriticalSystemObject>true</isCriticalSystemObject><description>Value Type</description><name>VALUE_TYPE</name><displayName>Value Type</displayName><extensible>false</extensible></categoryType></valueType><values><id>2c9280e650b654b10151064b038313a8</id><createdOn>2015-11-14T06:59:18.147-07:00</createdOn><updatedOn>2015-11-14T06:59:18.147-07:00</updatedOn><createdBy><id>90d96588360da0c701360da0f1d600a1</id><objectId>90d96588360da0c701360da0f1d600a1</objectId><isCriticalSystemObject>true</isCriticalSystemObject><description>admin</description><iconUrl>http://localhost/admin</iconUrl><name>admin</name><displayName>admin</displayName><disabled>false</disabled></createdBy><updatedBy><id>90d96588360da0c701360da0f1d600a1</id><objectId>90d96588360da0c701360da0f1d600a1</objectId><isCriticalSystemObject>true</isCriticalSystemObject><description>admin</description><iconUrl>http://localhost/admin</iconUrl><name>admin</name><displayName>admin</displayName><disabled>false</disabled></updatedBy><value>[TOKEN:SVC_SUBSCRIPTION_EMAIL]</value><orderIndex>-1</orderIndex></values><maxOccurs>1</maxOccurs><minOccurs>0</minOccurs><orderIndex>-1</orderIndex><confidential>false</confidential><encrypted>false</encrypted><consumerReadOnly>false</consumerReadOnly><consumerVisible>false</consumerVisible><dynamicValueEnabled>false</dynamicValueEnabled><isInherited>false</isInherited><measurable>false</measurable></property><property><id>2c9280e650b654b10151064b038313a3</id><objectId>2c9280e650b654b10151064b038313a3</objectId><createdOn>2015-11-14T06:59:18.147-07:00</createdOn><updatedOn>2015-11-14T06:59:18.147-07:00</updatedOn><createdBy><id>90d96588360da0c701360da0f1d600a1</id><objectId>90d96588360da0c701360da0f1d600a1</objectId><isCriticalSystemObject>true</isCriticalSystemObject><description>admin</description><iconUrl>http://localhost/admin</iconUrl><name>admin</name><displayName>admin</displayName><disabled>false</disabled></createdBy><updatedBy><id>90d96588360da0c701360da0f1d600a1</id><objectId>90d96588360da0c701360da0f1d600a1</objectId><isCriticalSystemObject>true</isCriticalSystemObject><description>admin</description><iconUrl>http://localhost/admin</iconUrl><name>admin</name><displayName>admin</displayName><disabled>false</disabled></updatedBy><isCriticalSystemObject>false</isCriticalSystemObject><name>REQ_ORG_ID</name><displayName>REQ_ORG_ID</displayName><valueType><id>90d96588360da0c701360da0efb50054</id><objectId>90d96588360da0c701360da0efb50054</objectId><createdOn>2015-06-17T02:51:01.390-06:00</createdOn><isCriticalSystemObject>true</isCriticalSystemObject><description>String</description><iconUrl>/csa/images/categories/value_type/string.png</iconUrl><name>STRING</name><displayName>String</displayName><disabled>false</disabled><categoryType><id>90d96588360da0c701360da0efa0004e</id><objectId>90d96588360da0c701360da0efa0004e</objectId><isCriticalSystemObject>true</isCriticalSystemObject><description>Value Type</description><name>VALUE_TYPE</name><displayName>Value Type</displayName><extensible>false</extensible></categoryType></valueType><values><id>2c9280e650b654b10151064b038313a4</id><createdOn>2015-11-14T06:59:18.147-07:00</createdOn><updatedOn>2015-11-14T06:59:18.147-07:00</updatedOn><createdBy><id>90d96588360da0c701360da0f1d600a1</id><objectId>90d96588360da0c701360da0f1d600a1</objectId><isCriticalSystemObject>true</isCriticalSystemObject><description>admin</description><iconUrl>http://localhost/admin</iconUrl><name>admin</name><displayName>admin</displayName><disabled>false</disabled></createdBy><updatedBy><id>90d96588360da0c701360da0f1d600a1</id><objectId>90d96588360da0c701360da0f1d600a1</objectId><isCriticalSystemObject>true</isCriticalSystemObject><description>admin</description><iconUrl>http://localhost/admin</iconUrl><name>admin</name><displayName>admin</displayName><disabled>false</disabled></updatedBy><value>[TOKEN:REQ_ORG_ID]</value><orderIndex>-1</orderIndex></values><maxOccurs>1</maxOccurs><minOccurs>0</minOccurs><orderIndex>-1</orderIndex><confidential>false</confidential><encrypted>false</encrypted><consumerReadOnly>false</consumerReadOnly><consumerVisible>false</consumerVisible><dynamicValueEnabled>false</dynamicValueEnabled><isInherited>false</isInherited><measurable>false</measurable></property><property><id>2c9280e650b654b10151064b0380138b</id><objectId>2c9280e650b654b10151064b0380138b</objectId><createdOn>2015-11-14T06:59:18.144-07:00</createdOn><updatedOn>2015-11-14T06:59:18.144-07:00</updatedOn><createdBy><id>90d96588360da0c701360da0f1d600a1</id><objectId>90d96588360da0c701360da0f1d600a1</objectId><isCriticalSystemObject>true</isCriticalSystemObject><description>admin</description><iconUrl>http://localhost/admin</iconUrl><name>admin</name><displayName>admin</displayName><disabled>false</disabled></createdBy><updatedBy><id>90d96588360da0c701360da0f1d600a1</id><objectId>90d96588360da0c701360da0f1d600a1</objectId><isCriticalSystemObject>true</isCriticalSystemObject><description>admin</description><iconUrl>http://localhost/admin</iconUrl><name>admin</name><displayName>admin</displayName><disabled>false</disabled></updatedBy><isCriticalSystemObject>false</isCriticalSystemObject><name>CSA_PROCESS_ID</name><displayName>CSA_PROCESS_ID</displayName><valueType><id>90d96588360da0c701360da0efb50054</id><objectId>90d96588360da0c701360da0efb50054</objectId><createdOn>2015-06-17T02:51:01.390-06:00</createdOn><isCriticalSystemObject>true</isCriticalSystemObject><description>String</description><iconUrl>/csa/images/categories/value_type/string.png</iconUrl><name>STRING</name><displayName>String</displayName><disabled>false</disabled><categoryType><id>90d96588360da0c701360da0efa0004e</id><objectId>90d96588360da0c701360da0efa0004e</objectId><isCriticalSystemObject>true</isCriticalSystemObject><description>Value Type</description><name>VALUE_TYPE</name><displayName>Value Type</displayName><extensible>false</extensible></categoryType></valueType><values><id>2c9280e650b654b10151064b0381138c</id><createdOn>2015-11-14T06:59:18.145-07:00</createdOn><updatedOn>2015-11-14T06:59:18.145-07:00</updatedOn><createdBy><id>90d96588360da0c701360da0f1d600a1</id><objectId>90d96588360da0c701360da0f1d600a1</objectId><isCriticalSystemObject>true</isCriticalSystemObject><description>admin</description><iconUrl>http://localhost/admin</iconUrl><name>admin</name><displayName>admin</displayName><disabled>false</disabled></createdBy><updatedBy><id>90d96588360da0c701360da0f1d600a1</id><objectId>90d96588360da0c701360da0f1d600a1</objectId><isCriticalSystemObject>true</isCriticalSystemObject><description>admin</description><iconUrl>http://localhost/admin</iconUrl><name>admin</name><displayName>admin</displayName><disabled>false</disabled></updatedBy><orderIndex>-1</orderIndex></values><maxOccurs>1</maxOccurs><minOccurs>0</minOccurs><orderIndex>-1</orderIndex><confidential>false</confidential><encrypted>false</encrypted><consumerReadOnly>false</consumerReadOnly><consumerVisible>false</consumerVisible><dynamicValueEnabled>false</dynamicValueEnabled><isInherited>false</isInherited><measurable>false</measurable></property><property><id>2c9280e650b654b10151064b03821399</id><objectId>2c9280e650b654b10151064b03821399</objectId><createdOn>2015-11-14T06:59:18.146-07:00</createdOn><updatedOn>2015-11-14T06:59:18.146-07:00</updatedOn><createdBy><id>90d96588360da0c701360da0f1d600a1</id><objectId>90d96588360da0c701360da0f1d600a1</objectId><isCriticalSystemObject>true</isCriticalSystemObject><description>admin</description><iconUrl>http://localhost/admin</iconUrl><name>admin</name><displayName>admin</displayName><disabled>false</disabled></createdBy><updatedBy><id>90d96588360da0c701360da0f1d600a1</id><objectId>90d96588360da0c701360da0f1d600a1</objectId><isCriticalSystemObject>true</isCriticalSystemObject><description>admin</description><iconUrl>http://localhost/admin</iconUrl><name>admin</name><displayName>admin</displayName><disabled>false</disabled></updatedBy><isCriticalSystemObject>false</isCriticalSystemObject><name>SVC_COMPONENT_TYPE</name><displayName>SVC_COMPONENT_TYPE</displayName><valueType><id>90d96588360da0c701360da0efb50054</id><objectId>90d96588360da0c701360da0efb50054</objectId><createdOn>2015-06-17T02:51:01.390-06:00</createdOn><isCriticalSystemObject>true</isCriticalSystemObject><description>String</description><iconUrl>/csa/images/categories/value_type/string.png</iconUrl><name>STRING</name><displayName>String</displayName><disabled>false</disabled><categoryType><id>90d96588360da0c701360da0efa0004e</id><objectId>90d96588360da0c701360da0efa0004e</objectId><isCriticalSystemObject>true</isCriticalSystemObject><description>Value Type</description><name>VALUE_TYPE</name><displayName>Value Type</displayName><extensible>false</extensible></categoryType></valueType><values><id>2c9280e650b654b10151064b0382139a</id><createdOn>2015-11-14T06:59:18.146-07:00</createdOn><updatedOn>2015-11-14T06:59:18.146-07:00</updatedOn><createdBy><id>90d96588360da0c701360da0f1d600a1</id><objectId>90d96588360da0c701360da0f1d600a1</objectId><isCriticalSystemObject>true</isCriticalSystemObject><description>admin</description><iconUrl>http://localhost/admin</iconUrl><name>admin</name><displayName>admin</displayName><disabled>false</disabled></createdBy><updatedBy><id>90d96588360da0c701360da0f1d600a1</id><objectId>90d96588360da0c701360da0f1d600a1</objectId><isCriticalSystemObject>true</isCriticalSystemObject><description>admin</description><iconUrl>http://localhost/admin</iconUrl><name>admin</name><displayName>admin</displayName><disabled>false</disabled></updatedBy><value>[TOKEN:SVC_COMPONENT_TYPE]</value><orderIndex>-1</orderIndex></values><maxOccurs>1</maxOccurs><minOccurs>0</minOccurs><orderIndex>-1</orderIndex><confidential>false</confidential><encrypted>false</encrypted><consumerReadOnly>false</consumerReadOnly><consumerVisible>false</consumerVisible><dynamicValueEnabled>false</dynamicValueEnabled><isInherited>false</isInherited><measurable>false</measurable></property><property><id>2c9280e650b654b10151064b0381138f</id><objectId>2c9280e650b654b10151064b0381138f</objectId><createdOn>2015-11-14T06:59:18.145-07:00</createdOn><updatedOn>2015-11-14T06:59:18.145-07:00</updatedOn><createdBy><id>90d96588360da0c701360da0f1d600a1</id><objectId>90d96588360da0c701360da0f1d600a1</objectId><isCriticalSystemObject>true</isCriticalSystemObject><description>admin</description><iconUrl>http://localhost/admin</iconUrl><name>admin</name><displayName>admin</displayName><disabled>false</disabled></createdBy><updatedBy><id>90d96588360da0c701360da0f1d600a1</id><objectId>90d96588360da0c701360da0f1d600a1</objectId><isCriticalSystemObject>true</isCriticalSystemObject><description>admin</description><iconUrl>http://localhost/admin</iconUrl><name>admin</name><displayName>admin</displayName><disabled>false</disabled></updatedBy><isCriticalSystemObject>false</isCriticalSystemObject><name>REQ_USER_ID</name><displayName>REQ_USER_ID</displayName><valueType><id>90d96588360da0c701360da0efb50054</id><objectId>90d96588360da0c701360da0efb50054</objectId><createdOn>2015-06-17T02:51:01.390-06:00</createdOn><isCriticalSystemObject>true</isCriticalSystemObject><description>String</description><iconUrl>/csa/images/categories/value_type/string.png</iconUrl><name>STRING</name><displayName>String</displayName><disabled>false</disabled><categoryType><id>90d96588360da0c701360da0efa0004e</id><objectId>90d96588360da0c701360da0efa0004e</objectId><isCriticalSystemObject>true</isCriticalSystemObject><description>Value Type</description><name>VALUE_TYPE</name><displayName>Value Type</displayName><extensible>false</extensible></categoryType></valueType><values><id>2c9280e650b654b10151064b03811390</id><createdOn>2015-11-14T06:59:18.145-07:00</createdOn><updatedOn>2015-11-14T06:59:18.145-07:00</updatedOn><createdBy><id>90d96588360da0c701360da0f1d600a1</id><objectId>90d96588360da0c701360da0f1d600a1</objectId><isCriticalSystemObject>true</isCriticalSystemObject><description>admin</description><iconUrl>http://localhost/admin</iconUrl><name>admin</name><displayName>admin</displayName><disabled>false</disabled></createdBy><updatedBy><id>90d96588360da0c701360da0f1d600a1</id><objectId>90d96588360da0c701360da0f1d600a1</objectId><isCriticalSystemObject>true</isCriticalSystemObject><description>admin</description><iconUrl>http://localhost/admin</iconUrl><name>admin</name><displayName>admin</displayName><disabled>false</disabled></updatedBy><value>[TOKEN:REQ_USER_ID]</value><orderIndex>-1</orderIndex></values><maxOccurs>1</maxOccurs><minOccurs>0</minOccurs><orderIndex>-1</orderIndex><confidential>false</confidential><encrypted>false</encrypted><consumerReadOnly>false</consumerReadOnly><consumerVisible>false</consumerVisible><dynamicValueEnabled>false</dynamicValueEnabled><isInherited>false</isInherited><measurable>false</measurable></property><property><id>2c9280e650b654b10151064b03811391</id><objectId>2c9280e650b654b10151064b03811391</objectId><createdOn>2015-11-14T06:59:18.145-07:00</createdOn><updatedOn>2015-11-14T06:59:18.145-07:00</updatedOn><createdBy><id>90d96588360da0c701360da0f1d600a1</id><objectId>90d96588360da0c701360da0f1d600a1</objectId><isCriticalSystemObject>true</isCriticalSystemObject><description>admin</description><iconUrl>http://localhost/admin</iconUrl><name>admin</name><displayName>admin</displayName><disabled>false</disabled></createdBy><updatedBy><id>90d96588360da0c701360da0f1d600a1</id><objectId>90d96588360da0c701360da0f1d600a1</objectId><isCriticalSystemObject>true</isCriticalSystemObject><description>admin</description><iconUrl>http://localhost/admin</iconUrl><name>admin</name><displayName>admin</displayName><disabled>false</disabled></updatedBy><isCriticalSystemObject>false</isCriticalSystemObject><name>CSA_CONTEXT_ID</name><displayName>CSA_CONTEXT_ID</displayName><valueType><id>90d96588360da0c701360da0efb50054</id><objectId>90d96588360da0c701360da0efb50054</objectId><createdOn>2015-06-17T02:51:01.390-06:00</createdOn><isCriticalSystemObject>true</isCriticalSystemObject><description>String</description><iconUrl>/csa/images/categories/value_type/string.png</iconUrl><name>STRING</name><displayName>String</displayName><disabled>false</disabled><categoryType><id>90d96588360da0c701360da0efa0004e</id><objectId>90d96588360da0c701360da0efa0004e</objectId><isCriticalSystemObject>true</isCriticalSystemObject><description>Value Type</description><name>VALUE_TYPE</name><displayName>Value Type</displayName><extensible>false</extensible></categoryType></valueType><values><id>2c9280e650b654b10151064b03811392</id><createdOn>2015-11-14T06:59:18.145-07:00</createdOn><updatedOn>2015-11-14T06:59:18.145-07:00</updatedOn><createdBy><id>90d96588360da0c701360da0f1d600a1</id><objectId>90d96588360da0c701360da0f1d600a1</objectId><isCriticalSystemObject>true</isCriticalSystemObject><description>admin</description><iconUrl>http://localhost/admin</iconUrl><name>admin</name><displayName>admin</displayName><disabled>false</disabled></createdBy><updatedBy><id>90d96588360da0c701360da0f1d600a1</id><objectId>90d96588360da0c701360da0f1d600a1</objectId><isCriticalSystemObject>true</isCriticalSystemObject><description>admin</description><iconUrl>http://localhost/admin</iconUrl><name>admin</name><displayName>admin</displayName><disabled>false</disabled></updatedBy><orderIndex>-1</orderIndex></values><maxOccurs>1</maxOccurs><minOccurs>0</minOccurs><orderIndex>-1</orderIndex><confidential>false</confidential><encrypted>false</encrypted><consumerReadOnly>false</consumerReadOnly><consumerVisible>false</consumerVisible><dynamicValueEnabled>false</dynamicValueEnabled><isInherited>false</isInherited><measurable>false</measurable></property><property><id>2c9280e650b654b10151064b03811393</id><objectId>2c9280e650b654b10151064b03811393</objectId><createdOn>2015-11-14T06:59:18.145-07:00</createdOn><updatedOn>2015-11-14T06:59:18.145-07:00</updatedOn><createdBy><id>90d96588360da0c701360da0f1d600a1</id><objectId>90d96588360da0c701360da0f1d600a1</objectId><isCriticalSystemObject>true</isCriticalSystemObject><description>admin</description><iconUrl>http://localhost/admin</iconUrl><name>admin</name><displayName>admin</displayName><disabled>false</disabled></createdBy><updatedBy><id>90d96588360da0c701360da0f1d600a1</id><objectId>90d96588360da0c701360da0f1d600a1</objectId><isCriticalSystemObject>true</isCriticalSystemObject><description>admin</description><iconUrl>http://localhost/admin</iconUrl><name>admin</name><displayName>admin</displayName><disabled>false</disabled></updatedBy><isCriticalSystemObject>false</isCriticalSystemObject><name>SVC_COMPONENT_ID</name><displayName>SVC_COMPONENT_ID</displayName><valueType><id>90d96588360da0c701360da0efb50054</id><objectId>90d96588360da0c701360da0efb50054</objectId><createdOn>2015-06-17T02:51:01.390-06:00</createdOn><isCriticalSystemObject>true</isCriticalSystemObject><description>String</description><iconUrl>/csa/images/categories/value_type/string.png</iconUrl><name>STRING</name><displayName>String</displayName><disabled>false</disabled><categoryType><id>90d96588360da0c701360da0efa0004e</id><objectId>90d96588360da0c701360da0efa0004e</objectId><isCriticalSystemObject>true</isCriticalSystemObject><description>Value Type</description><name>VALUE_TYPE</name><displayName>Value Type</displayName><extensible>false</extensible></categoryType></valueType><values><id>2c9280e650b654b10151064b03811394</id><createdOn>2015-11-14T06:59:18.145-07:00</createdOn><updatedOn>2015-11-14T06:59:18.145-07:00</updatedOn><createdBy><id>90d96588360da0c701360da0f1d600a1</id><objectId>90d96588360da0c701360da0f1d600a1</objectId><isCriticalSystemObject>true</isCriticalSystemObject><description>admin</description><iconUrl>http://localhost/admin</iconUrl><name>admin</name><displayName>admin</displayName><disabled>false</disabled></createdBy><updatedBy><id>90d96588360da0c701360da0f1d600a1</id><objectId>90d96588360da0c701360da0f1d600a1</objectId><isCriticalSystemObject>true</isCriticalSystemObject><description>admin</description><iconUrl>http://localhost/admin</iconUrl><name>admin</name><displayName>admin</displayName><disabled>false</disabled></updatedBy><value>[TOKEN:SVC_COMPONENT_ID]</value><orderIndex>-1</orderIndex></values><maxOccurs>1</maxOccurs><minOccurs>0</minOccurs><orderIndex>-1</orderIndex><confidential>false</confidential><encrypted>false</encrypted><consumerReadOnly>false</consumerReadOnly><consumerVisible>false</consumerVisible><dynamicValueEnabled>false</dynamicValueEnabled><isInherited>false</isInherited><measurable>false</measurable></property><property><id>2c9280e650b654b10151064b0381138d</id><objectId>2c9280e650b654b10151064b0381138d</objectId><createdOn>2015-11-14T06:59:18.145-07:00</createdOn><updatedOn>2015-11-14T06:59:18.145-07:00</updatedOn><createdBy><id>90d96588360da0c701360da0f1d600a1</id><objectId>90d96588360da0c701360da0f1d600a1</objectId><isCriticalSystemObject>true</isCriticalSystemObject><description>admin</description><iconUrl>http://localhost/admin</iconUrl><name>admin</name><displayName>admin</displayName><disabled>false</disabled></createdBy><updatedBy><id>90d96588360da0c701360da0f1d600a1</id><objectId>90d96588360da0c701360da0f1d600a1</objectId><isCriticalSystemObject>true</isCriticalSystemObject><description>admin</description><iconUrl>http://localhost/admin</iconUrl><name>admin</name><displayName>admin</displayName><disabled>false</disabled></updatedBy><isCriticalSystemObject>false</isCriticalSystemObject><name>RSC_SUBSCRIPTION_ID</name><displayName>RSC_SUBSCRIPTION_ID</displayName><valueType><id>90d96588360da0c701360da0efb50054</id><objectId>90d96588360da0c701360da0efb50054</objectId><createdOn>2015-06-17T02:51:01.390-06:00</createdOn><isCriticalSystemObject>true</isCriticalSystemObject><description>String</description><iconUrl>/csa/images/categories/value_type/string.png</iconUrl><name>STRING</name><displayName>String</displayName><disabled>false</disabled><categoryType><id>90d96588360da0c701360da0efa0004e</id><objectId>90d96588360da0c701360da0efa0004e</objectId><isCriticalSystemObject>true</isCriticalSystemObject><description>Value Type</description><name>VALUE_TYPE</name><displayName>Value Type</displayName><extensible>false</extensible></categoryType></valueType><values><id>2c9280e650b654b10151064b0381138e</id><createdOn>2015-11-14T06:59:18.145-07:00</createdOn><updatedOn>2015-11-14T06:59:18.145-07:00</updatedOn><createdBy><id>90d96588360da0c701360da0f1d600a1</id><objectId>90d96588360da0c701360da0f1d600a1</objectId><isCriticalSystemObject>true</isCriticalSystemObject><description>admin</description><iconUrl>http://localhost/admin</iconUrl><name>admin</name><displayName>admin</displayName><disabled>false</disabled></createdBy><updatedBy><id>90d96588360da0c701360da0f1d600a1</id><objectId>90d96588360da0c701360da0f1d600a1</objectId><isCriticalSystemObject>true</isCriticalSystemObject><description>admin</description><iconUrl>http://localhost/admin</iconUrl><name>admin</name><displayName>admin</displayName><disabled>false</disabled></updatedBy><value>[TOKEN:RSC_SUBSCRIPTION_ID]</value><orderIndex>-1</orderIndex></values><maxOccurs>1</maxOccurs><minOccurs>0</minOccurs><orderIndex>-1</orderIndex><confidential>false</confidential><encrypted>false</encrypted><consumerReadOnly>false</consumerReadOnly><consumerVisible>false</consumerVisible><dynamicValueEnabled>false</dynamicValueEnabled><isInherited>false</isInherited><measurable>false</measurable></property><consumerVisible>false</consumerVisible><executeAtUpgrade>false</executeAtUpgrade></action><artifactType><id>90d96588360da0c701360da0eed5001e</id><objectId>90d96588360da0c701360da0eed5001e</objectId><createdOn>2015-06-17T02:51:01.390-06:00</createdOn><isCriticalSystemObject>true</isCriticalSystemObject><description>Resource Offering</description><iconUrl>/csa/images/categories/artifact_type/resource_offering.png</iconUrl><name>RESOURCE_OFFERING</name><displayName>Resource Offering</displayName><disabled>false</disabled><categoryType><id>90d96588360da0c701360da0eeb40017</id><objectId>90d96588360da0c701360da0eeb40017</objectId><isCriticalSystemObject>true</isCriticalSystemObject><description>Artifact Type</description><name>ARTIFACT_TYPE</name><displayName>Artifact Type</displayName><extensible>false</extensible></categoryType></artifactType><disabled>false</disabled><resourceCategory><id>90d96588360da0c701360da0ef59003b</id><objectId>90d96588360da0c701360da0ef59003b</objectId><createdOn>2015-06-17T02:51:01.390-06:00</createdOn><isCriticalSystemObject>true</isCriticalSystemObject><description>Application</description><iconUrl>/csa/images/categories/resource_category/application.png</iconUrl><name>APPLICATION</name><displayName>Application</displayName><disabled>false</disabled><categoryType><id>90d96588360da0c701360da0ef53003a</id><objectId>90d96588360da0c701360da0ef53003a</objectId><isCriticalSystemObject>true</isCriticalSystemObject><description>Resource Category</description><name>RESOURCE_CATEGORY</name><displayName>Resource Category</displayName><extensible>true</extensible></categoryType><numberOfResourceOffering>0</numberOfResourceOffering></resourceCategory><providerType><id>2c9280e650b654b10151019dd122133e</id><objectId>2c9280e650b654b10151019dd122133e</objectId><createdOn>2015-11-13T09:11:38.658-07:00</createdOn><updatedOn>2015-11-13T09:11:38.658-07:00</updatedOn><createdBy><id>90d96588360da0c701360da0f1d600a1</id><objectId>90d96588360da0c701360da0f1d600a1</objectId><isCriticalSystemObject>true</isCriticalSystemObject><description>admin</description><iconUrl>http://localhost/admin</iconUrl><name>admin</name><displayName>admin</displayName><disabled>false</disabled></createdBy><updatedBy><id>90d96588360da0c701360da0f1d600a1</id><objectId>90d96588360da0c701360da0f1d600a1</objectId><isCriticalSystemObject>true</isCriticalSystemObject><description>admin</description><iconUrl>http://localhost/admin</iconUrl><name>admin</name><displayName>admin</displayName><disabled>false</disabled></updatedBy><isCriticalSystemObject>false</isCriticalSystemObject><description>Commvault backup and restore.</description><iconUrl>/csa/images/library/index.png</iconUrl><name>COMMVAULT</name><displayName>Commvault</displayName><disabled>false</disabled><categoryType><id>90d96588360da0c701360da0ee8c000e</id><objectId>90d96588360da0c701360da0ee8c000e</objectId><isCriticalSystemObject>true</isCriticalSystemObject><description>Provider Type</description><name>PROVIDER_TYPE</name><displayName>Provider Type</displayName><extensible>true</extensible></categoryType></providerType><resourceProviders><id>2c9280e650b654b10151019fdd801340</id><createdOn>2015-11-13T09:13:52.896-07:00</createdOn><updatedOn>2015-11-13T09:13:52.896-07:00</updatedOn><isCriticalSystemObject>false</isCriticalSystemObject><iconUrl>/csa/images/library/index.png</iconUrl><name>Commvault</name><displayName>Commvault</displayName><state><id>90d96588360da0c701360da0ef470038</id><isCriticalSystemObject>false</isCriticalSystemObject><name>ACTIVE</name><disabled>false</disabled></state><artifactType><id>90d96588360da0c701360da0eed8001f</id><isCriticalSystemObject>false</isCriticalSystemObject><name>RESOURCE_PROVIDER</name><disabled>false</disabled></artifactType><disabled>false</disabled><accessPoint><id>2c9280e650b654b10151019fdd80133f</id><createdOn>2015-11-13T09:13:52.896-07:00</createdOn><updatedOn>2015-11-13T09:13:52.927-07:00</updatedOn><createdBy><id>90d96588360da0c701360da0f1d600a1</id><isCriticalSystemObject>false</isCriticalSystemObject><disabled>false</disabled><distinguishedName>csa://Organizations/CSA-Provider/users/admin</distinguishedName><userName>admin</userName><organization><id>90d96588360da0c701360da0f15b009e</id><isCriticalSystemObject>false</isCriticalSystemObject><disabled>false</disabled></organization></createdBy><updatedBy><id>90d96588360da0c701360da0f1d600a1</id><isCriticalSystemObject>false</isCriticalSystemObject><disabled>false</disabled><distinguishedName>csa://Organizations/CSA-Provider/users/admin</distinguishedName><userName>admin</userName><organization><id>90d96588360da0c701360da0f15b009e</id><isCriticalSystemObject>false</isCriticalSystemObject><disabled>false</disabled></organization></updatedBy><isCriticalSystemObject>false</isCriticalSystemObject><category><id>90d96588360da0c701360da0ee390004</id><isCriticalSystemObject>false</isCriticalSystemObject><name>URL</name><disabled>false</disabled></category><uri>http://172.16.0.155:81</uri><username>admin</username><port>0</port><authRequired>false</authRequired></accessPoint><providerType><id>2c9280e650b654b10151019dd122133e</id><isCriticalSystemObject>false</isCriticalSystemObject><description>Commvault backup and restore.</description><iconUrl>/csa/images/library/index.png</iconUrl><name>COMMVAULT</name><displayName>Commvault</displayName><disabled>false</disabled></providerType></resourceProviders></ResourceOffering>