<?xml version="1.0" encoding="UTF-8" standalone="yes"?><ResourceOffering><id>90cd93984e00ca5a014e0117093131b5</id><objectId>90cd93984e00ca5a014e0117093131b5</objectId><createdOn>2015-06-17T04:36:03.761-06:00</createdOn><updatedOn>2015-06-17T04:36:03.761-06:00</updatedOn><createdBy><id>90d96588360da0c701360da0f1d600a1</id><objectId>90d96588360da0c701360da0f1d600a1</objectId><isCriticalSystemObject>true</isCriticalSystemObject><description>admin</description><iconUrl>http://localhost/admin</iconUrl><name>admin</name><displayName>admin</displayName><disabled>false</disabled></createdBy><updatedBy><id>90d96588360da0c701360da0f1d600a1</id><objectId>90d96588360da0c701360da0f1d600a1</objectId><isCriticalSystemObject>true</isCriticalSystemObject><description>admin</description><iconUrl>http://localhost/admin</iconUrl><name>admin</name><displayName>admin</displayName><disabled>false</disabled></updatedBy><isCriticalSystemObject>false</isCriticalSystemObject><description>Check windows sysprep completed</description><iconUrl>/csa/images/categories/resource_category/compute.png</iconUrl><name>fe1a88d6-1436-4623-80ad-d922b9ee92b5</name><displayName>CSL_RO_VCENTER_COMPUTE_SYSPREP_COMPLETE_CHECK_3.20</displayName><state><id>90d96588360da0c701360da0ef470038</id><objectId>90d96588360da0c701360da0ef470038</objectId><createdOn>2015-06-17T02:51:01.390-06:00</createdOn><isCriticalSystemObject>true</isCriticalSystemObject><description>Active</description><iconUrl>/csa/images/categories/artifact_state/active.png</iconUrl><name>ACTIVE</name><displayName>Active</displayName><disabled>false</disabled><categoryType><id>90d96588360da0c701360da0ef420037</id><objectId>90d96588360da0c701360da0ef420037</objectId><isCriticalSystemObject>true</isCriticalSystemObject><description>Artifact State</description><name>ARTIFACT_STATE</name><displayName>Artifact State</displayName><extensible>false</extensible></categoryType></state><action><id>90cd93984e00ca5a014e0117093531d5</id><objectId>90cd93984e00ca5a014e0117093531d5</objectId><createdOn>2015-06-17T04:36:03.765-06:00</createdOn><updatedOn>2015-06-17T04:36:03.794-06:00</updatedOn><createdBy><id>90d96588360da0c701360da0f1d600a1</id><objectId>90d96588360da0c701360da0f1d600a1</objectId><isCriticalSystemObject>true</isCriticalSystemObject><description>admin</description><iconUrl>http://localhost/admin</iconUrl><name>admin</name><displayName>admin</displayName><disabled>false</disabled></createdBy><updatedBy><id>90d96588360da0c701360da0f1d600a1</id><objectId>90d96588360da0c701360da0f1d600a1</objectId><isCriticalSystemObject>true</isCriticalSystemObject><description>admin</description><iconUrl>http://localhost/admin</iconUrl><name>admin</name><displayName>admin</displayName><disabled>false</disabled></updatedBy><isCriticalSystemObject>false</isCriticalSystemObject><name>Windows_-_Check_Sysprep_Complete_November 22, 2013 8:50:21 PM UTC</name><displayName>Windows - Check Sysprep Complete</displayName><errorOnTimeout>true</errorOnTimeout><failOnError>true</failOnError><processDefinition><id>90cd93984e01126d014e0113ecc500b9</id><objectId>90cd93984e01126d014e0113ecc500b9</objectId><isCriticalSystemObject>false</isCriticalSystemObject><name>/Library/ITOM Demo Content/CSA3.2/Providers/Windows Utils/Actions/Windows - Check Sysprep Complete</name><displayName>Windows - Check Sysprep Complete</displayName></processDefinition><stateConstraint><id>90cd93984e00ca5a014e0117093331bd</id><createdOn>2015-06-17T04:36:03.763-06:00</createdOn><updatedOn>2015-06-17T04:36:03.808-06:00</updatedOn><createdBy><id>90d96588360da0c701360da0f1d600a1</id><objectId>90d96588360da0c701360da0f1d600a1</objectId><isCriticalSystemObject>true</isCriticalSystemObject><description>admin</description><iconUrl>http://localhost/admin</iconUrl><name>admin</name><displayName>admin</displayName><disabled>false</disabled></createdBy><updatedBy><id>90d96588360da0c701360da0f1d600a1</id><objectId>90d96588360da0c701360da0f1d600a1</objectId><isCriticalSystemObject>true</isCriticalSystemObject><description>admin</description><iconUrl>http://localhost/admin</iconUrl><name>admin</name><displayName>admin</displayName><disabled>false</disabled></updatedBy><lifecycleState><id>90d96588360da0c701360da0f23400ba</id><objectId>90d96588360da0c701360da0f23400ba</objectId><createdOn>2015-06-17T02:51:01.390-06:00</createdOn><isCriticalSystemObject>true</isCriticalSystemObject><description>Deploying</description><iconUrl>/csa/images/categories/lifecycle_state/deploying.png</iconUrl><name>DEPLOYING</name><displayName>Deploying</displayName><disabled>false</disabled><categoryType><id>90d96588360da0c701360da0f21300ae</id><objectId>90d96588360da0c701360da0f21300ae</objectId><isCriticalSystemObject>true</isCriticalSystemObject><description>Lifecycle State</description><name>LIFECYCLE_STATE</name><displayName>Lifecycle State</displayName><extensible>false</extensible></categoryType></lifecycleState><lifecycleSubstate><id>90d96588360da0c701360da0f24600be</id><objectId>90d96588360da0c701360da0f24600be</objectId><createdOn>2015-06-17T02:51:01.390-06:00</createdOn><isCriticalSystemObject>true</isCriticalSystemObject><description>Transition</description><iconUrl>/csa/images/categories/lifecycle_substate/transition.png</iconUrl><name>TRANSITION</name><displayName>Transition</displayName><disabled>false</disabled><categoryType><id>90d96588360da0c701360da0f23e00bc</id><objectId>90d96588360da0c701360da0f23e00bc</objectId><isCriticalSystemObject>true</isCriticalSystemObject><description>Lifecycle Substate</description><name>LIFECYCLE_SUBSTATE</name><displayName>Lifecycle Substate</displayName><extensible>false</extensible></categoryType></lifecycleSubstate><lifecycleExecOrder>1</lifecycleExecOrder></stateConstraint><timeout>3600</timeout><property><id>90cd93984e00ca5a014e0117093331c5</id><objectId>90cd93984e00ca5a014e0117093331c5</objectId><createdOn>2015-06-17T04:36:03.763-06:00</createdOn><updatedOn>2015-06-17T04:36:03.763-06:00</updatedOn><createdBy><id>90d96588360da0c701360da0f1d600a1</id><objectId>90d96588360da0c701360da0f1d600a1</objectId><isCriticalSystemObject>true</isCriticalSystemObject><description>admin</description><iconUrl>http://localhost/admin</iconUrl><name>admin</name><displayName>admin</displayName><disabled>false</disabled></createdBy><updatedBy><id>90d96588360da0c701360da0f1d600a1</id><objectId>90d96588360da0c701360da0f1d600a1</objectId><isCriticalSystemObject>true</isCriticalSystemObject><description>admin</description><iconUrl>http://localhost/admin</iconUrl><name>admin</name><displayName>admin</displayName><disabled>false</disabled></updatedBy><isCriticalSystemObject>false</isCriticalSystemObject><name>SVC_INSTANCE_ID</name><displayName>SVC_INSTANCE_ID</displayName><valueType><id>90d96588360da0c701360da0efb50054</id><objectId>90d96588360da0c701360da0efb50054</objectId><createdOn>2015-06-17T02:51:01.390-06:00</createdOn><isCriticalSystemObject>true</isCriticalSystemObject><description>String</description><iconUrl>/csa/images/categories/value_type/string.png</iconUrl><name>STRING</name><displayName>String</displayName><disabled>false</disabled><categoryType><id>90d96588360da0c701360da0efa0004e</id><objectId>90d96588360da0c701360da0efa0004e</objectId><isCriticalSystemObject>true</isCriticalSystemObject><description>Value Type</description><name>VALUE_TYPE</name><displayName>Value Type</displayName><extensible>false</extensible></categoryType></valueType><values><id>90cd93984e00ca5a014e0117093531d4</id><createdOn>2015-06-17T04:36:03.765-06:00</createdOn><updatedOn>2015-06-17T04:36:03.765-06:00</updatedOn><createdBy><id>90d96588360da0c701360da0f1d600a1</id><objectId>90d96588360da0c701360da0f1d600a1</objectId><isCriticalSystemObject>true</isCriticalSystemObject><description>admin</description><iconUrl>http://localhost/admin</iconUrl><name>admin</name><displayName>admin</displayName><disabled>false</disabled></createdBy><updatedBy><id>90d96588360da0c701360da0f1d600a1</id><objectId>90d96588360da0c701360da0f1d600a1</objectId><isCriticalSystemObject>true</isCriticalSystemObject><description>admin</description><iconUrl>http://localhost/admin</iconUrl><name>admin</name><displayName>admin</displayName><disabled>false</disabled></updatedBy><value>[TOKEN:SVC_INSTANCE_ID]</value><orderIndex>-1</orderIndex></values><maxOccurs>1</maxOccurs><minOccurs>0</minOccurs><orderIndex>-1</orderIndex><confidential>false</confidential><encrypted>false</encrypted><consumerReadOnly>false</consumerReadOnly><consumerVisible>false</consumerVisible><dynamicValueEnabled>false</dynamicValueEnabled><isInherited>false</isInherited><measurable>false</measurable></property><property><id>90cd93984e00ca5a014e0117093531d0</id><objectId>90cd93984e00ca5a014e0117093531d0</objectId><createdOn>2015-06-17T04:36:03.765-06:00</createdOn><updatedOn>2015-06-17T04:36:03.765-06:00</updatedOn><createdBy><id>90d96588360da0c701360da0f1d600a1</id><objectId>90d96588360da0c701360da0f1d600a1</objectId><isCriticalSystemObject>true</isCriticalSystemObject><description>admin</description><iconUrl>http://localhost/admin</iconUrl><name>admin</name><displayName>admin</displayName><disabled>false</disabled></createdBy><updatedBy><id>90d96588360da0c701360da0f1d600a1</id><objectId>90d96588360da0c701360da0f1d600a1</objectId><isCriticalSystemObject>true</isCriticalSystemObject><description>admin</description><iconUrl>http://localhost/admin</iconUrl><name>admin</name><displayName>admin</displayName><disabled>false</disabled></updatedBy><isCriticalSystemObject>false</isCriticalSystemObject><name>SVC_SUBSCRIPTION_EMAIL</name><displayName>SVC_SUBSCRIPTION_EMAIL</displayName><valueType><id>90d96588360da0c701360da0efb50054</id><objectId>90d96588360da0c701360da0efb50054</objectId><createdOn>2015-06-17T02:51:01.390-06:00</createdOn><isCriticalSystemObject>true</isCriticalSystemObject><description>String</description><iconUrl>/csa/images/categories/value_type/string.png</iconUrl><name>STRING</name><displayName>String</displayName><disabled>false</disabled><categoryType><id>90d96588360da0c701360da0efa0004e</id><objectId>90d96588360da0c701360da0efa0004e</objectId><isCriticalSystemObject>true</isCriticalSystemObject><description>Value Type</description><name>VALUE_TYPE</name><displayName>Value Type</displayName><extensible>false</extensible></categoryType></valueType><values><id>90cd93984e00ca5a014e0117093431cc</id><createdOn>2015-06-17T04:36:03.764-06:00</createdOn><updatedOn>2015-06-17T04:36:03.764-06:00</updatedOn><createdBy><id>90d96588360da0c701360da0f1d600a1</id><objectId>90d96588360da0c701360da0f1d600a1</objectId><isCriticalSystemObject>true</isCriticalSystemObject><description>admin</description><iconUrl>http://localhost/admin</iconUrl><name>admin</name><displayName>admin</displayName><disabled>false</disabled></createdBy><updatedBy><id>90d96588360da0c701360da0f1d600a1</id><objectId>90d96588360da0c701360da0f1d600a1</objectId><isCriticalSystemObject>true</isCriticalSystemObject><description>admin</description><iconUrl>http://localhost/admin</iconUrl><name>admin</name><displayName>admin</displayName><disabled>false</disabled></updatedBy><value>[TOKEN:SVC_SUBSCRIPTION_EMAIL]</value><orderIndex>-1</orderIndex></values><maxOccurs>1</maxOccurs><minOccurs>0</minOccurs><orderIndex>-1</orderIndex><confidential>false</confidential><encrypted>false</encrypted><consumerReadOnly>false</consumerReadOnly><consumerVisible>false</consumerVisible><dynamicValueEnabled>false</dynamicValueEnabled><isInherited>false</isInherited><measurable>false</measurable></property><property><id>90cd93984e00ca5a014e0117093431cd</id><objectId>90cd93984e00ca5a014e0117093431cd</objectId><createdOn>2015-06-17T04:36:03.764-06:00</createdOn><updatedOn>2015-06-17T04:36:03.764-06:00</updatedOn><createdBy><id>90d96588360da0c701360da0f1d600a1</id><objectId>90d96588360da0c701360da0f1d600a1</objectId><isCriticalSystemObject>true</isCriticalSystemObject><description>admin</description><iconUrl>http://localhost/admin</iconUrl><name>admin</name><displayName>admin</displayName><disabled>false</disabled></createdBy><updatedBy><id>90d96588360da0c701360da0f1d600a1</id><objectId>90d96588360da0c701360da0f1d600a1</objectId><isCriticalSystemObject>true</isCriticalSystemObject><description>admin</description><iconUrl>http://localhost/admin</iconUrl><name>admin</name><displayName>admin</displayName><disabled>false</disabled></updatedBy><isCriticalSystemObject>false</isCriticalSystemObject><name>RSC_BINDING_ID</name><displayName>RSC_BINDING_ID</displayName><valueType><id>90d96588360da0c701360da0efb50054</id><objectId>90d96588360da0c701360da0efb50054</objectId><createdOn>2015-06-17T02:51:01.390-06:00</createdOn><isCriticalSystemObject>true</isCriticalSystemObject><description>String</description><iconUrl>/csa/images/categories/value_type/string.png</iconUrl><name>STRING</name><displayName>String</displayName><disabled>false</disabled><categoryType><id>90d96588360da0c701360da0efa0004e</id><objectId>90d96588360da0c701360da0efa0004e</objectId><isCriticalSystemObject>true</isCriticalSystemObject><description>Value Type</description><name>VALUE_TYPE</name><displayName>Value Type</displayName><extensible>false</extensible></categoryType></valueType><values><id>90cd93984e00ca5a014e0117093431c9</id><createdOn>2015-06-17T04:36:03.764-06:00</createdOn><updatedOn>2015-06-17T04:36:03.764-06:00</updatedOn><createdBy><id>90d96588360da0c701360da0f1d600a1</id><objectId>90d96588360da0c701360da0f1d600a1</objectId><isCriticalSystemObject>true</isCriticalSystemObject><description>admin</description><iconUrl>http://localhost/admin</iconUrl><name>admin</name><displayName>admin</displayName><disabled>false</disabled></createdBy><updatedBy><id>90d96588360da0c701360da0f1d600a1</id><objectId>90d96588360da0c701360da0f1d600a1</objectId><isCriticalSystemObject>true</isCriticalSystemObject><description>admin</description><iconUrl>http://localhost/admin</iconUrl><name>admin</name><displayName>admin</displayName><disabled>false</disabled></updatedBy><value>[TOKEN:RSC_BINDING_ID]</value><orderIndex>-1</orderIndex></values><maxOccurs>1</maxOccurs><minOccurs>0</minOccurs><orderIndex>-1</orderIndex><confidential>false</confidential><encrypted>false</encrypted><consumerReadOnly>false</consumerReadOnly><consumerVisible>false</consumerVisible><dynamicValueEnabled>false</dynamicValueEnabled><isInherited>false</isInherited><measurable>false</measurable></property><property><id>90cd93984e00ca5a014e0117093231ba</id><objectId>90cd93984e00ca5a014e0117093231ba</objectId><createdOn>2015-06-17T04:36:03.762-06:00</createdOn><updatedOn>2015-06-17T04:36:03.762-06:00</updatedOn><createdBy><id>90d96588360da0c701360da0f1d600a1</id><objectId>90d96588360da0c701360da0f1d600a1</objectId><isCriticalSystemObject>true</isCriticalSystemObject><description>admin</description><iconUrl>http://localhost/admin</iconUrl><name>admin</name><displayName>admin</displayName><disabled>false</disabled></createdBy><updatedBy><id>90d96588360da0c701360da0f1d600a1</id><objectId>90d96588360da0c701360da0f1d600a1</objectId><isCriticalSystemObject>true</isCriticalSystemObject><description>admin</description><iconUrl>http://localhost/admin</iconUrl><name>admin</name><displayName>admin</displayName><disabled>false</disabled></updatedBy><isCriticalSystemObject>false</isCriticalSystemObject><name>SVC_SUBSCRIPTION_ID</name><displayName>SVC_SUBSCRIPTION_ID</displayName><valueType><id>90d96588360da0c701360da0efb50054</id><objectId>90d96588360da0c701360da0efb50054</objectId><createdOn>2015-06-17T02:51:01.390-06:00</createdOn><isCriticalSystemObject>true</isCriticalSystemObject><description>String</description><iconUrl>/csa/images/categories/value_type/string.png</iconUrl><name>STRING</name><displayName>String</displayName><disabled>false</disabled><categoryType><id>90d96588360da0c701360da0efa0004e</id><objectId>90d96588360da0c701360da0efa0004e</objectId><isCriticalSystemObject>true</isCriticalSystemObject><description>Value Type</description><name>VALUE_TYPE</name><displayName>Value Type</displayName><extensible>false</extensible></categoryType></valueType><values><id>90cd93984e00ca5a014e0117093331c0</id><createdOn>2015-06-17T04:36:03.763-06:00</createdOn><updatedOn>2015-06-17T04:36:03.763-06:00</updatedOn><createdBy><id>90d96588360da0c701360da0f1d600a1</id><objectId>90d96588360da0c701360da0f1d600a1</objectId><isCriticalSystemObject>true</isCriticalSystemObject><description>admin</description><iconUrl>http://localhost/admin</iconUrl><name>admin</name><displayName>admin</displayName><disabled>false</disabled></createdBy><updatedBy><id>90d96588360da0c701360da0f1d600a1</id><objectId>90d96588360da0c701360da0f1d600a1</objectId><isCriticalSystemObject>true</isCriticalSystemObject><description>admin</description><iconUrl>http://localhost/admin</iconUrl><name>admin</name><displayName>admin</displayName><disabled>false</disabled></updatedBy><value>[TOKEN:SVC_SUBSCRIPTION_ID]</value><orderIndex>-1</orderIndex></values><maxOccurs>1</maxOccurs><minOccurs>0</minOccurs><orderIndex>-1</orderIndex><confidential>false</confidential><encrypted>false</encrypted><consumerReadOnly>false</consumerReadOnly><consumerVisible>false</consumerVisible><dynamicValueEnabled>false</dynamicValueEnabled><isInherited>false</isInherited><measurable>false</measurable></property><property><id>90cd93984e00ca5a014e0117093231b8</id><objectId>90cd93984e00ca5a014e0117093231b8</objectId><createdOn>2015-06-17T04:36:03.762-06:00</createdOn><updatedOn>2015-06-17T04:36:03.762-06:00</updatedOn><createdBy><id>90d96588360da0c701360da0f1d600a1</id><objectId>90d96588360da0c701360da0f1d600a1</objectId><isCriticalSystemObject>true</isCriticalSystemObject><description>admin</description><iconUrl>http://localhost/admin</iconUrl><name>admin</name><displayName>admin</displayName><disabled>false</disabled></createdBy><updatedBy><id>90d96588360da0c701360da0f1d600a1</id><objectId>90d96588360da0c701360da0f1d600a1</objectId><isCriticalSystemObject>true</isCriticalSystemObject><description>admin</description><iconUrl>http://localhost/admin</iconUrl><name>admin</name><displayName>admin</displayName><disabled>false</disabled></updatedBy><isCriticalSystemObject>false</isCriticalSystemObject><name>PRN_COMPONENT_ID</name><displayName>PRN_COMPONENT_ID</displayName><valueType><id>90d96588360da0c701360da0efb50054</id><objectId>90d96588360da0c701360da0efb50054</objectId><createdOn>2015-06-17T02:51:01.390-06:00</createdOn><isCriticalSystemObject>true</isCriticalSystemObject><description>String</description><iconUrl>/csa/images/categories/value_type/string.png</iconUrl><name>STRING</name><displayName>String</displayName><disabled>false</disabled><categoryType><id>90d96588360da0c701360da0efa0004e</id><objectId>90d96588360da0c701360da0efa0004e</objectId><isCriticalSystemObject>true</isCriticalSystemObject><description>Value Type</description><name>VALUE_TYPE</name><displayName>Value Type</displayName><extensible>false</extensible></categoryType></valueType><values><id>90cd93984e00ca5a014e0117093431ce</id><createdOn>2015-06-17T04:36:03.764-06:00</createdOn><updatedOn>2015-06-17T04:36:03.764-06:00</updatedOn><createdBy><id>90d96588360da0c701360da0f1d600a1</id><objectId>90d96588360da0c701360da0f1d600a1</objectId><isCriticalSystemObject>true</isCriticalSystemObject><description>admin</description><iconUrl>http://localhost/admin</iconUrl><name>admin</name><displayName>admin</displayName><disabled>false</disabled></createdBy><updatedBy><id>90d96588360da0c701360da0f1d600a1</id><objectId>90d96588360da0c701360da0f1d600a1</objectId><isCriticalSystemObject>true</isCriticalSystemObject><description>admin</description><iconUrl>http://localhost/admin</iconUrl><name>admin</name><displayName>admin</displayName><disabled>false</disabled></updatedBy><value>[TOKEN:PRN_COMPONENT_ID]</value><orderIndex>-1</orderIndex></values><maxOccurs>1</maxOccurs><minOccurs>0</minOccurs><orderIndex>-1</orderIndex><confidential>false</confidential><encrypted>false</encrypted><consumerReadOnly>false</consumerReadOnly><consumerVisible>false</consumerVisible><dynamicValueEnabled>false</dynamicValueEnabled><isInherited>false</isInherited><measurable>false</measurable></property><property><id>90cd93984e00ca5a014e0117093431cf</id><objectId>90cd93984e00ca5a014e0117093431cf</objectId><createdOn>2015-06-17T04:36:03.764-06:00</createdOn><updatedOn>2015-06-17T04:36:03.764-06:00</updatedOn><createdBy><id>90d96588360da0c701360da0f1d600a1</id><objectId>90d96588360da0c701360da0f1d600a1</objectId><isCriticalSystemObject>true</isCriticalSystemObject><description>admin</description><iconUrl>http://localhost/admin</iconUrl><name>admin</name><displayName>admin</displayName><disabled>false</disabled></createdBy><updatedBy><id>90d96588360da0c701360da0f1d600a1</id><objectId>90d96588360da0c701360da0f1d600a1</objectId><isCriticalSystemObject>true</isCriticalSystemObject><description>admin</description><iconUrl>http://localhost/admin</iconUrl><name>admin</name><displayName>admin</displayName><disabled>false</disabled></updatedBy><isCriticalSystemObject>false</isCriticalSystemObject><name>REQ_ORG_ID</name><displayName>REQ_ORG_ID</displayName><valueType><id>90d96588360da0c701360da0efb50054</id><objectId>90d96588360da0c701360da0efb50054</objectId><createdOn>2015-06-17T02:51:01.390-06:00</createdOn><isCriticalSystemObject>true</isCriticalSystemObject><description>String</description><iconUrl>/csa/images/categories/value_type/string.png</iconUrl><name>STRING</name><displayName>String</displayName><disabled>false</disabled><categoryType><id>90d96588360da0c701360da0efa0004e</id><objectId>90d96588360da0c701360da0efa0004e</objectId><isCriticalSystemObject>true</isCriticalSystemObject><description>Value Type</description><name>VALUE_TYPE</name><displayName>Value Type</displayName><extensible>false</extensible></categoryType></valueType><values><id>90cd93984e00ca5a014e0117093231b6</id><createdOn>2015-06-17T04:36:03.762-06:00</createdOn><updatedOn>2015-06-17T04:36:03.762-06:00</updatedOn><createdBy><id>90d96588360da0c701360da0f1d600a1</id><objectId>90d96588360da0c701360da0f1d600a1</objectId><isCriticalSystemObject>true</isCriticalSystemObject><description>admin</description><iconUrl>http://localhost/admin</iconUrl><name>admin</name><displayName>admin</displayName><disabled>false</disabled></createdBy><updatedBy><id>90d96588360da0c701360da0f1d600a1</id><objectId>90d96588360da0c701360da0f1d600a1</objectId><isCriticalSystemObject>true</isCriticalSystemObject><description>admin</description><iconUrl>http://localhost/admin</iconUrl><name>admin</name><displayName>admin</displayName><disabled>false</disabled></updatedBy><value>[TOKEN:REQ_ORG_ID]</value><orderIndex>-1</orderIndex></values><maxOccurs>1</maxOccurs><minOccurs>0</minOccurs><orderIndex>-1</orderIndex><confidential>false</confidential><encrypted>false</encrypted><consumerReadOnly>false</consumerReadOnly><consumerVisible>false</consumerVisible><dynamicValueEnabled>false</dynamicValueEnabled><isInherited>false</isInherited><measurable>false</measurable></property><property><id>90cd93984e00ca5a014e0117093431c8</id><objectId>90cd93984e00ca5a014e0117093431c8</objectId><createdOn>2015-06-17T04:36:03.764-06:00</createdOn><updatedOn>2015-06-17T04:36:03.764-06:00</updatedOn><createdBy><id>90d96588360da0c701360da0f1d600a1</id><objectId>90d96588360da0c701360da0f1d600a1</objectId><isCriticalSystemObject>true</isCriticalSystemObject><description>admin</description><iconUrl>http://localhost/admin</iconUrl><name>admin</name><displayName>admin</displayName><disabled>false</disabled></createdBy><updatedBy><id>90d96588360da0c701360da0f1d600a1</id><objectId>90d96588360da0c701360da0f1d600a1</objectId><isCriticalSystemObject>true</isCriticalSystemObject><description>admin</description><iconUrl>http://localhost/admin</iconUrl><name>admin</name><displayName>admin</displayName><disabled>false</disabled></updatedBy><isCriticalSystemObject>false</isCriticalSystemObject><name>USR_ORG_ID</name><displayName>USR_ORG_ID</displayName><valueType><id>90d96588360da0c701360da0efb50054</id><objectId>90d96588360da0c701360da0efb50054</objectId><createdOn>2015-06-17T02:51:01.390-06:00</createdOn><isCriticalSystemObject>true</isCriticalSystemObject><description>String</description><iconUrl>/csa/images/categories/value_type/string.png</iconUrl><name>STRING</name><displayName>String</displayName><disabled>false</disabled><categoryType><id>90d96588360da0c701360da0efa0004e</id><objectId>90d96588360da0c701360da0efa0004e</objectId><isCriticalSystemObject>true</isCriticalSystemObject><description>Value Type</description><name>VALUE_TYPE</name><displayName>Value Type</displayName><extensible>false</extensible></categoryType></valueType><values><id>90cd93984e00ca5a014e0117093331c6</id><createdOn>2015-06-17T04:36:03.763-06:00</createdOn><updatedOn>2015-06-17T04:36:03.763-06:00</updatedOn><createdBy><id>90d96588360da0c701360da0f1d600a1</id><objectId>90d96588360da0c701360da0f1d600a1</objectId><isCriticalSystemObject>true</isCriticalSystemObject><description>admin</description><iconUrl>http://localhost/admin</iconUrl><name>admin</name><displayName>admin</displayName><disabled>false</disabled></createdBy><updatedBy><id>90d96588360da0c701360da0f1d600a1</id><objectId>90d96588360da0c701360da0f1d600a1</objectId><isCriticalSystemObject>true</isCriticalSystemObject><description>admin</description><iconUrl>http://localhost/admin</iconUrl><name>admin</name><displayName>admin</displayName><disabled>false</disabled></updatedBy><value>[TOKEN:USR_ORG_ID]</value><orderIndex>-1</orderIndex></values><maxOccurs>1</maxOccurs><minOccurs>0</minOccurs><orderIndex>-1</orderIndex><confidential>false</confidential><encrypted>false</encrypted><consumerReadOnly>false</consumerReadOnly><consumerVisible>false</consumerVisible><dynamicValueEnabled>false</dynamicValueEnabled><isInherited>false</isInherited><measurable>false</measurable></property><property><id>90cd93984e00ca5a014e0117093231bb</id><objectId>90cd93984e00ca5a014e0117093231bb</objectId><createdOn>2015-06-17T04:36:03.762-06:00</createdOn><updatedOn>2015-06-17T04:36:03.762-06:00</updatedOn><createdBy><id>90d96588360da0c701360da0f1d600a1</id><objectId>90d96588360da0c701360da0f1d600a1</objectId><isCriticalSystemObject>true</isCriticalSystemObject><description>admin</description><iconUrl>http://localhost/admin</iconUrl><name>admin</name><displayName>admin</displayName><disabled>false</disabled></createdBy><updatedBy><id>90d96588360da0c701360da0f1d600a1</id><objectId>90d96588360da0c701360da0f1d600a1</objectId><isCriticalSystemObject>true</isCriticalSystemObject><description>admin</description><iconUrl>http://localhost/admin</iconUrl><name>admin</name><displayName>admin</displayName><disabled>false</disabled></updatedBy><isCriticalSystemObject>false</isCriticalSystemObject><name>REQ_USER_ID</name><displayName>REQ_USER_ID</displayName><valueType><id>90d96588360da0c701360da0efb50054</id><objectId>90d96588360da0c701360da0efb50054</objectId><createdOn>2015-06-17T02:51:01.390-06:00</createdOn><isCriticalSystemObject>true</isCriticalSystemObject><description>String</description><iconUrl>/csa/images/categories/value_type/string.png</iconUrl><name>STRING</name><displayName>String</displayName><disabled>false</disabled><categoryType><id>90d96588360da0c701360da0efa0004e</id><objectId>90d96588360da0c701360da0efa0004e</objectId><isCriticalSystemObject>true</isCriticalSystemObject><description>Value Type</description><name>VALUE_TYPE</name><displayName>Value Type</displayName><extensible>false</extensible></categoryType></valueType><values><id>90cd93984e00ca5a014e0117093431cb</id><createdOn>2015-06-17T04:36:03.764-06:00</createdOn><updatedOn>2015-06-17T04:36:03.764-06:00</updatedOn><createdBy><id>90d96588360da0c701360da0f1d600a1</id><objectId>90d96588360da0c701360da0f1d600a1</objectId><isCriticalSystemObject>true</isCriticalSystemObject><description>admin</description><iconUrl>http://localhost/admin</iconUrl><name>admin</name><displayName>admin</displayName><disabled>false</disabled></createdBy><updatedBy><id>90d96588360da0c701360da0f1d600a1</id><objectId>90d96588360da0c701360da0f1d600a1</objectId><isCriticalSystemObject>true</isCriticalSystemObject><description>admin</description><iconUrl>http://localhost/admin</iconUrl><name>admin</name><displayName>admin</displayName><disabled>false</disabled></updatedBy><value>[TOKEN:REQ_USER_ID]</value><orderIndex>-1</orderIndex></values><maxOccurs>1</maxOccurs><minOccurs>0</minOccurs><orderIndex>-1</orderIndex><confidential>false</confidential><encrypted>false</encrypted><consumerReadOnly>false</consumerReadOnly><consumerVisible>false</consumerVisible><dynamicValueEnabled>false</dynamicValueEnabled><isInherited>false</isInherited><measurable>false</measurable></property><property><id>90cd93984e00ca5a014e0117093431ca</id><objectId>90cd93984e00ca5a014e0117093431ca</objectId><createdOn>2015-06-17T04:36:03.764-06:00</createdOn><updatedOn>2015-06-17T04:36:03.764-06:00</updatedOn><createdBy><id>90d96588360da0c701360da0f1d600a1</id><objectId>90d96588360da0c701360da0f1d600a1</objectId><isCriticalSystemObject>true</isCriticalSystemObject><description>admin</description><iconUrl>http://localhost/admin</iconUrl><name>admin</name><displayName>admin</displayName><disabled>false</disabled></createdBy><updatedBy><id>90d96588360da0c701360da0f1d600a1</id><objectId>90d96588360da0c701360da0f1d600a1</objectId><isCriticalSystemObject>true</isCriticalSystemObject><description>admin</description><iconUrl>http://localhost/admin</iconUrl><name>admin</name><displayName>admin</displayName><disabled>false</disabled></updatedBy><isCriticalSystemObject>false</isCriticalSystemObject><name>CSA_CONTEXT_ID</name><displayName>CSA_CONTEXT_ID</displayName><valueType><id>90d96588360da0c701360da0efb50054</id><objectId>90d96588360da0c701360da0efb50054</objectId><createdOn>2015-06-17T02:51:01.390-06:00</createdOn><isCriticalSystemObject>true</isCriticalSystemObject><description>String</description><iconUrl>/csa/images/categories/value_type/string.png</iconUrl><name>STRING</name><displayName>String</displayName><disabled>false</disabled><categoryType><id>90d96588360da0c701360da0efa0004e</id><objectId>90d96588360da0c701360da0efa0004e</objectId><isCriticalSystemObject>true</isCriticalSystemObject><description>Value Type</description><name>VALUE_TYPE</name><displayName>Value Type</displayName><extensible>false</extensible></categoryType></valueType><values><id>90cd93984e00ca5a014e0117093331bf</id><createdOn>2015-06-17T04:36:03.763-06:00</createdOn><updatedOn>2015-06-17T04:36:03.763-06:00</updatedOn><createdBy><id>90d96588360da0c701360da0f1d600a1</id><objectId>90d96588360da0c701360da0f1d600a1</objectId><isCriticalSystemObject>true</isCriticalSystemObject><description>admin</description><iconUrl>http://localhost/admin</iconUrl><name>admin</name><displayName>admin</displayName><disabled>false</disabled></createdBy><updatedBy><id>90d96588360da0c701360da0f1d600a1</id><objectId>90d96588360da0c701360da0f1d600a1</objectId><isCriticalSystemObject>true</isCriticalSystemObject><description>admin</description><iconUrl>http://localhost/admin</iconUrl><name>admin</name><displayName>admin</displayName><disabled>false</disabled></updatedBy><orderIndex>-1</orderIndex></values><maxOccurs>1</maxOccurs><minOccurs>0</minOccurs><orderIndex>-1</orderIndex><confidential>false</confidential><encrypted>false</encrypted><consumerReadOnly>false</consumerReadOnly><consumerVisible>false</consumerVisible><dynamicValueEnabled>false</dynamicValueEnabled><isInherited>false</isInherited><measurable>false</measurable></property><property><id>90cd93984e00ca5a014e0117093431c7</id><objectId>90cd93984e00ca5a014e0117093431c7</objectId><createdOn>2015-06-17T04:36:03.764-06:00</createdOn><updatedOn>2015-06-17T04:36:03.764-06:00</updatedOn><createdBy><id>90d96588360da0c701360da0f1d600a1</id><objectId>90d96588360da0c701360da0f1d600a1</objectId><isCriticalSystemObject>true</isCriticalSystemObject><description>admin</description><iconUrl>http://localhost/admin</iconUrl><name>admin</name><displayName>admin</displayName><disabled>false</disabled></createdBy><updatedBy><id>90d96588360da0c701360da0f1d600a1</id><objectId>90d96588360da0c701360da0f1d600a1</objectId><isCriticalSystemObject>true</isCriticalSystemObject><description>admin</description><iconUrl>http://localhost/admin</iconUrl><name>admin</name><displayName>admin</displayName><disabled>false</disabled></updatedBy><isCriticalSystemObject>false</isCriticalSystemObject><name>CSA_PROCESS_ID</name><displayName>CSA_PROCESS_ID</displayName><valueType><id>90d96588360da0c701360da0efb50054</id><objectId>90d96588360da0c701360da0efb50054</objectId><createdOn>2015-06-17T02:51:01.390-06:00</createdOn><isCriticalSystemObject>true</isCriticalSystemObject><description>String</description><iconUrl>/csa/images/categories/value_type/string.png</iconUrl><name>STRING</name><displayName>String</displayName><disabled>false</disabled><categoryType><id>90d96588360da0c701360da0efa0004e</id><objectId>90d96588360da0c701360da0efa0004e</objectId><isCriticalSystemObject>true</isCriticalSystemObject><description>Value Type</description><name>VALUE_TYPE</name><displayName>Value Type</displayName><extensible>false</extensible></categoryType></valueType><values><id>90cd93984e00ca5a014e0117093331c4</id><createdOn>2015-06-17T04:36:03.763-06:00</createdOn><updatedOn>2015-06-17T04:36:03.763-06:00</updatedOn><createdBy><id>90d96588360da0c701360da0f1d600a1</id><objectId>90d96588360da0c701360da0f1d600a1</objectId><isCriticalSystemObject>true</isCriticalSystemObject><description>admin</description><iconUrl>http://localhost/admin</iconUrl><name>admin</name><displayName>admin</displayName><disabled>false</disabled></createdBy><updatedBy><id>90d96588360da0c701360da0f1d600a1</id><objectId>90d96588360da0c701360da0f1d600a1</objectId><isCriticalSystemObject>true</isCriticalSystemObject><description>admin</description><iconUrl>http://localhost/admin</iconUrl><name>admin</name><displayName>admin</displayName><disabled>false</disabled></updatedBy><orderIndex>-1</orderIndex></values><maxOccurs>1</maxOccurs><minOccurs>0</minOccurs><orderIndex>-1</orderIndex><confidential>false</confidential><encrypted>false</encrypted><consumerReadOnly>false</consumerReadOnly><consumerVisible>false</consumerVisible><dynamicValueEnabled>false</dynamicValueEnabled><isInherited>false</isInherited><measurable>false</measurable></property><property><id>90cd93984e00ca5a014e0117093331c2</id><objectId>90cd93984e00ca5a014e0117093331c2</objectId><createdOn>2015-06-17T04:36:03.763-06:00</createdOn><updatedOn>2015-06-17T04:36:03.763-06:00</updatedOn><createdBy><id>90d96588360da0c701360da0f1d600a1</id><objectId>90d96588360da0c701360da0f1d600a1</objectId><isCriticalSystemObject>true</isCriticalSystemObject><description>admin</description><iconUrl>http://localhost/admin</iconUrl><name>admin</name><displayName>admin</displayName><disabled>false</disabled></createdBy><updatedBy><id>90d96588360da0c701360da0f1d600a1</id><objectId>90d96588360da0c701360da0f1d600a1</objectId><isCriticalSystemObject>true</isCriticalSystemObject><description>admin</description><iconUrl>http://localhost/admin</iconUrl><name>admin</name><displayName>admin</displayName><disabled>false</disabled></updatedBy><isCriticalSystemObject>false</isCriticalSystemObject><name>SVC_COMPONENT_ID</name><displayName>SVC_COMPONENT_ID</displayName><valueType><id>90d96588360da0c701360da0efb50054</id><objectId>90d96588360da0c701360da0efb50054</objectId><createdOn>2015-06-17T02:51:01.390-06:00</createdOn><isCriticalSystemObject>true</isCriticalSystemObject><description>String</description><iconUrl>/csa/images/categories/value_type/string.png</iconUrl><name>STRING</name><displayName>String</displayName><disabled>false</disabled><categoryType><id>90d96588360da0c701360da0efa0004e</id><objectId>90d96588360da0c701360da0efa0004e</objectId><isCriticalSystemObject>true</isCriticalSystemObject><description>Value Type</description><name>VALUE_TYPE</name><displayName>Value Type</displayName><extensible>false</extensible></categoryType></valueType><values><id>90cd93984e00ca5a014e0117093231b9</id><createdOn>2015-06-17T04:36:03.762-06:00</createdOn><updatedOn>2015-06-17T04:36:03.762-06:00</updatedOn><createdBy><id>90d96588360da0c701360da0f1d600a1</id><objectId>90d96588360da0c701360da0f1d600a1</objectId><isCriticalSystemObject>true</isCriticalSystemObject><description>admin</description><iconUrl>http://localhost/admin</iconUrl><name>admin</name><displayName>admin</displayName><disabled>false</disabled></createdBy><updatedBy><id>90d96588360da0c701360da0f1d600a1</id><objectId>90d96588360da0c701360da0f1d600a1</objectId><isCriticalSystemObject>true</isCriticalSystemObject><description>admin</description><iconUrl>http://localhost/admin</iconUrl><name>admin</name><displayName>admin</displayName><disabled>false</disabled></updatedBy><value>[TOKEN:SVC_COMPONENT_ID]</value><orderIndex>-1</orderIndex></values><maxOccurs>1</maxOccurs><minOccurs>0</minOccurs><orderIndex>-1</orderIndex><confidential>false</confidential><encrypted>false</encrypted><consumerReadOnly>false</consumerReadOnly><consumerVisible>false</consumerVisible><dynamicValueEnabled>false</dynamicValueEnabled><isInherited>false</isInherited><measurable>false</measurable></property><property><id>90cd93984e00ca5a014e0117093231bc</id><objectId>90cd93984e00ca5a014e0117093231bc</objectId><createdOn>2015-06-17T04:36:03.762-06:00</createdOn><updatedOn>2015-06-17T04:36:03.762-06:00</updatedOn><createdBy><id>90d96588360da0c701360da0f1d600a1</id><objectId>90d96588360da0c701360da0f1d600a1</objectId><isCriticalSystemObject>true</isCriticalSystemObject><description>admin</description><iconUrl>http://localhost/admin</iconUrl><name>admin</name><displayName>admin</displayName><disabled>false</disabled></createdBy><updatedBy><id>90d96588360da0c701360da0f1d600a1</id><objectId>90d96588360da0c701360da0f1d600a1</objectId><isCriticalSystemObject>true</isCriticalSystemObject><description>admin</description><iconUrl>http://localhost/admin</iconUrl><name>admin</name><displayName>admin</displayName><disabled>false</disabled></updatedBy><isCriticalSystemObject>false</isCriticalSystemObject><name>RSC_POOL_ID</name><displayName>RSC_POOL_ID</displayName><valueType><id>90d96588360da0c701360da0efb50054</id><objectId>90d96588360da0c701360da0efb50054</objectId><createdOn>2015-06-17T02:51:01.390-06:00</createdOn><isCriticalSystemObject>true</isCriticalSystemObject><description>String</description><iconUrl>/csa/images/categories/value_type/string.png</iconUrl><name>STRING</name><displayName>String</displayName><disabled>false</disabled><categoryType><id>90d96588360da0c701360da0efa0004e</id><objectId>90d96588360da0c701360da0efa0004e</objectId><isCriticalSystemObject>true</isCriticalSystemObject><description>Value Type</description><name>VALUE_TYPE</name><displayName>Value Type</displayName><extensible>false</extensible></categoryType></valueType><values><id>90cd93984e00ca5a014e0117093531d1</id><createdOn>2015-06-17T04:36:03.765-06:00</createdOn><updatedOn>2015-06-17T04:36:03.765-06:00</updatedOn><createdBy><id>90d96588360da0c701360da0f1d600a1</id><objectId>90d96588360da0c701360da0f1d600a1</objectId><isCriticalSystemObject>true</isCriticalSystemObject><description>admin</description><iconUrl>http://localhost/admin</iconUrl><name>admin</name><displayName>admin</displayName><disabled>false</disabled></createdBy><updatedBy><id>90d96588360da0c701360da0f1d600a1</id><objectId>90d96588360da0c701360da0f1d600a1</objectId><isCriticalSystemObject>true</isCriticalSystemObject><description>admin</description><iconUrl>http://localhost/admin</iconUrl><name>admin</name><displayName>admin</displayName><disabled>false</disabled></updatedBy><value>[TOKEN:RSC_POOL_ID]</value><orderIndex>-1</orderIndex></values><maxOccurs>1</maxOccurs><minOccurs>0</minOccurs><orderIndex>-1</orderIndex><confidential>false</confidential><encrypted>false</encrypted><consumerReadOnly>false</consumerReadOnly><consumerVisible>false</consumerVisible><dynamicValueEnabled>false</dynamicValueEnabled><isInherited>false</isInherited><measurable>false</measurable></property><property><id>90cd93984e00ca5a014e0117093331be</id><objectId>90cd93984e00ca5a014e0117093331be</objectId><createdOn>2015-06-17T04:36:03.763-06:00</createdOn><updatedOn>2015-06-17T04:36:03.763-06:00</updatedOn><createdBy><id>90d96588360da0c701360da0f1d600a1</id><objectId>90d96588360da0c701360da0f1d600a1</objectId><isCriticalSystemObject>true</isCriticalSystemObject><description>admin</description><iconUrl>http://localhost/admin</iconUrl><name>admin</name><displayName>admin</displayName><disabled>false</disabled></createdBy><updatedBy><id>90d96588360da0c701360da0f1d600a1</id><objectId>90d96588360da0c701360da0f1d600a1</objectId><isCriticalSystemObject>true</isCriticalSystemObject><description>admin</description><iconUrl>http://localhost/admin</iconUrl><name>admin</name><displayName>admin</displayName><disabled>false</disabled></updatedBy><isCriticalSystemObject>false</isCriticalSystemObject><name>RSC_SUBSCRIPTION_ID</name><displayName>RSC_SUBSCRIPTION_ID</displayName><valueType><id>90d96588360da0c701360da0efb50054</id><objectId>90d96588360da0c701360da0efb50054</objectId><createdOn>2015-06-17T02:51:01.390-06:00</createdOn><isCriticalSystemObject>true</isCriticalSystemObject><description>String</description><iconUrl>/csa/images/categories/value_type/string.png</iconUrl><name>STRING</name><displayName>String</displayName><disabled>false</disabled><categoryType><id>90d96588360da0c701360da0efa0004e</id><objectId>90d96588360da0c701360da0efa0004e</objectId><isCriticalSystemObject>true</isCriticalSystemObject><description>Value Type</description><name>VALUE_TYPE</name><displayName>Value Type</displayName><extensible>false</extensible></categoryType></valueType><values><id>90cd93984e00ca5a014e0117093331c1</id><createdOn>2015-06-17T04:36:03.763-06:00</createdOn><updatedOn>2015-06-17T04:36:03.763-06:00</updatedOn><createdBy><id>90d96588360da0c701360da0f1d600a1</id><objectId>90d96588360da0c701360da0f1d600a1</objectId><isCriticalSystemObject>true</isCriticalSystemObject><description>admin</description><iconUrl>http://localhost/admin</iconUrl><name>admin</name><displayName>admin</displayName><disabled>false</disabled></createdBy><updatedBy><id>90d96588360da0c701360da0f1d600a1</id><objectId>90d96588360da0c701360da0f1d600a1</objectId><isCriticalSystemObject>true</isCriticalSystemObject><description>admin</description><iconUrl>http://localhost/admin</iconUrl><name>admin</name><displayName>admin</displayName><disabled>false</disabled></updatedBy><value>[TOKEN:RSC_SUBSCRIPTION_ID]</value><orderIndex>-1</orderIndex></values><maxOccurs>1</maxOccurs><minOccurs>0</minOccurs><orderIndex>-1</orderIndex><confidential>false</confidential><encrypted>false</encrypted><consumerReadOnly>false</consumerReadOnly><consumerVisible>false</consumerVisible><dynamicValueEnabled>false</dynamicValueEnabled><isInherited>false</isInherited><measurable>false</measurable></property><property><id>90cd93984e00ca5a014e0117093231b7</id><objectId>90cd93984e00ca5a014e0117093231b7</objectId><createdOn>2015-06-17T04:36:03.762-06:00</createdOn><updatedOn>2015-06-17T04:36:03.762-06:00</updatedOn><createdBy><id>90d96588360da0c701360da0f1d600a1</id><objectId>90d96588360da0c701360da0f1d600a1</objectId><isCriticalSystemObject>true</isCriticalSystemObject><description>admin</description><iconUrl>http://localhost/admin</iconUrl><name>admin</name><displayName>admin</displayName><disabled>false</disabled></createdBy><updatedBy><id>90d96588360da0c701360da0f1d600a1</id><objectId>90d96588360da0c701360da0f1d600a1</objectId><isCriticalSystemObject>true</isCriticalSystemObject><description>admin</description><iconUrl>http://localhost/admin</iconUrl><name>admin</name><displayName>admin</displayName><disabled>false</disabled></updatedBy><isCriticalSystemObject>false</isCriticalSystemObject><name>RSC_PROVIDER_ID</name><displayName>RSC_PROVIDER_ID</displayName><valueType><id>90d96588360da0c701360da0efb50054</id><objectId>90d96588360da0c701360da0efb50054</objectId><createdOn>2015-06-17T02:51:01.390-06:00</createdOn><isCriticalSystemObject>true</isCriticalSystemObject><description>String</description><iconUrl>/csa/images/categories/value_type/string.png</iconUrl><name>STRING</name><displayName>String</displayName><disabled>false</disabled><categoryType><id>90d96588360da0c701360da0efa0004e</id><objectId>90d96588360da0c701360da0efa0004e</objectId><isCriticalSystemObject>true</isCriticalSystemObject><description>Value Type</description><name>VALUE_TYPE</name><displayName>Value Type</displayName><extensible>false</extensible></categoryType></valueType><values><id>90cd93984e00ca5a014e0117093531d3</id><createdOn>2015-06-17T04:36:03.765-06:00</createdOn><updatedOn>2015-06-17T04:36:03.765-06:00</updatedOn><createdBy><id>90d96588360da0c701360da0f1d600a1</id><objectId>90d96588360da0c701360da0f1d600a1</objectId><isCriticalSystemObject>true</isCriticalSystemObject><description>admin</description><iconUrl>http://localhost/admin</iconUrl><name>admin</name><displayName>admin</displayName><disabled>false</disabled></createdBy><updatedBy><id>90d96588360da0c701360da0f1d600a1</id><objectId>90d96588360da0c701360da0f1d600a1</objectId><isCriticalSystemObject>true</isCriticalSystemObject><description>admin</description><iconUrl>http://localhost/admin</iconUrl><name>admin</name><displayName>admin</displayName><disabled>false</disabled></updatedBy><value>[TOKEN:RSC_PROVIDER_ID]</value><orderIndex>-1</orderIndex></values><maxOccurs>1</maxOccurs><minOccurs>0</minOccurs><orderIndex>-1</orderIndex><confidential>false</confidential><encrypted>false</encrypted><consumerReadOnly>false</consumerReadOnly><consumerVisible>false</consumerVisible><dynamicValueEnabled>false</dynamicValueEnabled><isInherited>false</isInherited><measurable>false</measurable></property><property><id>90cd93984e00ca5a014e0117093531d2</id><objectId>90cd93984e00ca5a014e0117093531d2</objectId><createdOn>2015-06-17T04:36:03.765-06:00</createdOn><updatedOn>2015-06-17T04:36:03.765-06:00</updatedOn><createdBy><id>90d96588360da0c701360da0f1d600a1</id><objectId>90d96588360da0c701360da0f1d600a1</objectId><isCriticalSystemObject>true</isCriticalSystemObject><description>admin</description><iconUrl>http://localhost/admin</iconUrl><name>admin</name><displayName>admin</displayName><disabled>false</disabled></createdBy><updatedBy><id>90d96588360da0c701360da0f1d600a1</id><objectId>90d96588360da0c701360da0f1d600a1</objectId><isCriticalSystemObject>true</isCriticalSystemObject><description>admin</description><iconUrl>http://localhost/admin</iconUrl><name>admin</name><displayName>admin</displayName><disabled>false</disabled></updatedBy><isCriticalSystemObject>false</isCriticalSystemObject><name>SVC_COMPONENT_TYPE</name><displayName>SVC_COMPONENT_TYPE</displayName><valueType><id>90d96588360da0c701360da0efb50054</id><objectId>90d96588360da0c701360da0efb50054</objectId><createdOn>2015-06-17T02:51:01.390-06:00</createdOn><isCriticalSystemObject>true</isCriticalSystemObject><description>String</description><iconUrl>/csa/images/categories/value_type/string.png</iconUrl><name>STRING</name><displayName>String</displayName><disabled>false</disabled><categoryType><id>90d96588360da0c701360da0efa0004e</id><objectId>90d96588360da0c701360da0efa0004e</objectId><isCriticalSystemObject>true</isCriticalSystemObject><description>Value Type</description><name>VALUE_TYPE</name><displayName>Value Type</displayName><extensible>false</extensible></categoryType></valueType><values><id>90cd93984e00ca5a014e0117093331c3</id><createdOn>2015-06-17T04:36:03.763-06:00</createdOn><updatedOn>2015-06-17T04:36:03.763-06:00</updatedOn><createdBy><id>90d96588360da0c701360da0f1d600a1</id><objectId>90d96588360da0c701360da0f1d600a1</objectId><isCriticalSystemObject>true</isCriticalSystemObject><description>admin</description><iconUrl>http://localhost/admin</iconUrl><name>admin</name><displayName>admin</displayName><disabled>false</disabled></createdBy><updatedBy><id>90d96588360da0c701360da0f1d600a1</id><objectId>90d96588360da0c701360da0f1d600a1</objectId><isCriticalSystemObject>true</isCriticalSystemObject><description>admin</description><iconUrl>http://localhost/admin</iconUrl><name>admin</name><displayName>admin</displayName><disabled>false</disabled></updatedBy><value>[TOKEN:SVC_COMPONENT_TYPE]</value><orderIndex>-1</orderIndex></values><maxOccurs>1</maxOccurs><minOccurs>0</minOccurs><orderIndex>-1</orderIndex><confidential>false</confidential><encrypted>false</encrypted><consumerReadOnly>false</consumerReadOnly><consumerVisible>false</consumerVisible><dynamicValueEnabled>false</dynamicValueEnabled><isInherited>false</isInherited><measurable>false</measurable></property><consumerVisible>false</consumerVisible><executeAtUpgrade>false</executeAtUpgrade></action><artifactType><id>90d96588360da0c701360da0eed5001e</id><objectId>90d96588360da0c701360da0eed5001e</objectId><createdOn>2015-06-17T02:51:01.390-06:00</createdOn><isCriticalSystemObject>true</isCriticalSystemObject><description>Resource Offering</description><iconUrl>/csa/images/categories/artifact_type/resource_offering.png</iconUrl><name>RESOURCE_OFFERING</name><displayName>Resource Offering</displayName><disabled>false</disabled><categoryType><id>90d96588360da0c701360da0eeb40017</id><objectId>90d96588360da0c701360da0eeb40017</objectId><isCriticalSystemObject>true</isCriticalSystemObject><description>Artifact Type</description><name>ARTIFACT_TYPE</name><displayName>Artifact Type</displayName><extensible>false</extensible></categoryType></artifactType><disabled>false</disabled><resourceCategory><id>90d96588360da0c701360da0ef60003d</id><objectId>90d96588360da0c701360da0ef60003d</objectId><createdOn>2015-06-17T02:51:01.390-06:00</createdOn><isCriticalSystemObject>true</isCriticalSystemObject><description>Compute</description><iconUrl>/csa/images/categories/resource_category/compute.png</iconUrl><name>COMPUTE</name><displayName>Compute</displayName><disabled>false</disabled><categoryType><id>90d96588360da0c701360da0ef53003a</id><objectId>90d96588360da0c701360da0ef53003a</objectId><isCriticalSystemObject>true</isCriticalSystemObject><description>Resource Category</description><name>RESOURCE_CATEGORY</name><displayName>Resource Category</displayName><extensible>true</extensible></categoryType><numberOfResourceOffering>0</numberOfResourceOffering></resourceCategory><providerType><id>90d96588360da0c701360da0ee93000f</id><objectId>90d96588360da0c701360da0ee93000f</objectId><createdOn>2015-06-17T02:51:01.390-06:00</createdOn><isCriticalSystemObject>true</isCriticalSystemObject><description>VMware vCenter Server provides a centralized platform for managing your VMware vSphere environments so you can automate and deliver a virtual infrastructure.</description><iconUrl>/csa/images/categories/provider_type/vmware_vcenter.png</iconUrl><name>VMWARE_VCENTER</name><displayName>VMware vCenter</displayName><disabled>false</disabled><categoryType><id>90d96588360da0c701360da0ee8c000e</id><objectId>90d96588360da0c701360da0ee8c000e</objectId><isCriticalSystemObject>true</isCriticalSystemObject><description>Provider Type</description><name>PROVIDER_TYPE</name><displayName>Provider Type</displayName><extensible>true</extensible></categoryType></providerType><resourceProviders><id>90cd93984e00ca5a014e00da0fca0164</id><createdOn>2015-06-17T03:29:27.754-06:00</createdOn><updatedOn>2015-06-17T03:29:27.754-06:00</updatedOn><isCriticalSystemObject>false</isCriticalSystemObject><description>A vCenter server in the lab</description><iconUrl>/csa/images/categories/provider_type/vmware_vcenter.png</iconUrl><name>vCenter</name><displayName>vCenter</displayName><property><id>90cd93984e3fdf84014e430e64c80352</id><createdOn>2015-06-30T00:01:33.640-06:00</createdOn><updatedOn>2015-06-30T00:55:31.380-06:00</updatedOn><createdBy><id>90d96588360da0c701360da0f1d600a1</id><isCriticalSystemObject>false</isCriticalSystemObject><disabled>false</disabled><distinguishedName>csa://Organizations/CSA-Provider/users/admin</distinguishedName><userName>admin</userName><organization><id>90d96588360da0c701360da0f15b009e</id><isCriticalSystemObject>false</isCriticalSystemObject><disabled>false</disabled></organization></createdBy><updatedBy><id>90d96588360da0c701360da0f1d600a1</id><isCriticalSystemObject>false</isCriticalSystemObject><disabled>false</disabled><distinguishedName>csa://Organizations/CSA-Provider/users/admin</distinguishedName><userName>admin</userName><organization><id>90d96588360da0c701360da0f15b009e</id><isCriticalSystemObject>false</isCriticalSystemObject><disabled>false</disabled></organization></updatedBy><isCriticalSystemObject>false</isCriticalSystemObject><iconUrl>/csa/images/categories/value_type/string.png</iconUrl><name>vPVURL</name><displayName>vPVURL</displayName><valueType><id>90d96588360da0c701360da0efb50054</id><createdOn>2015-06-17T02:51:01.390-06:00</createdOn><isCriticalSystemObject>true</isCriticalSystemObject><description>String</description><iconUrl>/csa/images/categories/value_type/string.png</iconUrl><name>STRING</name><displayName>String</displayName><disabled>false</disabled><categoryType><id>90d96588360da0c701360da0efa0004e</id><createdOn>2015-06-17T02:51:01.234-06:00</createdOn><isCriticalSystemObject>true</isCriticalSystemObject><description>Value Type</description><name>VALUE_TYPE</name><displayName>Value Type</displayName><extensible>false</extensible></categoryType></valueType><values><id>90cd93984e3fdf84014e433fcc33035d</id><createdOn>2015-06-30T00:55:31.380-06:00</createdOn><updatedOn>2015-06-30T00:55:31.380-06:00</updatedOn><value>https://&lt;ipAddress of vpv&gt;:8444/PV/</value><orderIndex>-1</orderIndex></values><maxOccurs>1</maxOccurs><minOccurs>0</minOccurs><orderIndex>-1</orderIndex><confidential>false</confidential><encrypted>false</encrypted><consumerReadOnly>false</consumerReadOnly><consumerVisible>false</consumerVisible><measurable>false</measurable></property><property><id>90cd93984e00ca5a014e00da0ff70165</id><createdOn>2015-06-17T03:29:27.799-06:00</createdOn><updatedOn>2015-06-17T03:29:27.799-06:00</updatedOn><createdBy><id>90d96588360da0c701360da0f1d600a1</id><isCriticalSystemObject>false</isCriticalSystemObject><disabled>false</disabled><distinguishedName>csa://Organizations/CSA-Provider/users/admin</distinguishedName><userName>admin</userName><organization><id>90d96588360da0c701360da0f15b009e</id><isCriticalSystemObject>false</isCriticalSystemObject><disabled>false</disabled></organization></createdBy><updatedBy><id>90d96588360da0c701360da0f1d600a1</id><isCriticalSystemObject>false</isCriticalSystemObject><disabled>false</disabled><distinguishedName>csa://Organizations/CSA-Provider/users/admin</distinguishedName><userName>admin</userName><organization><id>90d96588360da0c701360da0f15b009e</id><isCriticalSystemObject>false</isCriticalSystemObject><disabled>false</disabled></organization></updatedBy><isCriticalSystemObject>false</isCriticalSystemObject><description>This property has been automatically created, and must be set to a datacenter name</description><name>DATACENTERNAME</name><displayName>DATACENTERNAME</displayName><valueType><id>90d96588360da0c701360da0efb50054</id><createdOn>2015-06-17T02:51:01.390-06:00</createdOn><isCriticalSystemObject>true</isCriticalSystemObject><description>String</description><iconUrl>/csa/images/categories/value_type/string.png</iconUrl><name>STRING</name><displayName>String</displayName><disabled>false</disabled><categoryType><id>90d96588360da0c701360da0efa0004e</id><createdOn>2015-06-17T02:51:01.234-06:00</createdOn><isCriticalSystemObject>true</isCriticalSystemObject><description>Value Type</description><name>VALUE_TYPE</name><displayName>Value Type</displayName><extensible>false</extensible></categoryType></valueType><maxOccurs>1</maxOccurs><minOccurs>0</minOccurs><orderIndex>-1</orderIndex><confidential>false</confidential><encrypted>false</encrypted><consumerReadOnly>false</consumerReadOnly><consumerVisible>true</consumerVisible><measurable>false</measurable></property><state><id>90d96588360da0c701360da0ef470038</id><isCriticalSystemObject>false</isCriticalSystemObject><name>ACTIVE</name><disabled>false</disabled></state><artifactType><id>90d96588360da0c701360da0eed8001f</id><isCriticalSystemObject>false</isCriticalSystemObject><name>RESOURCE_PROVIDER</name><disabled>false</disabled></artifactType><disabled>false</disabled><accessPoint><id>90cd93984e00ca5a014e00da0fca0163</id><createdOn>2015-06-17T03:29:27.754-06:00</createdOn><updatedOn>2015-09-30T18:24:08.499-06:00</updatedOn><createdBy><id>90d96588360da0c701360da0f1d600a1</id><isCriticalSystemObject>false</isCriticalSystemObject><disabled>false</disabled><distinguishedName>csa://Organizations/CSA-Provider/users/admin</distinguishedName><userName>admin</userName><organization><id>90d96588360da0c701360da0f15b009e</id><isCriticalSystemObject>false</isCriticalSystemObject><disabled>false</disabled></organization></createdBy><updatedBy><id>90d96588360da0c701360da0f1d600a1</id><isCriticalSystemObject>false</isCriticalSystemObject><disabled>false</disabled><distinguishedName>csa://Organizations/CSA-Provider/users/admin</distinguishedName><userName>admin</userName><organization><id>90d96588360da0c701360da0f15b009e</id><isCriticalSystemObject>false</isCriticalSystemObject><disabled>false</disabled></organization></updatedBy><isCriticalSystemObject>false</isCriticalSystemObject><category><id>90d96588360da0c701360da0ee390004</id><isCriticalSystemObject>false</isCriticalSystemObject><name>URL</name><disabled>false</disabled></category><uri>https://172.16.0.29:443</uri><username>administrator@vsphere.local</username><port>0</port><authRequired>false</authRequired></accessPoint><providerType><id>90d96588360da0c701360da0ee93000f</id><isCriticalSystemObject>true</isCriticalSystemObject><description>VMware vCenter Server provides a centralized platform for managing your VMware vSphere environments so you can automate and deliver a virtual infrastructure.</description><iconUrl>/csa/images/categories/provider_type/vmware_vcenter.png</iconUrl><name>VMWARE_VCENTER</name><displayName>VMware vCenter</displayName><disabled>false</disabled></providerType></resourceProviders></ResourceOffering>