{
  "@type" : "ComponentType",
  "id" : "9fcd7c16-34ab-4306-88b6-51de81b7b339",
  "groupId" : "com.hp.csa.type.VMWARE_VCENTER",
  "artifactId" : "Assign_Port_Group_a64e57bd_c556_4e56_8fc9_300beca22dc3_d20597858adb4ec3942deb0af3e4d4c3",
  "version" : "1.0",
  "abstract" : false,
  "capability" : false,
  "actions" : [ {
    "name" : "vcenter_change_port_group_f09071ce2ef740e28707d6b7f4c50262",
    "displayName" : "vCenter Change Port Group",
    "description" : "",
    "inputParameters" : [ {
      "name" : "Target Portgroup",
      "displayName" : "Target Portgroup",
      "required" : true,
      "confidential" : false,
      "displayNames" : {
        "en-US" : {
          "value" : "Target Portgroup"
        }
      },
      "descriptions" : { },
      "type" : "string"
    }, {
      "name" : "VMID",
      "displayName" : "VMID",
      "required" : true,
      "confidential" : false,
      "displayNames" : {
        "en-US" : {
          "value" : "VMID"
        }
      },
      "descriptions" : { },
      "type" : "string"
    } ],
    "outputParameters" : [ ],
    "lifecycleAction" : "Deploy",
    "final" : false,
    "visible" : true,
    "displayNames" : {
      "en-US" : {
        "value" : "vCenter Change Port Group"
      }
    },
    "descriptions" : {
      "en-US" : {
        "value" : ""
      }
    }
  } ],
  "relations" : [ {
    "name" : "GetPortGroupFrom_Assign_Port_Group_a64e57bd_c556_4e56_8fc9_300beca22dc3_d20597858adb4ec3942deb0af3e4d4c3__VERSION__1^0",
    "relationType" : "association",
    "targetType" : {
      "componentId" : {
        "artifactId" : "CISCO_ACI_Three_Tier_Network_Component_e98897e3_6766_4475_8931_1f70c2ccb817_e8990c1d75ba46f6b737b4189417664a",
        "groupId" : "com.hp.csa.type",
        "version" : "1.0"
      },
      "constraints" : { }
    },
    "minOccursOnTarget" : 0,
    "maxOccursOnTarget" : 256,
    "minOccursOnSource" : 0,
    "maxOccursOnSource" : 1,
    "properties" : [ ],
    "displayName" : "GetPortGroupFrom",
    "displayNames" : {
      "en-US" : {
        "value" : "GetPortGroupFrom"
      }
    },
    "descriptions" : { }
  }, {
    "name" : "GetVmidFrom_Assign_Port_Group_a64e57bd_c556_4e56_8fc9_300beca22dc3_d20597858adb4ec3942deb0af3e4d4c3__VERSION__1^0",
    "relationType" : "association",
    "targetType" : {
      "componentId" : {
        "artifactId" : "BLDCv2_vServer_f7ee1eb9_57b9_4347_8e3f_9f356d0dbc50_6a828bd74a504ae794e4baa3c55bc51e",
        "groupId" : "com.hp.csa.type.VMWARE_VCENTER",
        "version" : "1.0"
      },
      "constraints" : { }
    },
    "minOccursOnTarget" : 0,
    "maxOccursOnTarget" : 256,
    "minOccursOnSource" : 0,
    "maxOccursOnSource" : 1,
    "properties" : [ ],
    "displayName" : "GetVmidFrom",
    "displayNames" : {
      "en-US" : {
        "value" : "GetVmidFrom"
      }
    },
    "descriptions" : { }
  } ],
  "properties" : [ {
    "name" : "Target Portgroup",
    "type" : "string",
    "minOccurs" : 0,
    "maxOccurs" : 1,
    "mode" : "INPUT_OUTPUT",
    "subProperties" : [ ],
    "displayName" : "Target Portgroup",
    "confidential" : false,
    "tags" : {
      "{urn:x-hp:2013:software:ccue:designer:descriptor-schema}unitDescription" : null,
      "{urn:x-hp:2013:software:ccue:designer:descriptor-schema}validatorId" : null,
      "{urn:x-hp:2013:software:ccue:designer:descriptor-schema}hidden" : "true",
      "{urn:x-hp:2013:software:ccue:designer:descriptor-schema}tabSet" : "VIEW,EDIT",
      "maxLength" : "4000"
    },
    "consumerVisible" : false,
    "displayNames" : {
      "en-US" : {
        "value" : "Target Portgroup"
      }
    },
    "descriptions" : { }
  }, {
    "name" : "VMID",
    "type" : "string",
    "minOccurs" : 0,
    "maxOccurs" : 1,
    "mode" : "INPUT_OUTPUT",
    "subProperties" : [ ],
    "displayName" : "VMID",
    "confidential" : false,
    "tags" : {
      "{urn:x-hp:2013:software:ccue:designer:descriptor-schema}unitDescription" : null,
      "{urn:x-hp:2013:software:ccue:designer:descriptor-schema}validatorId" : null,
      "{urn:x-hp:2013:software:ccue:designer:descriptor-schema}hidden" : "true",
      "{urn:x-hp:2013:software:ccue:designer:descriptor-schema}tabSet" : "VIEW,EDIT",
      "maxLength" : "4000"
    },
    "consumerVisible" : false,
    "displayNames" : {
      "en-US" : {
        "value" : "VMID"
      }
    },
    "descriptions" : { }
  } ],
  "displayName" : "BLDCv2  Assign APP  Port Group",
  "capabilities" : [ ],
  "characteristics" : [ ],
  "tagIds" : [ ],
  "revision" : 14,
  "resourceType" : "OO_COMPONENT",
  "tags" : {
    "designer.name.uri" : "urn:x-hp:2013:software:ccue:designer:topology-metamodel:oo",
    "origin" : "embraced:VMWARE_VCENTER",
    "designer.name.localPart" : "Assign_Port_Group_a64e57bd_c556_4e56_8fc9_300beca22dc3_d20597858adb4ec3942deb0af3e4d4c3__VERSION__1.0",
    "iconUrl" : "/csa/api/blobstore/Gears.png?tag=library"
  },
  "final" : false,
  "displayNames" : {
    "en-US" : {
      "value" : "BLDCv2  Assign APP  Port Group"
    }
  },
  "descriptions" : { }
}