{
  "@type" : "ComponentTemplate",
  "id" : "8e321dd3-89c6-4d35-8328-e7f02c19427b",
  "artifactId" : "CISCO_ACI_Three_Tier_Network_Component_e98897e3_6766_4475_8931_1f70c2ccb817_e8990c1d75ba46f6b737b4189417664a",
  "groupId" : "com.hp.csa.template",
  "version" : "1.0",
  "displayName" : "BLDCv2 Three Tier Network Component",
  "description" : "Creates a three tier network",
  "implementedTypes" : [ {
    "componentId" : {
      "artifactId" : "CISCO_ACI_Three_Tier_Network_Component_e98897e3_6766_4475_8931_1f70c2ccb817_e8990c1d75ba46f6b737b4189417664a",
      "groupId" : "com.hp.csa.type",
      "version" : "1.0"
    },
    "constraints" : { }
  } ],
  "actions" : [ {
    "actionDescriptor" : {
      "name" : "cisco_aci_three_tier_network_e84bb398e9814938a4f9eda0de272565",
      "displayName" : "CISCO ACI Three tier Network",
      "description" : "",
      "inputParameters" : [ {
        "name" : "aclURL",
        "displayName" : "aclURL",
        "required" : false,
        "confidential" : false,
        "displayNames" : {
          "en-US" : {
            "value" : "aclURL"
          }
        },
        "descriptions" : { },
        "type" : "string"
      }, {
        "name" : "APN_NAME",
        "displayName" : "APN_NAME",
        "required" : true,
        "confidential" : false,
        "displayNames" : {
          "en-US" : {
            "value" : "APN_NAME"
          }
        },
        "descriptions" : { },
        "type" : "string"
      } ],
      "outputParameters" : [ {
        "name" : "appPortG",
        "displayName" : "appPortG",
        "required" : false,
        "confidential" : false,
        "displayNames" : {
          "en-US" : {
            "value" : "appPortG"
          }
        },
        "descriptions" : { },
        "type" : "string"
      }, {
        "name" : "dbPortG",
        "displayName" : "dbPortG",
        "required" : false,
        "confidential" : false,
        "displayNames" : {
          "en-US" : {
            "value" : "dbPortG"
          }
        },
        "descriptions" : { },
        "type" : "string"
      }, {
        "name" : "webPortG",
        "displayName" : "webPortG",
        "required" : false,
        "confidential" : false,
        "displayNames" : {
          "en-US" : {
            "value" : "webPortG"
          }
        },
        "descriptions" : { },
        "type" : "string"
      } ],
      "lifecycleAction" : "Deploy",
      "final" : false,
      "visible" : true,
      "displayNames" : {
        "en-US" : {
          "value" : "CISCO ACI Three tier Network"
        }
      },
      "descriptions" : {
        "en-US" : {
          "value" : ""
        }
      }
    },
    "processEngineDescriptors" : [ {
      "processEngineId" : "HP_OO",
      "mapping" : {
        "input" : {
          "APN_NAME" : "@PROPERTY:APN_NAME",
          "aclURL" : "@PROPERTY:aclURL"
        },
        "output" : {
          "appPortG" : "@PROPERTY:appPortG",
          "webPortG" : "@PROPERTY:webPortG",
          "dbPortG" : "@PROPERTY:dbPortG"
        }
      },
      "executableId" : "60c13ab7-4026-4d5e-8f4d-95870633395a"
    } ]
  } ],
  "relations" : [ ],
  "properties" : [ ],
  "revision" : 4,
  "displayNames" : {
    "en-US" : {
      "value" : "BLDCv2 Three Tier Network Component"
    }
  },
  "descriptions" : {
    "en-US" : {
      "value" : "Creates a three tier network"
    }
  }
}