{
  "@type" : "ComponentTemplate",
  "id" : "dbbc3b6c-2992-41aa-b4e0-d8dfa125bf1b",
  "artifactId" : "Assign_Port_Group_a64e57bd_c556_4e56_8fc9_300beca22dc3_d20597858adb4ec3942deb0af3e4d4c3",
  "groupId" : "com.hp.csa.template.VMWARE_VCENTER",
  "version" : "1.0",
  "displayName" : "BLDCv2  Assign APP  Port Group",
  "implementedTypes" : [ {
    "componentId" : {
      "artifactId" : "Assign_Port_Group_a64e57bd_c556_4e56_8fc9_300beca22dc3_d20597858adb4ec3942deb0af3e4d4c3",
      "groupId" : "com.hp.csa.type.VMWARE_VCENTER",
      "version" : "1.0"
    },
    "constraints" : { }
  } ],
  "providerType" : "VMWARE_VCENTER",
  "actions" : [ {
    "actionDescriptor" : {
      "name" : "vcenter_change_port_group_f09071ce2ef740e28707d6b7f4c50262",
      "displayName" : "vCenter Change Port Group",
      "description" : "",
      "inputParameters" : [ {
        "name" : "Target Portgroup",
        "displayName" : "Target Portgroup",
        "required" : true,
        "confidential" : false,
        "displayNames" : {
          "en-US" : {
            "value" : "Target Portgroup"
          }
        },
        "descriptions" : { },
        "type" : "string"
      }, {
        "name" : "VMID",
        "displayName" : "VMID",
        "required" : true,
        "confidential" : false,
        "displayNames" : {
          "en-US" : {
            "value" : "VMID"
          }
        },
        "descriptions" : { },
        "type" : "string"
      } ],
      "outputParameters" : [ ],
      "lifecycleAction" : "Deploy",
      "final" : false,
      "visible" : true,
      "displayNames" : {
        "en-US" : {
          "value" : "vCenter Change Port Group"
        }
      },
      "descriptions" : {
        "en-US" : {
          "value" : ""
        }
      }
    },
    "processEngineDescriptors" : [ {
      "processEngineId" : "HP_OO",
      "mapping" : {
        "input" : {
          "Target Portgroup" : "@PROPERTY:GetPortGroupFrom_Assign_Port_Group_a64e57bd_c556_4e56_8fc9_300beca22dc3_d20597858adb4ec3942deb0af3e4d4c3__VERSION__1^0.appPortG",
          "VMID" : "@PROPERTY:GetVmidFrom_Assign_Port_Group_a64e57bd_c556_4e56_8fc9_300beca22dc3_d20597858adb4ec3942deb0af3e4d4c3__VERSION__1^0.vmID"
        },
        "output" : { }
      },
      "executableId" : "d0650b7e-8bb8-4e2f-849c-dad60fe7fd6c"
    } ]
  } ],
  "relations" : [ ],
  "properties" : [ ],
  "revision" : 11,
  "displayNames" : {
    "en-US" : {
      "value" : "BLDCv2  Assign APP  Port Group"
    }
  },
  "descriptions" : { }
}