{
  "@type" : "ComponentTemplate",
  "id" : "2d19a6fe-1720-45c8-a97d-1fc96b588ee5",
  "artifactId" : "BLDCv2_vServer_f7ee1eb9_57b9_4347_8e3f_9f356d0dbc50_6a828bd74a504ae794e4baa3c55bc51e",
  "groupId" : "com.hp.csa.template.VMWARE_VCENTER",
  "version" : "1.0",
  "displayName" : "BLDCv2 vServer",
  "description" : "Server component that creates VM on VMware vCenter",
  "implementedTypes" : [ {
    "componentId" : {
      "artifactId" : "BLDCv2_vServer_f7ee1eb9_57b9_4347_8e3f_9f356d0dbc50_6a828bd74a504ae794e4baa3c55bc51e",
      "groupId" : "com.hp.csa.type.VMWARE_VCENTER",
      "version" : "1.0"
    },
    "constraints" : { }
  } ],
  "providerType" : "VMWARE_VCENTER",
  "actions" : [ {
    "actionDescriptor" : {
      "name" : "provision_vcenter_vm_d4ef9252f57648b08ac73eac7c26fe35",
      "displayName" : "Deploy",
      "description" : "<pre>\nCreate a VM from a VM template. Must specify either hostSystem, clusterName, or vmResourcePool as a target location for VMs.\n\nInput Parameters:\n vmName - name of the VM that will be created with this flow\n templateName -  name of the VM template to clone in vCenter\n osType - linux or windows\n host -  vCenter host to execute against\n user - vCenter username\n password - vCenter password\n vmDatacenter -  target Datacenter on the vCenter host for the VMs\n dataStore -  target datastore on the vCenter host for the VMs\n hostSystem - target ESX host for the VMs\n clusterName - target cluster for the VMs\n vmResourcePool - target resource pool for the VMs\n CPUs - Number of cpus to be set on the VMs\n Memory - Amount of Memory in MB to be set on VMs. Memory should be a multiple of 4.\n port - Port Number toconnect on\n protocol - Connection prtocol(http, https)\n availableCPU - Available CPU in  vCenter\n availableMemory - Available Memory in MB in vCenter\n\n\nResponses:\n success - The operation completed successfully.\n f",
      "inputParameters" : [ {
        "name" : "availableCPU",
        "displayName" : "availableCPU",
        "required" : true,
        "confidential" : false,
        "displayNames" : {
          "en-US" : {
            "value" : "availableCPU"
          }
        },
        "descriptions" : { },
        "type" : "string"
      }, {
        "name" : "availableMemory",
        "displayName" : "availableMemory",
        "required" : true,
        "confidential" : false,
        "displayNames" : {
          "en-US" : {
            "value" : "availableMemory"
          }
        },
        "descriptions" : { },
        "type" : "string"
      }, {
        "name" : "clusterName",
        "displayName" : "clusterName",
        "required" : false,
        "confidential" : false,
        "displayNames" : {
          "en-US" : {
            "value" : "clusterName"
          }
        },
        "descriptions" : { },
        "type" : "string"
      }, {
        "name" : "CPUs",
        "displayName" : "CPUs",
        "required" : true,
        "confidential" : false,
        "displayNames" : {
          "en-US" : {
            "value" : "CPUs"
          }
        },
        "descriptions" : { },
        "type" : "string"
      }, {
        "name" : "customizationSpec",
        "displayName" : "customizationSpec",
        "required" : false,
        "confidential" : false,
        "displayNames" : {
          "en-US" : {
            "value" : "customizationSpec"
          }
        },
        "descriptions" : { },
        "type" : "string"
      }, {
        "name" : "customizationSpecXml",
        "displayName" : "customizationSpecXml",
        "required" : false,
        "confidential" : false,
        "displayNames" : {
          "en-US" : {
            "value" : "customizationSpecXml"
          }
        },
        "descriptions" : { },
        "type" : "string"
      }, {
        "name" : "customizationTemplateName",
        "displayName" : "customizationTemplateName",
        "required" : false,
        "confidential" : false,
        "displayNames" : {
          "en-US" : {
            "value" : "customizationTemplateName"
          }
        },
        "descriptions" : { },
        "type" : "string"
      }, {
        "name" : "dataStore",
        "displayName" : "dataStore",
        "required" : false,
        "confidential" : false,
        "displayNames" : {
          "en-US" : {
            "value" : "dataStore"
          }
        },
        "descriptions" : { },
        "type" : "string"
      }, {
        "name" : "dnsServerIpList",
        "displayName" : "dnsServerIpList",
        "required" : false,
        "confidential" : false,
        "displayNames" : {
          "en-US" : {
            "value" : "dnsServerIpList"
          }
        },
        "descriptions" : { },
        "type" : "string"
      }, {
        "name" : "gatewayIpList",
        "displayName" : "gatewayIpList",
        "required" : false,
        "confidential" : false,
        "displayNames" : {
          "en-US" : {
            "value" : "gatewayIpList"
          }
        },
        "descriptions" : { },
        "type" : "string"
      }, {
        "name" : "host",
        "displayName" : "host",
        "required" : true,
        "confidential" : false,
        "displayNames" : {
          "en-US" : {
            "value" : "host"
          }
        },
        "descriptions" : { },
        "type" : "string"
      }, {
        "name" : "hostSystem",
        "displayName" : "hostSystem",
        "required" : false,
        "confidential" : false,
        "displayNames" : {
          "en-US" : {
            "value" : "hostSystem"
          }
        },
        "descriptions" : { },
        "type" : "string"
      }, {
        "name" : "ipAddress",
        "displayName" : "ipAddress",
        "required" : false,
        "confidential" : false,
        "displayNames" : {
          "en-US" : {
            "value" : "ipAddress"
          }
        },
        "descriptions" : { },
        "type" : "string"
      }, {
        "name" : "ipType",
        "displayName" : "ipType",
        "required" : false,
        "confidential" : false,
        "displayNames" : {
          "en-US" : {
            "value" : "ipType"
          }
        },
        "descriptions" : { },
        "type" : "string"
      }, {
        "name" : "Memory",
        "displayName" : "Memory",
        "required" : true,
        "confidential" : false,
        "displayNames" : {
          "en-US" : {
            "value" : "Memory"
          }
        },
        "descriptions" : { },
        "type" : "string"
      }, {
        "name" : "password",
        "displayName" : "password",
        "required" : true,
        "confidential" : true,
        "displayNames" : {
          "en-US" : {
            "value" : "password"
          }
        },
        "descriptions" : { },
        "type" : "string"
      }, {
        "name" : "port",
        "displayName" : "port",
        "required" : true,
        "confidential" : false,
        "displayNames" : {
          "en-US" : {
            "value" : "port"
          }
        },
        "descriptions" : { },
        "type" : "string"
      }, {
        "name" : "protocol",
        "displayName" : "protocol",
        "required" : true,
        "confidential" : false,
        "displayNames" : {
          "en-US" : {
            "value" : "protocol"
          }
        },
        "descriptions" : { },
        "type" : "string"
      }, {
        "name" : "subnetMask",
        "displayName" : "subnetMask",
        "required" : false,
        "confidential" : false,
        "displayNames" : {
          "en-US" : {
            "value" : "subnetMask"
          }
        },
        "descriptions" : { },
        "type" : "string"
      }, {
        "name" : "templateName",
        "displayName" : "templateName",
        "required" : true,
        "confidential" : false,
        "displayNames" : {
          "en-US" : {
            "value" : "templateName"
          }
        },
        "descriptions" : { },
        "type" : "string"
      }, {
        "name" : "user",
        "displayName" : "user",
        "required" : true,
        "confidential" : true,
        "displayNames" : {
          "en-US" : {
            "value" : "user"
          }
        },
        "descriptions" : { },
        "type" : "string"
      }, {
        "name" : "vmDatacenter",
        "displayName" : "vmDatacenter",
        "required" : true,
        "confidential" : false,
        "displayNames" : {
          "en-US" : {
            "value" : "vmDatacenter"
          }
        },
        "descriptions" : { },
        "type" : "string"
      }, {
        "name" : "vmFolder",
        "displayName" : "vmFolder",
        "required" : false,
        "confidential" : false,
        "displayNames" : {
          "en-US" : {
            "value" : "vmFolder"
          }
        },
        "descriptions" : { },
        "type" : "string"
      }, {
        "name" : "vmNamePrefix",
        "displayName" : "vmNamePrefix",
        "required" : true,
        "confidential" : false,
        "displayNames" : {
          "en-US" : {
            "value" : "vmNamePrefix"
          }
        },
        "descriptions" : { },
        "type" : "string"
      }, {
        "name" : "vmResourcePool",
        "displayName" : "vmResourcePool",
        "required" : false,
        "confidential" : false,
        "displayNames" : {
          "en-US" : {
            "value" : "vmResourcePool"
          }
        },
        "descriptions" : { },
        "type" : "string"
      } ],
      "outputParameters" : [ {
        "name" : "vmHostname",
        "displayName" : "vmHostname",
        "required" : false,
        "confidential" : false,
        "displayNames" : {
          "en-US" : {
            "value" : "vmHostname"
          }
        },
        "descriptions" : { },
        "type" : "string"
      }, {
        "name" : "vmID",
        "displayName" : "vmID",
        "required" : false,
        "confidential" : false,
        "displayNames" : {
          "en-US" : {
            "value" : "vmID"
          }
        },
        "descriptions" : { },
        "type" : "string"
      } ],
      "lifecycleAction" : "Deploy",
      "final" : false,
      "visible" : true,
      "displayNames" : {
        "en-US" : {
          "value" : "Deploy"
        }
      },
      "descriptions" : {
        "en-US" : {
          "value" : "<pre>\nCreate a VM from a VM template. Must specify either hostSystem, clusterName, or vmResourcePool as a target location for VMs.\n\nInput Parameters:\n vmName - name of the VM that will be created with this flow\n templateName -  name of the VM template to clone in vCenter\n osType - linux or windows\n host -  vCenter host to execute against\n user - vCenter username\n password - vCenter password\n vmDatacenter -  target Datacenter on the vCenter host for the VMs\n dataStore -  target datastore on the vCenter host for the VMs\n hostSystem - target ESX host for the VMs\n clusterName - target cluster for the VMs\n vmResourcePool - target resource pool for the VMs\n CPUs - Number of cpus to be set on the VMs\n Memory - Amount of Memory in MB to be set on VMs. Memory should be a multiple of 4.\n port - Port Number toconnect on\n protocol - Connection prtocol(http, https)\n availableCPU - Available CPU in  vCenter\n availableMemory - Available Memory in MB in vCenter\n\n\nResponses:\n success - The operation completed successfully.\n f"
        }
      }
    },
    "processEngineDescriptors" : [ {
      "processEngineId" : "HP_OO",
      "mapping" : {
        "input" : {
          "customizationSpecXml" : "@PROPERTY:customizationSpecXml",
          "customizationSpec" : "@PROPERTY:customizationSpec",
          "vmResourcePool" : "@PROPERTY:vmResourcePool",
          "Memory" : "@PROPERTY:Memory",
          "hostSystem" : "@PROPERTY:hostSystem",
          "password" : "@PROPERTY:password",
          "protocol" : "@PROPERTY:protocol",
          "vmFolder" : "@PROPERTY:vmFolder",
          "clusterName" : "@PROPERTY:clusterName",
          "host" : "@PROPERTY:host",
          "ipAddress" : "@PROPERTY:ipAddress",
          "availableCPU" : "@PROPERTY:availableCPU",
          "vmNamePrefix" : "@PROPERTY:vmNamePrefix",
          "subnetMask" : "@PROPERTY:subnetMask",
          "availableMemory" : "@PROPERTY:availableMemory",
          "CPUs" : "@PROPERTY:CPUs",
          "port" : "@PROPERTY:port",
          "templateName" : "@PROPERTY:templateName",
          "customizationTemplateName" : "@PROPERTY:customizationTemplateName",
          "dataStore" : "@PROPERTY:dataStore",
          "gatewayIpList" : "@PROPERTY:gatewayIpList",
          "vmDatacenter" : "@PROPERTY:vmDatacenter",
          "user" : "@PROPERTY:user",
          "ipType" : "@PROPERTY:ipType",
          "dnsServerIpList" : "@PROPERTY:dnsServerIpList"
        },
        "output" : {
          "vmHostname" : "@PROPERTY:vmHostname",
          "vmID" : "@PROPERTY:vmID"
        }
      },
      "executableId" : "24bfde47-64eb-48d2-8456-faf7e705dc01"
    } ]
  }, {
    "actionDescriptor" : {
      "name" : "unprovision_vcenter_server_4a5c28e5672043768d1dce3c558a242b",
      "displayName" : "Unprovision vCenter Server",
      "description" : "<pre>\nPower off and terminate a VM.\n\nInput Parameters:\n VMID - the unique Identifier of the VM on a vCenter.\n hostname - hostname of the VM to terminate\n host -  vCenter host to execute against\n user - vCenter username\n password - vCenter password\n vmDatacenter -  target Datacenter on the vCenter host for the VM\n hostSystem - current ESX host for the VM\n\nResponses:\n   success - if the command completes execution and its exit code is 0\n   failure - otherwise\n</pre>",
      "inputParameters" : [ {
        "name" : "host",
        "displayName" : "host",
        "required" : true,
        "confidential" : false,
        "displayNames" : {
          "en-US" : {
            "value" : "host"
          }
        },
        "descriptions" : { },
        "type" : "string"
      }, {
        "name" : "hostSystem",
        "displayName" : "hostSystem",
        "required" : false,
        "confidential" : false,
        "displayNames" : {
          "en-US" : {
            "value" : "hostSystem"
          }
        },
        "descriptions" : { },
        "type" : "string"
      }, {
        "name" : "password",
        "displayName" : "password",
        "required" : true,
        "confidential" : true,
        "displayNames" : {
          "en-US" : {
            "value" : "password"
          }
        },
        "descriptions" : { },
        "type" : "string"
      }, {
        "name" : "port",
        "displayName" : "port",
        "required" : true,
        "confidential" : false,
        "displayNames" : {
          "en-US" : {
            "value" : "port"
          }
        },
        "descriptions" : { },
        "type" : "string"
      }, {
        "name" : "protocol",
        "displayName" : "protocol",
        "required" : true,
        "confidential" : false,
        "displayNames" : {
          "en-US" : {
            "value" : "protocol"
          }
        },
        "descriptions" : { },
        "type" : "string"
      }, {
        "name" : "user",
        "displayName" : "user",
        "required" : true,
        "confidential" : false,
        "displayNames" : {
          "en-US" : {
            "value" : "user"
          }
        },
        "descriptions" : { },
        "type" : "string"
      }, {
        "name" : "vmDatacenter",
        "displayName" : "vmDatacenter",
        "required" : false,
        "confidential" : false,
        "displayNames" : {
          "en-US" : {
            "value" : "vmDatacenter"
          }
        },
        "descriptions" : { },
        "type" : "string"
      }, {
        "name" : "vmID",
        "displayName" : "vmID",
        "required" : true,
        "confidential" : false,
        "displayNames" : {
          "en-US" : {
            "value" : "vmID"
          }
        },
        "descriptions" : { },
        "type" : "string"
      } ],
      "outputParameters" : [ ],
      "lifecycleAction" : "Undeploy",
      "final" : false,
      "visible" : true,
      "displayNames" : {
        "en-US" : {
          "value" : "Unprovision vCenter Server"
        }
      },
      "descriptions" : {
        "en-US" : {
          "value" : "<pre>\nPower off and terminate a VM.\n\nInput Parameters:\n VMID - the unique Identifier of the VM on a vCenter.\n hostname - hostname of the VM to terminate\n host -  vCenter host to execute against\n user - vCenter username\n password - vCenter password\n vmDatacenter -  target Datacenter on the vCenter host for the VM\n hostSystem - current ESX host for the VM\n\nResponses:\n   success - if the command completes execution and its exit code is 0\n   failure - otherwise\n</pre>"
        }
      }
    },
    "processEngineDescriptors" : [ {
      "processEngineId" : "HP_OO",
      "mapping" : {
        "input" : {
          "password" : "@PROPERTY:password",
          "protocol" : "@PROPERTY:protocol",
          "port" : "@PROPERTY:port",
          "vmID" : "@PROPERTY:vmID",
          "host" : "@PROPERTY:host",
          "hostSystem" : "@PROPERTY:hostSystem",
          "vmDatacenter" : "@PROPERTY:vmDatacenter",
          "user" : "@PROPERTY:user"
        },
        "output" : { }
      },
      "executableId" : "cdd79df8-c912-4d4c-beca-c296518e29de"
    } ]
  } ],
  "relations" : [ ],
  "properties" : [ ],
  "revision" : 9,
  "displayNames" : {
    "en-US" : {
      "value" : "BLDCv2 vServer"
    }
  },
  "descriptions" : {
    "en-US" : {
      "value" : "Server component that creates VM on VMware vCenter"
    }
  }
}