{
  "@type" : "ComponentType",
  "id" : "be683e14-d43d-4029-a15d-b8d9ca5a38b7",
  "groupId" : "com.hp.csa.type.VMWARE_VCENTER",
  "artifactId" : "BLDCv2_vServer_f7ee1eb9_57b9_4347_8e3f_9f356d0dbc50_6a828bd74a504ae794e4baa3c55bc51e",
  "version" : "1.0",
  "abstract" : false,
  "capability" : false,
  "description" : "Server component that creates VM on VMware vCenter",
  "actions" : [ {
    "name" : "provision_vcenter_vm_d4ef9252f57648b08ac73eac7c26fe35",
    "displayName" : "Deploy",
    "description" : "<pre>\nCreate a VM from a VM template. Must specify either hostSystem, clusterName, or vmResourcePool as a target location for VMs.\n\nInput Parameters:\n vmName - name of the VM that will be created with this flow\n templateName -  name of the VM template to clone in vCenter\n osType - linux or windows\n host -  vCenter host to execute against\n user - vCenter username\n password - vCenter password\n vmDatacenter -  target Datacenter on the vCenter host for the VMs\n dataStore -  target datastore on the vCenter host for the VMs\n hostSystem - target ESX host for the VMs\n clusterName - target cluster for the VMs\n vmResourcePool - target resource pool for the VMs\n CPUs - Number of cpus to be set on the VMs\n Memory - Amount of Memory in MB to be set on VMs. Memory should be a multiple of 4.\n port - Port Number toconnect on\n protocol - Connection prtocol(http, https)\n availableCPU - Available CPU in  vCenter\n availableMemory - Available Memory in MB in vCenter\n\n\nResponses:\n success - The operation completed successfully.\n f",
    "inputParameters" : [ {
      "name" : "availableCPU",
      "displayName" : "availableCPU",
      "required" : true,
      "confidential" : false,
      "displayNames" : {
        "en-US" : {
          "value" : "availableCPU"
        }
      },
      "descriptions" : { },
      "type" : "string"
    }, {
      "name" : "availableMemory",
      "displayName" : "availableMemory",
      "required" : true,
      "confidential" : false,
      "displayNames" : {
        "en-US" : {
          "value" : "availableMemory"
        }
      },
      "descriptions" : { },
      "type" : "string"
    }, {
      "name" : "clusterName",
      "displayName" : "clusterName",
      "required" : false,
      "confidential" : false,
      "displayNames" : {
        "en-US" : {
          "value" : "clusterName"
        }
      },
      "descriptions" : { },
      "type" : "string"
    }, {
      "name" : "CPUs",
      "displayName" : "CPUs",
      "required" : true,
      "confidential" : false,
      "displayNames" : {
        "en-US" : {
          "value" : "CPUs"
        }
      },
      "descriptions" : { },
      "type" : "string"
    }, {
      "name" : "customizationSpec",
      "displayName" : "customizationSpec",
      "required" : false,
      "confidential" : false,
      "displayNames" : {
        "en-US" : {
          "value" : "customizationSpec"
        }
      },
      "descriptions" : { },
      "type" : "string"
    }, {
      "name" : "customizationSpecXml",
      "displayName" : "customizationSpecXml",
      "required" : false,
      "confidential" : false,
      "displayNames" : {
        "en-US" : {
          "value" : "customizationSpecXml"
        }
      },
      "descriptions" : { },
      "type" : "string"
    }, {
      "name" : "customizationTemplateName",
      "displayName" : "customizationTemplateName",
      "required" : false,
      "confidential" : false,
      "displayNames" : {
        "en-US" : {
          "value" : "customizationTemplateName"
        }
      },
      "descriptions" : { },
      "type" : "string"
    }, {
      "name" : "dataStore",
      "displayName" : "dataStore",
      "required" : false,
      "confidential" : false,
      "displayNames" : {
        "en-US" : {
          "value" : "dataStore"
        }
      },
      "descriptions" : { },
      "type" : "string"
    }, {
      "name" : "dnsServerIpList",
      "displayName" : "dnsServerIpList",
      "required" : false,
      "confidential" : false,
      "displayNames" : {
        "en-US" : {
          "value" : "dnsServerIpList"
        }
      },
      "descriptions" : { },
      "type" : "string"
    }, {
      "name" : "gatewayIpList",
      "displayName" : "gatewayIpList",
      "required" : false,
      "confidential" : false,
      "displayNames" : {
        "en-US" : {
          "value" : "gatewayIpList"
        }
      },
      "descriptions" : { },
      "type" : "string"
    }, {
      "name" : "host",
      "displayName" : "host",
      "required" : true,
      "confidential" : false,
      "displayNames" : {
        "en-US" : {
          "value" : "host"
        }
      },
      "descriptions" : { },
      "type" : "string"
    }, {
      "name" : "hostSystem",
      "displayName" : "hostSystem",
      "required" : false,
      "confidential" : false,
      "displayNames" : {
        "en-US" : {
          "value" : "hostSystem"
        }
      },
      "descriptions" : { },
      "type" : "string"
    }, {
      "name" : "ipAddress",
      "displayName" : "ipAddress",
      "required" : false,
      "confidential" : false,
      "displayNames" : {
        "en-US" : {
          "value" : "ipAddress"
        }
      },
      "descriptions" : { },
      "type" : "string"
    }, {
      "name" : "ipType",
      "displayName" : "ipType",
      "required" : false,
      "confidential" : false,
      "displayNames" : {
        "en-US" : {
          "value" : "ipType"
        }
      },
      "descriptions" : { },
      "type" : "string"
    }, {
      "name" : "Memory",
      "displayName" : "Memory",
      "required" : true,
      "confidential" : false,
      "displayNames" : {
        "en-US" : {
          "value" : "Memory"
        }
      },
      "descriptions" : { },
      "type" : "string"
    }, {
      "name" : "password",
      "displayName" : "password",
      "required" : true,
      "confidential" : true,
      "displayNames" : {
        "en-US" : {
          "value" : "password"
        }
      },
      "descriptions" : { },
      "type" : "string"
    }, {
      "name" : "port",
      "displayName" : "port",
      "required" : true,
      "confidential" : false,
      "displayNames" : {
        "en-US" : {
          "value" : "port"
        }
      },
      "descriptions" : { },
      "type" : "string"
    }, {
      "name" : "protocol",
      "displayName" : "protocol",
      "required" : true,
      "confidential" : false,
      "displayNames" : {
        "en-US" : {
          "value" : "protocol"
        }
      },
      "descriptions" : { },
      "type" : "string"
    }, {
      "name" : "subnetMask",
      "displayName" : "subnetMask",
      "required" : false,
      "confidential" : false,
      "displayNames" : {
        "en-US" : {
          "value" : "subnetMask"
        }
      },
      "descriptions" : { },
      "type" : "string"
    }, {
      "name" : "templateName",
      "displayName" : "templateName",
      "required" : true,
      "confidential" : false,
      "displayNames" : {
        "en-US" : {
          "value" : "templateName"
        }
      },
      "descriptions" : { },
      "type" : "string"
    }, {
      "name" : "user",
      "displayName" : "user",
      "required" : true,
      "confidential" : true,
      "displayNames" : {
        "en-US" : {
          "value" : "user"
        }
      },
      "descriptions" : { },
      "type" : "string"
    }, {
      "name" : "vmDatacenter",
      "displayName" : "vmDatacenter",
      "required" : true,
      "confidential" : false,
      "displayNames" : {
        "en-US" : {
          "value" : "vmDatacenter"
        }
      },
      "descriptions" : { },
      "type" : "string"
    }, {
      "name" : "vmFolder",
      "displayName" : "vmFolder",
      "required" : false,
      "confidential" : false,
      "displayNames" : {
        "en-US" : {
          "value" : "vmFolder"
        }
      },
      "descriptions" : { },
      "type" : "string"
    }, {
      "name" : "vmNamePrefix",
      "displayName" : "vmNamePrefix",
      "required" : true,
      "confidential" : false,
      "displayNames" : {
        "en-US" : {
          "value" : "vmNamePrefix"
        }
      },
      "descriptions" : { },
      "type" : "string"
    }, {
      "name" : "vmResourcePool",
      "displayName" : "vmResourcePool",
      "required" : false,
      "confidential" : false,
      "displayNames" : {
        "en-US" : {
          "value" : "vmResourcePool"
        }
      },
      "descriptions" : { },
      "type" : "string"
    } ],
    "outputParameters" : [ {
      "name" : "vmHostname",
      "displayName" : "vmHostname",
      "required" : false,
      "confidential" : false,
      "displayNames" : {
        "en-US" : {
          "value" : "vmHostname"
        }
      },
      "descriptions" : { },
      "type" : "string"
    }, {
      "name" : "vmID",
      "displayName" : "vmID",
      "required" : false,
      "confidential" : false,
      "displayNames" : {
        "en-US" : {
          "value" : "vmID"
        }
      },
      "descriptions" : { },
      "type" : "string"
    } ],
    "lifecycleAction" : "Deploy",
    "final" : false,
    "visible" : true,
    "displayNames" : {
      "en-US" : {
        "value" : "Deploy"
      }
    },
    "descriptions" : {
      "en-US" : {
        "value" : "<pre>\nCreate a VM from a VM template. Must specify either hostSystem, clusterName, or vmResourcePool as a target location for VMs.\n\nInput Parameters:\n vmName - name of the VM that will be created with this flow\n templateName -  name of the VM template to clone in vCenter\n osType - linux or windows\n host -  vCenter host to execute against\n user - vCenter username\n password - vCenter password\n vmDatacenter -  target Datacenter on the vCenter host for the VMs\n dataStore -  target datastore on the vCenter host for the VMs\n hostSystem - target ESX host for the VMs\n clusterName - target cluster for the VMs\n vmResourcePool - target resource pool for the VMs\n CPUs - Number of cpus to be set on the VMs\n Memory - Amount of Memory in MB to be set on VMs. Memory should be a multiple of 4.\n port - Port Number toconnect on\n protocol - Connection prtocol(http, https)\n availableCPU - Available CPU in  vCenter\n availableMemory - Available Memory in MB in vCenter\n\n\nResponses:\n success - The operation completed successfully.\n f"
      }
    }
  }, {
    "name" : "unprovision_vcenter_server_4a5c28e5672043768d1dce3c558a242b",
    "displayName" : "Unprovision vCenter Server",
    "description" : "<pre>\nPower off and terminate a VM.\n\nInput Parameters:\n VMID - the unique Identifier of the VM on a vCenter.\n hostname - hostname of the VM to terminate\n host -  vCenter host to execute against\n user - vCenter username\n password - vCenter password\n vmDatacenter -  target Datacenter on the vCenter host for the VM\n hostSystem - current ESX host for the VM\n\nResponses:\n   success - if the command completes execution and its exit code is 0\n   failure - otherwise\n</pre>",
    "inputParameters" : [ {
      "name" : "host",
      "displayName" : "host",
      "required" : true,
      "confidential" : false,
      "displayNames" : {
        "en-US" : {
          "value" : "host"
        }
      },
      "descriptions" : { },
      "type" : "string"
    }, {
      "name" : "hostSystem",
      "displayName" : "hostSystem",
      "required" : false,
      "confidential" : false,
      "displayNames" : {
        "en-US" : {
          "value" : "hostSystem"
        }
      },
      "descriptions" : { },
      "type" : "string"
    }, {
      "name" : "password",
      "displayName" : "password",
      "required" : true,
      "confidential" : true,
      "displayNames" : {
        "en-US" : {
          "value" : "password"
        }
      },
      "descriptions" : { },
      "type" : "string"
    }, {
      "name" : "port",
      "displayName" : "port",
      "required" : true,
      "confidential" : false,
      "displayNames" : {
        "en-US" : {
          "value" : "port"
        }
      },
      "descriptions" : { },
      "type" : "string"
    }, {
      "name" : "protocol",
      "displayName" : "protocol",
      "required" : true,
      "confidential" : false,
      "displayNames" : {
        "en-US" : {
          "value" : "protocol"
        }
      },
      "descriptions" : { },
      "type" : "string"
    }, {
      "name" : "user",
      "displayName" : "user",
      "required" : true,
      "confidential" : false,
      "displayNames" : {
        "en-US" : {
          "value" : "user"
        }
      },
      "descriptions" : { },
      "type" : "string"
    }, {
      "name" : "vmDatacenter",
      "displayName" : "vmDatacenter",
      "required" : false,
      "confidential" : false,
      "displayNames" : {
        "en-US" : {
          "value" : "vmDatacenter"
        }
      },
      "descriptions" : { },
      "type" : "string"
    }, {
      "name" : "vmID",
      "displayName" : "vmID",
      "required" : true,
      "confidential" : false,
      "displayNames" : {
        "en-US" : {
          "value" : "vmID"
        }
      },
      "descriptions" : { },
      "type" : "string"
    } ],
    "outputParameters" : [ ],
    "lifecycleAction" : "Undeploy",
    "final" : false,
    "visible" : true,
    "displayNames" : {
      "en-US" : {
        "value" : "Unprovision vCenter Server"
      }
    },
    "descriptions" : {
      "en-US" : {
        "value" : "<pre>\nPower off and terminate a VM.\n\nInput Parameters:\n VMID - the unique Identifier of the VM on a vCenter.\n hostname - hostname of the VM to terminate\n host -  vCenter host to execute against\n user - vCenter username\n password - vCenter password\n vmDatacenter -  target Datacenter on the vCenter host for the VM\n hostSystem - current ESX host for the VM\n\nResponses:\n   success - if the command completes execution and its exit code is 0\n   failure - otherwise\n</pre>"
      }
    }
  } ],
  "relations" : [ ],
  "properties" : [ {
    "name" : "CPUs",
    "type" : "string",
    "minOccurs" : 1,
    "maxOccurs" : 1,
    "mode" : "INPUT_OUTPUT",
    "defaultValue" : {
      "value" : "2",
      "type" : "string"
    },
    "subProperties" : [ ],
    "displayName" : "CPUs",
    "confidential" : false,
    "tags" : {
      "{urn:x-hp:2013:software:ccue:designer:descriptor-schema}unitDescription" : null,
      "{urn:x-hp:2013:software:ccue:designer:descriptor-schema}validatorId" : null,
      "{urn:x-hp:2013:software:ccue:designer:descriptor-schema}tabSet" : "VIEW,EDIT",
      "maxLength" : "4000"
    },
    "consumerVisible" : true,
    "displayNames" : {
      "en-US" : {
        "value" : "CPUs"
      }
    },
    "descriptions" : { }
  }, {
    "name" : "Memory",
    "type" : "string",
    "minOccurs" : 1,
    "maxOccurs" : 1,
    "mode" : "INPUT_OUTPUT",
    "defaultValue" : {
      "value" : "4096",
      "type" : "string"
    },
    "subProperties" : [ ],
    "displayName" : "Memory",
    "confidential" : false,
    "tags" : {
      "{urn:x-hp:2013:software:ccue:designer:descriptor-schema}unitDescription" : null,
      "{urn:x-hp:2013:software:ccue:designer:descriptor-schema}validatorId" : null,
      "{urn:x-hp:2013:software:ccue:designer:descriptor-schema}tabSet" : "VIEW,EDIT",
      "maxLength" : "4000"
    },
    "consumerVisible" : true,
    "displayNames" : {
      "en-US" : {
        "value" : "Memory"
      }
    },
    "descriptions" : { }
  }, {
    "name" : "availableCPU",
    "type" : "string",
    "minOccurs" : 1,
    "maxOccurs" : 1,
    "mode" : "INPUT_OUTPUT",
    "defaultValue" : {
      "value" : "16",
      "type" : "string"
    },
    "subProperties" : [ ],
    "displayName" : "availableCPU",
    "confidential" : false,
    "tags" : {
      "{urn:x-hp:2013:software:ccue:designer:descriptor-schema}unitDescription" : null,
      "{urn:x-hp:2013:software:ccue:designer:descriptor-schema}validatorId" : null,
      "{urn:x-hp:2013:software:ccue:designer:descriptor-schema}tabSet" : "VIEW,EDIT",
      "maxLength" : "4000"
    },
    "consumerVisible" : true,
    "displayNames" : {
      "en-US" : {
        "value" : "availableCPU"
      }
    },
    "descriptions" : { }
  }, {
    "name" : "availableMemory",
    "type" : "string",
    "minOccurs" : 1,
    "maxOccurs" : 1,
    "mode" : "INPUT_OUTPUT",
    "defaultValue" : {
      "value" : "10240",
      "type" : "string"
    },
    "subProperties" : [ ],
    "displayName" : "availableMemory",
    "confidential" : false,
    "tags" : {
      "{urn:x-hp:2013:software:ccue:designer:descriptor-schema}unitDescription" : null,
      "{urn:x-hp:2013:software:ccue:designer:descriptor-schema}validatorId" : null,
      "{urn:x-hp:2013:software:ccue:designer:descriptor-schema}tabSet" : "VIEW,EDIT",
      "maxLength" : "4000"
    },
    "consumerVisible" : true,
    "displayNames" : {
      "en-US" : {
        "value" : "availableMemory"
      }
    },
    "descriptions" : { }
  }, {
    "name" : "clusterName",
    "type" : "string",
    "minOccurs" : 0,
    "maxOccurs" : 1,
    "mode" : "INPUT_OUTPUT",
    "subProperties" : [ ],
    "displayName" : "clusterName",
    "confidential" : false,
    "tags" : {
      "{urn:x-hp:2013:software:ccue:designer:descriptor-schema}unitDescription" : null,
      "{urn:x-hp:2013:software:ccue:designer:descriptor-schema}validatorId" : null,
      "{urn:x-hp:2013:software:ccue:designer:descriptor-schema}tabSet" : "VIEW,EDIT",
      "maxLength" : "4000"
    },
    "consumerVisible" : true,
    "displayNames" : {
      "en-US" : {
        "value" : "clusterName"
      }
    },
    "descriptions" : { }
  }, {
    "name" : "customizationSpec",
    "type" : "string",
    "minOccurs" : 0,
    "maxOccurs" : 1,
    "mode" : "INPUT_OUTPUT",
    "subProperties" : [ ],
    "displayName" : "customizationSpec",
    "confidential" : false,
    "tags" : {
      "{urn:x-hp:2013:software:ccue:designer:descriptor-schema}unitDescription" : null,
      "{urn:x-hp:2013:software:ccue:designer:descriptor-schema}validatorId" : null,
      "{urn:x-hp:2013:software:ccue:designer:descriptor-schema}tabSet" : "VIEW,EDIT",
      "maxLength" : "4000"
    },
    "consumerVisible" : true,
    "displayNames" : {
      "en-US" : {
        "value" : "customizationSpec"
      }
    },
    "descriptions" : { }
  }, {
    "name" : "customizationSpecXml",
    "type" : "string",
    "minOccurs" : 0,
    "maxOccurs" : 1,
    "mode" : "INPUT_OUTPUT",
    "subProperties" : [ ],
    "displayName" : "customizationSpecXml",
    "confidential" : false,
    "tags" : {
      "{urn:x-hp:2013:software:ccue:designer:descriptor-schema}unitDescription" : null,
      "{urn:x-hp:2013:software:ccue:designer:descriptor-schema}validatorId" : null,
      "{urn:x-hp:2013:software:ccue:designer:descriptor-schema}tabSet" : "VIEW,EDIT",
      "maxLength" : "4000"
    },
    "consumerVisible" : true,
    "displayNames" : {
      "en-US" : {
        "value" : "customizationSpecXml"
      }
    },
    "descriptions" : { }
  }, {
    "name" : "customizationTemplateName",
    "type" : "string",
    "minOccurs" : 0,
    "maxOccurs" : 1,
    "mode" : "INPUT_OUTPUT",
    "defaultValue" : {
      "value" : "WindowsDefault",
      "type" : "string"
    },
    "subProperties" : [ ],
    "displayName" : "customizationTemplateName",
    "confidential" : false,
    "tags" : {
      "{urn:x-hp:2013:software:ccue:designer:descriptor-schema}unitDescription" : null,
      "{urn:x-hp:2013:software:ccue:designer:descriptor-schema}validatorId" : null,
      "{urn:x-hp:2013:software:ccue:designer:descriptor-schema}tabSet" : "VIEW,EDIT",
      "maxLength" : "4000"
    },
    "consumerVisible" : true,
    "displayNames" : {
      "en-US" : {
        "value" : "customizationTemplateName"
      }
    },
    "descriptions" : { }
  }, {
    "name" : "dataStore",
    "type" : "string",
    "minOccurs" : 0,
    "maxOccurs" : 1,
    "mode" : "INPUT_OUTPUT",
    "subProperties" : [ ],
    "displayName" : "dataStore",
    "confidential" : false,
    "tags" : {
      "{urn:x-hp:2013:software:ccue:designer:descriptor-schema}unitDescription" : null,
      "{urn:x-hp:2013:software:ccue:designer:descriptor-schema}validatorId" : null,
      "{urn:x-hp:2013:software:ccue:designer:descriptor-schema}tabSet" : "VIEW,EDIT",
      "maxLength" : "4000"
    },
    "consumerVisible" : true,
    "displayNames" : {
      "en-US" : {
        "value" : "dataStore"
      }
    },
    "descriptions" : { }
  }, {
    "name" : "dnsServerIpList",
    "type" : "string",
    "minOccurs" : 0,
    "maxOccurs" : 1,
    "mode" : "INPUT_OUTPUT",
    "defaultValue" : {
      "value" : "10.208.77.5",
      "type" : "string"
    },
    "subProperties" : [ ],
    "displayName" : "dnsServerIpList",
    "confidential" : false,
    "tags" : {
      "{urn:x-hp:2013:software:ccue:designer:descriptor-schema}unitDescription" : null,
      "{urn:x-hp:2013:software:ccue:designer:descriptor-schema}validatorId" : null,
      "{urn:x-hp:2013:software:ccue:designer:descriptor-schema}tabSet" : "VIEW,EDIT",
      "maxLength" : "4000"
    },
    "consumerVisible" : true,
    "displayNames" : {
      "en-US" : {
        "value" : "dnsServerIpList"
      }
    },
    "descriptions" : { }
  }, {
    "name" : "gatewayIpList",
    "type" : "string",
    "minOccurs" : 0,
    "maxOccurs" : 1,
    "mode" : "INPUT_OUTPUT",
    "defaultValue" : {
      "value" : "10.208.77.1",
      "type" : "string"
    },
    "subProperties" : [ ],
    "displayName" : "gatewayIpList",
    "confidential" : false,
    "tags" : {
      "{urn:x-hp:2013:software:ccue:designer:descriptor-schema}unitDescription" : null,
      "{urn:x-hp:2013:software:ccue:designer:descriptor-schema}validatorId" : null,
      "{urn:x-hp:2013:software:ccue:designer:descriptor-schema}tabSet" : "VIEW,EDIT",
      "maxLength" : "4000"
    },
    "consumerVisible" : true,
    "displayNames" : {
      "en-US" : {
        "value" : "gatewayIpList"
      }
    },
    "descriptions" : { }
  }, {
    "name" : "host",
    "type" : "string",
    "minOccurs" : 1,
    "maxOccurs" : 1,
    "mode" : "INPUT_OUTPUT",
    "defaultValue" : {
      "value" : "10.208.77.247",
      "type" : "string"
    },
    "subProperties" : [ ],
    "displayName" : "host",
    "confidential" : false,
    "tags" : {
      "{urn:x-hp:2013:software:ccue:designer:descriptor-schema}unitDescription" : null,
      "{urn:x-hp:2013:software:ccue:designer:descriptor-schema}validatorId" : null,
      "{urn:x-hp:2013:software:ccue:designer:descriptor-schema}tabSet" : "VIEW,EDIT",
      "maxLength" : "4000"
    },
    "consumerVisible" : true,
    "displayNames" : {
      "en-US" : {
        "value" : "host"
      }
    },
    "descriptions" : { }
  }, {
    "name" : "hostSystem",
    "type" : "string",
    "minOccurs" : 0,
    "maxOccurs" : 1,
    "mode" : "INPUT_OUTPUT",
    "subProperties" : [ ],
    "displayName" : "hostSystem",
    "confidential" : false,
    "tags" : {
      "{urn:x-hp:2013:software:ccue:designer:descriptor-schema}unitDescription" : null,
      "{urn:x-hp:2013:software:ccue:designer:descriptor-schema}validatorId" : null,
      "{urn:x-hp:2013:software:ccue:designer:descriptor-schema}tabSet" : "VIEW,EDIT",
      "maxLength" : "4000"
    },
    "consumerVisible" : true,
    "displayNames" : {
      "en-US" : {
        "value" : "hostSystem"
      }
    },
    "descriptions" : { }
  }, {
    "name" : "ipAddress",
    "type" : "string",
    "minOccurs" : 0,
    "maxOccurs" : 1,
    "mode" : "INPUT_OUTPUT",
    "defaultValue" : {
      "value" : "10.208.77.7",
      "type" : "string"
    },
    "subProperties" : [ ],
    "displayName" : "ipAddress",
    "confidential" : false,
    "tags" : {
      "{urn:x-hp:2013:software:ccue:designer:descriptor-schema}unitDescription" : null,
      "{urn:x-hp:2013:software:ccue:designer:descriptor-schema}validatorId" : null,
      "{urn:x-hp:2013:software:ccue:designer:descriptor-schema}tabSet" : "VIEW,EDIT",
      "maxLength" : "4000"
    },
    "consumerVisible" : true,
    "displayNames" : {
      "en-US" : {
        "value" : "ipAddress"
      }
    },
    "descriptions" : { }
  }, {
    "name" : "ipType",
    "type" : "string",
    "minOccurs" : 0,
    "maxOccurs" : 1,
    "mode" : "INPUT_OUTPUT",
    "defaultValue" : {
      "value" : "STATIC",
      "type" : "string"
    },
    "subProperties" : [ ],
    "displayName" : "ipType",
    "confidential" : false,
    "tags" : {
      "{urn:x-hp:2013:software:ccue:designer:descriptor-schema}unitDescription" : null,
      "{urn:x-hp:2013:software:ccue:designer:descriptor-schema}validatorId" : null,
      "{urn:x-hp:2013:software:ccue:designer:descriptor-schema}tabSet" : "VIEW,EDIT",
      "maxLength" : "4000"
    },
    "consumerVisible" : true,
    "displayNames" : {
      "en-US" : {
        "value" : "ipType"
      }
    },
    "descriptions" : { }
  }, {
    "name" : "password",
    "type" : "string",
    "minOccurs" : 1,
    "maxOccurs" : 1,
    "mode" : "INPUT_OUTPUT",
    "defaultValue" : {
      "value" : "ENC(E/1NhWOaO1Deg/gGbedjL7QG6Sollrp0p/MidjMySWktzOek32IDMrDduTgEMTcD)",
      "type" : "string_encrypted"
    },
    "subProperties" : [ ],
    "displayName" : "password",
    "confidential" : true,
    "tags" : {
      "{urn:x-hp:2013:software:ccue:designer:descriptor-schema}unitDescription" : null,
      "{urn:x-hp:2013:software:ccue:designer:descriptor-schema}validatorId" : null,
      "{urn:x-hp:2013:software:ccue:designer:descriptor-schema}tabSet" : "VIEW,EDIT",
      "maxLength" : "4000"
    },
    "consumerVisible" : false,
    "displayNames" : {
      "en-US" : {
        "value" : "password"
      }
    },
    "descriptions" : { }
  }, {
    "name" : "port",
    "type" : "string",
    "minOccurs" : 1,
    "maxOccurs" : 1,
    "mode" : "INPUT_OUTPUT",
    "defaultValue" : {
      "value" : "443",
      "type" : "string"
    },
    "subProperties" : [ ],
    "displayName" : "port",
    "confidential" : false,
    "tags" : {
      "{urn:x-hp:2013:software:ccue:designer:descriptor-schema}unitDescription" : null,
      "{urn:x-hp:2013:software:ccue:designer:descriptor-schema}validatorId" : null,
      "{urn:x-hp:2013:software:ccue:designer:descriptor-schema}tabSet" : "VIEW,EDIT",
      "maxLength" : "4000"
    },
    "consumerVisible" : true,
    "displayNames" : {
      "en-US" : {
        "value" : "port"
      }
    },
    "descriptions" : { }
  }, {
    "name" : "protocol",
    "type" : "string",
    "minOccurs" : 1,
    "maxOccurs" : 1,
    "mode" : "INPUT_OUTPUT",
    "defaultValue" : {
      "value" : "https",
      "type" : "string"
    },
    "subProperties" : [ ],
    "displayName" : "protocol",
    "confidential" : false,
    "tags" : {
      "{urn:x-hp:2013:software:ccue:designer:descriptor-schema}unitDescription" : null,
      "{urn:x-hp:2013:software:ccue:designer:descriptor-schema}validatorId" : null,
      "{urn:x-hp:2013:software:ccue:designer:descriptor-schema}tabSet" : "VIEW,EDIT",
      "maxLength" : "4000"
    },
    "consumerVisible" : true,
    "displayNames" : {
      "en-US" : {
        "value" : "protocol"
      }
    },
    "descriptions" : { }
  }, {
    "name" : "subnetMask",
    "type" : "string",
    "minOccurs" : 0,
    "maxOccurs" : 1,
    "mode" : "INPUT_OUTPUT",
    "defaultValue" : {
      "value" : "255.255.255.0",
      "type" : "string"
    },
    "subProperties" : [ ],
    "displayName" : "subnetMask",
    "confidential" : false,
    "tags" : {
      "{urn:x-hp:2013:software:ccue:designer:descriptor-schema}unitDescription" : null,
      "{urn:x-hp:2013:software:ccue:designer:descriptor-schema}validatorId" : null,
      "{urn:x-hp:2013:software:ccue:designer:descriptor-schema}tabSet" : "VIEW,EDIT",
      "maxLength" : "4000"
    },
    "consumerVisible" : true,
    "displayNames" : {
      "en-US" : {
        "value" : "subnetMask"
      }
    },
    "descriptions" : { }
  }, {
    "name" : "templateName",
    "type" : "string",
    "minOccurs" : 1,
    "maxOccurs" : 1,
    "mode" : "INPUT_OUTPUT",
    "defaultValue" : {
      "value" : "Win2k12_NestedHyperV_Enabled",
      "type" : "string"
    },
    "subProperties" : [ ],
    "displayName" : "templateName",
    "confidential" : false,
    "tags" : {
      "{urn:x-hp:2013:software:ccue:designer:descriptor-schema}unitDescription" : null,
      "{urn:x-hp:2013:software:ccue:designer:descriptor-schema}validatorId" : null,
      "{urn:x-hp:2013:software:ccue:designer:descriptor-schema}tabSet" : "VIEW,EDIT",
      "maxLength" : "4000"
    },
    "consumerVisible" : true,
    "displayNames" : {
      "en-US" : {
        "value" : "templateName"
      }
    },
    "descriptions" : { }
  }, {
    "name" : "user",
    "type" : "string",
    "minOccurs" : 1,
    "maxOccurs" : 1,
    "mode" : "INPUT_OUTPUT",
    "defaultValue" : {
      "value" : "ENC(vfPeV256y/iQyttG0D17Cb5vNfKHBkfL6T408oc6Xui3Z2SYI1NRQEJtRlRoVpzu+oSarrgKzUrA+AeIzR4cS7s/aIRyxqZ+)",
      "type" : "string_encrypted"
    },
    "subProperties" : [ ],
    "displayName" : "user",
    "confidential" : true,
    "tags" : {
      "{urn:x-hp:2013:software:ccue:designer:descriptor-schema}unitDescription" : null,
      "{urn:x-hp:2013:software:ccue:designer:descriptor-schema}validatorId" : null,
      "{urn:x-hp:2013:software:ccue:designer:descriptor-schema}tabSet" : "VIEW,EDIT",
      "maxLength" : "4000"
    },
    "consumerVisible" : false,
    "displayNames" : {
      "en-US" : {
        "value" : "user"
      }
    },
    "descriptions" : { }
  }, {
    "name" : "vmDatacenter",
    "type" : "string",
    "minOccurs" : 1,
    "maxOccurs" : 1,
    "mode" : "INPUT_OUTPUT",
    "defaultValue" : {
      "value" : "BLDCv2",
      "type" : "string"
    },
    "subProperties" : [ ],
    "displayName" : "vmDatacenter",
    "confidential" : false,
    "tags" : {
      "{urn:x-hp:2013:software:ccue:designer:descriptor-schema}unitDescription" : null,
      "{urn:x-hp:2013:software:ccue:designer:descriptor-schema}validatorId" : null,
      "{urn:x-hp:2013:software:ccue:designer:descriptor-schema}tabSet" : "VIEW,EDIT",
      "maxLength" : "4000"
    },
    "consumerVisible" : true,
    "displayNames" : {
      "en-US" : {
        "value" : "vmDatacenter"
      }
    },
    "descriptions" : { }
  }, {
    "name" : "vmFolder",
    "type" : "string",
    "minOccurs" : 0,
    "maxOccurs" : 1,
    "mode" : "INPUT_OUTPUT",
    "defaultValue" : {
      "value" : "/",
      "type" : "string"
    },
    "subProperties" : [ ],
    "displayName" : "vmFolder",
    "confidential" : false,
    "tags" : {
      "{urn:x-hp:2013:software:ccue:designer:descriptor-schema}unitDescription" : null,
      "{urn:x-hp:2013:software:ccue:designer:descriptor-schema}validatorId" : null,
      "{urn:x-hp:2013:software:ccue:designer:descriptor-schema}tabSet" : "VIEW,EDIT",
      "maxLength" : "4000"
    },
    "consumerVisible" : true,
    "displayNames" : {
      "en-US" : {
        "value" : "vmFolder"
      }
    },
    "descriptions" : { }
  }, {
    "name" : "vmHostname",
    "type" : "string",
    "minOccurs" : 0,
    "maxOccurs" : 1,
    "mode" : "INPUT_OUTPUT",
    "subProperties" : [ ],
    "displayName" : "vmHostname",
    "confidential" : false,
    "tags" : {
      "{urn:x-hp:2013:software:ccue:designer:descriptor-schema}unitDescription" : null,
      "{urn:x-hp:2013:software:ccue:designer:descriptor-schema}validatorId" : null,
      "{urn:x-hp:2013:software:ccue:designer:descriptor-schema}computed" : "true",
      "{urn:x-hp:2013:software:ccue:designer:descriptor-schema}hidden" : "true",
      "{urn:x-hp:2013:software:ccue:designer:descriptor-schema}tabSet" : "VIEW,EDIT",
      "maxLength" : "4000"
    },
    "consumerVisible" : true,
    "displayNames" : {
      "en-US" : {
        "value" : "vmHostname"
      }
    },
    "descriptions" : { }
  }, {
    "name" : "vmID",
    "type" : "string",
    "minOccurs" : 0,
    "maxOccurs" : 1,
    "mode" : "INPUT_OUTPUT",
    "subProperties" : [ ],
    "displayName" : "vmID",
    "confidential" : false,
    "tags" : {
      "{urn:x-hp:2013:software:ccue:designer:descriptor-schema}unitDescription" : null,
      "{urn:x-hp:2013:software:ccue:designer:descriptor-schema}validatorId" : null,
      "{urn:x-hp:2013:software:ccue:designer:descriptor-schema}computed" : "true",
      "{urn:x-hp:2013:software:ccue:designer:descriptor-schema}hidden" : "true",
      "{urn:x-hp:2013:software:ccue:designer:descriptor-schema}tabSet" : "VIEW,EDIT",
      "maxLength" : "4000"
    },
    "consumerVisible" : true,
    "displayNames" : {
      "en-US" : {
        "value" : "vmID"
      }
    },
    "descriptions" : { }
  }, {
    "name" : "vmNamePrefix",
    "type" : "string",
    "minOccurs" : 1,
    "maxOccurs" : 1,
    "mode" : "INPUT_OUTPUT",
    "defaultValue" : {
      "value" : "wip-",
      "type" : "string"
    },
    "subProperties" : [ ],
    "displayName" : "vmNamePrefix",
    "confidential" : false,
    "tags" : {
      "{urn:x-hp:2013:software:ccue:designer:descriptor-schema}unitDescription" : null,
      "{urn:x-hp:2013:software:ccue:designer:descriptor-schema}validatorId" : null,
      "{urn:x-hp:2013:software:ccue:designer:descriptor-schema}tabSet" : "VIEW,EDIT",
      "maxLength" : "4000"
    },
    "consumerVisible" : true,
    "displayNames" : {
      "en-US" : {
        "value" : "vmNamePrefix"
      }
    },
    "descriptions" : { }
  }, {
    "name" : "vmResourcePool",
    "type" : "string",
    "minOccurs" : 0,
    "maxOccurs" : 1,
    "mode" : "INPUT_OUTPUT",
    "subProperties" : [ ],
    "displayName" : "vmResourcePool",
    "confidential" : false,
    "tags" : {
      "{urn:x-hp:2013:software:ccue:designer:descriptor-schema}unitDescription" : null,
      "{urn:x-hp:2013:software:ccue:designer:descriptor-schema}validatorId" : null,
      "{urn:x-hp:2013:software:ccue:designer:descriptor-schema}tabSet" : "VIEW,EDIT",
      "maxLength" : "4000"
    },
    "consumerVisible" : true,
    "displayNames" : {
      "en-US" : {
        "value" : "vmResourcePool"
      }
    },
    "descriptions" : { }
  } ],
  "displayName" : "BLDCv2 vServer",
  "capabilities" : [ {
    "typeRef" : {
      "artifactId" : "Server",
      "groupId" : "com.hp.csa.type",
      "version" : "1"
    },
    "propertyMapping" : { },
    "capabilityCharacteristics" : [ ]
  } ],
  "characteristics" : [ ],
  "tagIds" : [ ],
  "revision" : 12,
  "resourceType" : "OO_COMPONENT",
  "tags" : {
    "designer.name.uri" : "urn:x-hp:2013:software:ccue:designer:topology-metamodel:oo",
    "origin" : "embraced:VMWARE_VCENTER",
    "designer.name.localPart" : "BLDCv2_vServer_f7ee1eb9_57b9_4347_8e3f_9f356d0dbc50_6a828bd74a504ae794e4baa3c55bc51e__VERSION__1.0",
    "iconUrl" : "/csa/api/blobstore/Server.png?tag=library"
  },
  "final" : false,
  "displayNames" : {
    "en-US" : {
      "value" : "BLDCv2 vServer"
    }
  },
  "descriptions" : {
    "en-US" : {
      "value" : "Server component that creates VM on VMware vCenter"
    }
  }
}