{
  "@type" : "ComponentTemplate",
  "id" : "4f783308-3bd1-49d4-b3d0-a2b120cc1bab",
  "artifactId" : "BLDC_DB_Port_Group_Assign_74107a79_5850_4a85_9b33_039679f231e7_7bf6b4fea5e24332abf4e20030f8dd13",
  "groupId" : "com.hp.csa.template",
  "version" : "1.0",
  "displayName" : "BLDCv2 DB Port Group Assign",
  "implementedTypes" : [ {
    "componentId" : {
      "artifactId" : "BLDC_DB_Port_Group_Assign_74107a79_5850_4a85_9b33_039679f231e7_7bf6b4fea5e24332abf4e20030f8dd13",
      "groupId" : "com.hp.csa.type",
      "version" : "1.0"
    },
    "constraints" : { }
  } ],
  "actions" : [ {
    "actionDescriptor" : {
      "name" : "vcenter_change_port_group_93184357729b4197a9f73db74c1d24a7",
      "displayName" : "vCenter Change Port Group",
      "description" : "",
      "inputParameters" : [ {
        "name" : "Target Portgroup",
        "displayName" : "Target Portgroup",
        "required" : true,
        "confidential" : false,
        "displayNames" : {
          "en-US" : {
            "value" : "Target Portgroup"
          }
        },
        "descriptions" : { },
        "type" : "string"
      }, {
        "name" : "VMID",
        "displayName" : "VMID",
        "required" : true,
        "confidential" : false,
        "displayNames" : {
          "en-US" : {
            "value" : "VMID"
          }
        },
        "descriptions" : { },
        "type" : "string"
      } ],
      "outputParameters" : [ ],
      "lifecycleAction" : "Deploy",
      "final" : false,
      "visible" : true,
      "displayNames" : {
        "en-US" : {
          "value" : "vCenter Change Port Group"
        }
      },
      "descriptions" : {
        "en-US" : {
          "value" : ""
        }
      }
    },
    "processEngineDescriptors" : [ {
      "processEngineId" : "HP_OO",
      "mapping" : {
        "input" : {
          "Target Portgroup" : "@PROPERTY:GetDbPortGroupFrom_BLDC_DB_Port_Group_Assign_74107a79_5850_4a85_9b33_039679f231e7_7bf6b4fea5e24332abf4e20030f8dd13__VERSION__1^0.dbPortG",
          "VMID" : "@PROPERTY:GetVMidFrom_BLDC_DB_Port_Group_Assign_74107a79_5850_4a85_9b33_039679f231e7_7bf6b4fea5e24332abf4e20030f8dd13__VERSION__1^0.vmID"
        },
        "output" : { }
      },
      "executableId" : "d0650b7e-8bb8-4e2f-849c-dad60fe7fd6c"
    } ]
  } ],
  "relations" : [ ],
  "properties" : [ ],
  "revision" : 8,
  "displayNames" : {
    "en-US" : {
      "value" : "BLDCv2 DB Port Group Assign"
    }
  },
  "descriptions" : { }
}