{
  "@type" : "ComponentType",
  "id" : "0ef986b5-fd49-4ebe-8ee8-a90bc6afcb79",
  "groupId" : "com.hp.csa.type",
  "artifactId" : "BLDC_DB_Port_Group_Assign_74107a79_5850_4a85_9b33_039679f231e7_7bf6b4fea5e24332abf4e20030f8dd13",
  "version" : "1.0",
  "abstract" : false,
  "capability" : false,
  "actions" : [ {
    "name" : "vcenter_change_port_group_93184357729b4197a9f73db74c1d24a7",
    "displayName" : "vCenter Change Port Group",
    "description" : "",
    "inputParameters" : [ {
      "name" : "Target Portgroup",
      "displayName" : "Target Portgroup",
      "required" : true,
      "confidential" : false,
      "displayNames" : {
        "en-US" : {
          "value" : "Target Portgroup"
        }
      },
      "descriptions" : { },
      "type" : "string"
    }, {
      "name" : "VMID",
      "displayName" : "VMID",
      "required" : true,
      "confidential" : false,
      "displayNames" : {
        "en-US" : {
          "value" : "VMID"
        }
      },
      "descriptions" : { },
      "type" : "string"
    } ],
    "outputParameters" : [ ],
    "lifecycleAction" : "Deploy",
    "final" : false,
    "visible" : true,
    "displayNames" : {
      "en-US" : {
        "value" : "vCenter Change Port Group"
      }
    },
    "descriptions" : {
      "en-US" : {
        "value" : ""
      }
    }
  } ],
  "relations" : [ {
    "name" : "GetDbPortGroupFrom_BLDC_DB_Port_Group_Assign_74107a79_5850_4a85_9b33_039679f231e7_7bf6b4fea5e24332abf4e20030f8dd13__VERSION__1^0",
    "relationType" : "association",
    "targetType" : {
      "componentId" : {
        "artifactId" : "CISCO_ACI_Three_Tier_Network_Component_e98897e3_6766_4475_8931_1f70c2ccb817_e8990c1d75ba46f6b737b4189417664a",
        "groupId" : "com.hp.csa.type",
        "version" : "1.0"
      },
      "constraints" : { }
    },
    "minOccursOnTarget" : 0,
    "maxOccursOnTarget" : 256,
    "minOccursOnSource" : 0,
    "maxOccursOnSource" : 1,
    "properties" : [ ],
    "displayName" : "GetDbPortGroup From",
    "displayNames" : {
      "en-US" : {
        "value" : "GetDbPortGroup From"
      }
    },
    "descriptions" : { }
  }, {
    "name" : "GetVMidFrom_BLDC_DB_Port_Group_Assign_74107a79_5850_4a85_9b33_039679f231e7_7bf6b4fea5e24332abf4e20030f8dd13__VERSION__1^0",
    "relationType" : "association",
    "targetType" : {
      "componentId" : {
        "artifactId" : "BLDCv2_vServer_f7ee1eb9_57b9_4347_8e3f_9f356d0dbc50_6a828bd74a504ae794e4baa3c55bc51e",
        "groupId" : "com.hp.csa.type.VMWARE_VCENTER",
        "version" : "1.0"
      },
      "constraints" : { }
    },
    "minOccursOnTarget" : 0,
    "maxOccursOnTarget" : 256,
    "minOccursOnSource" : 0,
    "maxOccursOnSource" : 1,
    "properties" : [ ],
    "displayName" : "GetVMid From",
    "displayNames" : {
      "en-US" : {
        "value" : "GetVMid From"
      }
    },
    "descriptions" : { }
  } ],
  "properties" : [ {
    "name" : "Target Portgroup",
    "type" : "string",
    "minOccurs" : 0,
    "maxOccurs" : 1,
    "mode" : "INPUT_OUTPUT",
    "subProperties" : [ ],
    "displayName" : "Target Portgroup",
    "confidential" : false,
    "tags" : {
      "{urn:x-hp:2013:software:ccue:designer:descriptor-schema}unitDescription" : null,
      "{urn:x-hp:2013:software:ccue:designer:descriptor-schema}validatorId" : null,
      "{urn:x-hp:2013:software:ccue:designer:descriptor-schema}hidden" : "true",
      "{urn:x-hp:2013:software:ccue:designer:descriptor-schema}tabSet" : "VIEW,EDIT",
      "maxLength" : "4000"
    },
    "consumerVisible" : false,
    "displayNames" : {
      "en-US" : {
        "value" : "Target Portgroup"
      }
    },
    "descriptions" : { }
  }, {
    "name" : "VMID",
    "type" : "string",
    "minOccurs" : 0,
    "maxOccurs" : 1,
    "mode" : "INPUT_OUTPUT",
    "subProperties" : [ ],
    "displayName" : "VMID",
    "confidential" : false,
    "tags" : {
      "{urn:x-hp:2013:software:ccue:designer:descriptor-schema}unitDescription" : null,
      "{urn:x-hp:2013:software:ccue:designer:descriptor-schema}validatorId" : null,
      "{urn:x-hp:2013:software:ccue:designer:descriptor-schema}hidden" : "true",
      "{urn:x-hp:2013:software:ccue:designer:descriptor-schema}tabSet" : "VIEW,EDIT",
      "maxLength" : "4000"
    },
    "consumerVisible" : false,
    "displayNames" : {
      "en-US" : {
        "value" : "VMID"
      }
    },
    "descriptions" : { }
  } ],
  "displayName" : "BLDCv2 DB Port Group Assign",
  "capabilities" : [ ],
  "characteristics" : [ ],
  "tagIds" : [ ],
  "revision" : 10,
  "resourceType" : "OO_COMPONENT",
  "tags" : {
    "designer.name.uri" : "urn:x-hp:2013:software:ccue:designer:topology-metamodel:oo",
    "origin" : "embraced",
    "designer.name.localPart" : "BLDC_DB_Port_Group_Assign_74107a79_5850_4a85_9b33_039679f231e7_7bf6b4fea5e24332abf4e20030f8dd13__VERSION__1.0",
    "iconUrl" : "/csa/api/blobstore/Gears.png?tag=library"
  },
  "final" : false,
  "displayNames" : {
    "en-US" : {
      "value" : "BLDCv2 DB Port Group Assign"
    }
  },
  "descriptions" : { }
}