{
  "@type" : "ComponentTemplate",
  "id" : "a99ab120-a9e3-40cb-8304-fffb660d47b2",
  "artifactId" : "BLDC_v2_Assign_Web_Port_Group_fd507af8_ac9b_4d4c_8796_8701f4b987f0_a8f609e703ce40bbbc17b9d9c97e4157",
  "groupId" : "com.hp.csa.template",
  "version" : "1.0",
  "displayName" : "BLDC v2 Assign Web Port Group",
  "implementedTypes" : [ {
    "componentId" : {
      "artifactId" : "BLDC_v2_Assign_Web_Port_Group_fd507af8_ac9b_4d4c_8796_8701f4b987f0_a8f609e703ce40bbbc17b9d9c97e4157",
      "groupId" : "com.hp.csa.type",
      "version" : "1.0"
    },
    "constraints" : { }
  } ],
  "actions" : [ {
    "actionDescriptor" : {
      "name" : "vcenter_change_port_group_17f03005300b4b6ca03bca4404e3e040",
      "displayName" : "vCenter Change Port Group",
      "description" : "",
      "inputParameters" : [ {
        "name" : "Target Portgroup",
        "displayName" : "Target Portgroup",
        "required" : true,
        "confidential" : false,
        "displayNames" : {
          "en-US" : {
            "value" : "Target Portgroup"
          }
        },
        "descriptions" : { },
        "type" : "string"
      }, {
        "name" : "VMID",
        "displayName" : "VMID",
        "required" : true,
        "confidential" : false,
        "displayNames" : {
          "en-US" : {
            "value" : "VMID"
          }
        },
        "descriptions" : { },
        "type" : "string"
      } ],
      "outputParameters" : [ ],
      "lifecycleAction" : "Deploy",
      "final" : false,
      "visible" : true,
      "displayNames" : {
        "en-US" : {
          "value" : "vCenter Change Port Group"
        }
      },
      "descriptions" : {
        "en-US" : {
          "value" : ""
        }
      }
    },
    "processEngineDescriptors" : [ {
      "processEngineId" : "HP_OO",
      "mapping" : {
        "input" : {
          "Target Portgroup" : "@PROPERTY:GetWebPortGroupFrom_BLDC_v2_Assign_Web_Port_Group_fd507af8_ac9b_4d4c_8796_8701f4b987f0_a8f609e703ce40bbbc17b9d9c97e4157__VERSION__1^0.webPortG",
          "VMID" : "@PROPERTY:GetVmIdFrom_BLDC_v2_Assign_Web_Port_Group_fd507af8_ac9b_4d4c_8796_8701f4b987f0_a8f609e703ce40bbbc17b9d9c97e4157__VERSION__1^0.vmID"
        },
        "output" : { }
      },
      "executableId" : "d0650b7e-8bb8-4e2f-849c-dad60fe7fd6c"
    } ]
  } ],
  "relations" : [ ],
  "properties" : [ ],
  "revision" : 6,
  "displayNames" : {
    "en-US" : {
      "value" : "BLDC v2 Assign Web Port Group"
    }
  },
  "descriptions" : { }
}