{
  "@type" : "ComponentType",
  "id" : "cb7b889a-b8bf-4517-8b88-1f2484f50125",
  "groupId" : "com.hp.csa.type",
  "artifactId" : "BLDC_v2_Assign_Web_Port_Group_fd507af8_ac9b_4d4c_8796_8701f4b987f0_a8f609e703ce40bbbc17b9d9c97e4157",
  "version" : "1.0",
  "abstract" : false,
  "capability" : false,
  "actions" : [ {
    "name" : "vcenter_change_port_group_17f03005300b4b6ca03bca4404e3e040",
    "displayName" : "vCenter Change Port Group",
    "description" : "",
    "inputParameters" : [ {
      "name" : "Target Portgroup",
      "displayName" : "Target Portgroup",
      "required" : true,
      "confidential" : false,
      "displayNames" : {
        "en-US" : {
          "value" : "Target Portgroup"
        }
      },
      "descriptions" : { },
      "type" : "string"
    }, {
      "name" : "VMID",
      "displayName" : "VMID",
      "required" : true,
      "confidential" : false,
      "displayNames" : {
        "en-US" : {
          "value" : "VMID"
        }
      },
      "descriptions" : { },
      "type" : "string"
    } ],
    "outputParameters" : [ ],
    "lifecycleAction" : "Deploy",
    "final" : false,
    "visible" : true,
    "displayNames" : {
      "en-US" : {
        "value" : "vCenter Change Port Group"
      }
    },
    "descriptions" : {
      "en-US" : {
        "value" : ""
      }
    }
  } ],
  "relations" : [ {
    "name" : "GetVmIdFrom_BLDC_v2_Assign_Web_Port_Group_fd507af8_ac9b_4d4c_8796_8701f4b987f0_a8f609e703ce40bbbc17b9d9c97e4157__VERSION__1^0",
    "relationType" : "association",
    "targetType" : {
      "componentId" : {
        "artifactId" : "BLDCv2_vServer_f7ee1eb9_57b9_4347_8e3f_9f356d0dbc50_6a828bd74a504ae794e4baa3c55bc51e",
        "groupId" : "com.hp.csa.type.VMWARE_VCENTER",
        "version" : "1.0"
      },
      "constraints" : { }
    },
    "minOccursOnTarget" : 0,
    "maxOccursOnTarget" : 256,
    "minOccursOnSource" : 0,
    "maxOccursOnSource" : 1,
    "properties" : [ ],
    "displayName" : "GetVmId From",
    "displayNames" : {
      "en-US" : {
        "value" : "GetVmId From"
      }
    },
    "descriptions" : { }
  }, {
    "name" : "GetWebPortGroupFrom_BLDC_v2_Assign_Web_Port_Group_fd507af8_ac9b_4d4c_8796_8701f4b987f0_a8f609e703ce40bbbc17b9d9c97e4157__VERSION__1^0",
    "relationType" : "association",
    "targetType" : {
      "componentId" : {
        "artifactId" : "CISCO_ACI_Three_Tier_Network_Component_e98897e3_6766_4475_8931_1f70c2ccb817_e8990c1d75ba46f6b737b4189417664a",
        "groupId" : "com.hp.csa.type",
        "version" : "1.0"
      },
      "constraints" : { }
    },
    "minOccursOnTarget" : 0,
    "maxOccursOnTarget" : 256,
    "minOccursOnSource" : 0,
    "maxOccursOnSource" : 1,
    "properties" : [ ],
    "displayName" : "GetWebPortGroupFrom",
    "displayNames" : {
      "en-US" : {
        "value" : "GetWebPortGroupFrom"
      }
    },
    "descriptions" : { }
  } ],
  "properties" : [ {
    "name" : "Target Portgroup",
    "type" : "string",
    "minOccurs" : 0,
    "maxOccurs" : 1,
    "mode" : "INPUT_OUTPUT",
    "subProperties" : [ ],
    "displayName" : "Target Portgroup",
    "confidential" : false,
    "tags" : {
      "{urn:x-hp:2013:software:ccue:designer:descriptor-schema}unitDescription" : null,
      "{urn:x-hp:2013:software:ccue:designer:descriptor-schema}validatorId" : null,
      "{urn:x-hp:2013:software:ccue:designer:descriptor-schema}hidden" : "true",
      "{urn:x-hp:2013:software:ccue:designer:descriptor-schema}tabSet" : "VIEW,EDIT",
      "maxLength" : "4000"
    },
    "consumerVisible" : false,
    "displayNames" : {
      "en-US" : {
        "value" : "Target Portgroup"
      }
    },
    "descriptions" : { }
  }, {
    "name" : "VMID",
    "type" : "string",
    "minOccurs" : 0,
    "maxOccurs" : 1,
    "mode" : "INPUT_OUTPUT",
    "subProperties" : [ ],
    "displayName" : "VMID",
    "confidential" : false,
    "tags" : {
      "{urn:x-hp:2013:software:ccue:designer:descriptor-schema}unitDescription" : null,
      "{urn:x-hp:2013:software:ccue:designer:descriptor-schema}validatorId" : null,
      "{urn:x-hp:2013:software:ccue:designer:descriptor-schema}hidden" : "true",
      "{urn:x-hp:2013:software:ccue:designer:descriptor-schema}tabSet" : "VIEW,EDIT",
      "maxLength" : "4000"
    },
    "consumerVisible" : false,
    "displayNames" : {
      "en-US" : {
        "value" : "VMID"
      }
    },
    "descriptions" : { }
  } ],
  "displayName" : "BLDC v2 Assign Web Port Group",
  "capabilities" : [ ],
  "characteristics" : [ ],
  "tagIds" : [ ],
  "revision" : 8,
  "resourceType" : "OO_COMPONENT",
  "tags" : {
    "designer.name.uri" : "urn:x-hp:2013:software:ccue:designer:topology-metamodel:oo",
    "origin" : "embraced",
    "designer.name.localPart" : "BLDC_v2_Assign_Web_Port_Group_fd507af8_ac9b_4d4c_8796_8701f4b987f0_a8f609e703ce40bbbc17b9d9c97e4157__VERSION__1.0",
    "iconUrl" : "/csa/api/blobstore/Gears.png?tag=library"
  },
  "final" : false,
  "displayNames" : {
    "en-US" : {
      "value" : "BLDC v2 Assign Web Port Group"
    }
  },
  "descriptions" : { }
}