{
  "@type" : "ComponentType",
  "id" : "5d0095d3-1dfa-464d-be58-6088f0ecf793",
  "groupId" : "com.hp.csa.type",
  "artifactId" : "CISCO_ACI_Three_Tier_Network_Component_e98897e3_6766_4475_8931_1f70c2ccb817_e8990c1d75ba46f6b737b4189417664a",
  "version" : "1.0",
  "abstract" : false,
  "capability" : false,
  "description" : "Creates a three tier network",
  "actions" : [ {
    "name" : "cisco_aci_three_tier_network_e84bb398e9814938a4f9eda0de272565",
    "displayName" : "CISCO ACI Three tier Network",
    "description" : "",
    "inputParameters" : [ {
      "name" : "aclURL",
      "displayName" : "aclURL",
      "required" : false,
      "confidential" : false,
      "displayNames" : {
        "en-US" : {
          "value" : "aclURL"
        }
      },
      "descriptions" : { },
      "type" : "string"
    }, {
      "name" : "APN_NAME",
      "displayName" : "APN_NAME",
      "required" : true,
      "confidential" : false,
      "displayNames" : {
        "en-US" : {
          "value" : "APN_NAME"
        }
      },
      "descriptions" : { },
      "type" : "string"
    } ],
    "outputParameters" : [ {
      "name" : "appPortG",
      "displayName" : "appPortG",
      "required" : false,
      "confidential" : false,
      "displayNames" : {
        "en-US" : {
          "value" : "appPortG"
        }
      },
      "descriptions" : { },
      "type" : "string"
    }, {
      "name" : "dbPortG",
      "displayName" : "dbPortG",
      "required" : false,
      "confidential" : false,
      "displayNames" : {
        "en-US" : {
          "value" : "dbPortG"
        }
      },
      "descriptions" : { },
      "type" : "string"
    }, {
      "name" : "webPortG",
      "displayName" : "webPortG",
      "required" : false,
      "confidential" : false,
      "displayNames" : {
        "en-US" : {
          "value" : "webPortG"
        }
      },
      "descriptions" : { },
      "type" : "string"
    } ],
    "lifecycleAction" : "Deploy",
    "final" : false,
    "visible" : true,
    "displayNames" : {
      "en-US" : {
        "value" : "CISCO ACI Three tier Network"
      }
    },
    "descriptions" : {
      "en-US" : {
        "value" : ""
      }
    }
  } ],
  "relations" : [ ],
  "properties" : [ {
    "name" : "APN_NAME",
    "type" : "string",
    "minOccurs" : 1,
    "maxOccurs" : 1,
    "mode" : "INPUT_OUTPUT",
    "defaultValue" : {
      "value" : "DUMMY",
      "type" : "string"
    },
    "subProperties" : [ ],
    "displayName" : "APN_NAME",
    "confidential" : false,
    "tags" : {
      "{urn:x-hp:2013:software:ccue:designer:descriptor-schema}unitDescription" : null,
      "{urn:x-hp:2013:software:ccue:designer:descriptor-schema}validatorId" : null,
      "{urn:x-hp:2013:software:ccue:designer:descriptor-schema}tabSet" : "VIEW,EDIT",
      "maxLength" : "4000"
    },
    "consumerVisible" : true,
    "displayNames" : {
      "en-US" : {
        "value" : "APN_NAME"
      }
    },
    "descriptions" : { }
  }, {
    "name" : "aclURL",
    "type" : "string",
    "minOccurs" : 0,
    "maxOccurs" : 1,
    "mode" : "INPUT_OUTPUT",
    "defaultValue" : {
      "value" : "https://apic/api/aaaLogin.xml",
      "type" : "string"
    },
    "subProperties" : [ ],
    "displayName" : "aclURL",
    "confidential" : false,
    "tags" : {
      "{urn:x-hp:2013:software:ccue:designer:descriptor-schema}unitDescription" : null,
      "{urn:x-hp:2013:software:ccue:designer:descriptor-schema}validatorId" : null,
      "{urn:x-hp:2013:software:ccue:designer:descriptor-schema}tabSet" : "VIEW,EDIT",
      "maxLength" : "4000"
    },
    "consumerVisible" : true,
    "displayNames" : {
      "en-US" : {
        "value" : "aclURL"
      }
    },
    "descriptions" : { }
  }, {
    "name" : "appPortG",
    "type" : "string",
    "minOccurs" : 0,
    "maxOccurs" : 1,
    "mode" : "INPUT_OUTPUT",
    "subProperties" : [ ],
    "displayName" : "appPortG",
    "confidential" : false,
    "tags" : {
      "{urn:x-hp:2013:software:ccue:designer:descriptor-schema}unitDescription" : null,
      "{urn:x-hp:2013:software:ccue:designer:descriptor-schema}validatorId" : null,
      "{urn:x-hp:2013:software:ccue:designer:descriptor-schema}computed" : "true",
      "{urn:x-hp:2013:software:ccue:designer:descriptor-schema}hidden" : "true",
      "{urn:x-hp:2013:software:ccue:designer:descriptor-schema}tabSet" : "VIEW,EDIT",
      "maxLength" : "4000"
    },
    "consumerVisible" : true,
    "displayNames" : {
      "en-US" : {
        "value" : "appPortG"
      }
    },
    "descriptions" : { }
  }, {
    "name" : "dbPortG",
    "type" : "string",
    "minOccurs" : 0,
    "maxOccurs" : 1,
    "mode" : "INPUT_OUTPUT",
    "subProperties" : [ ],
    "displayName" : "dbPortG",
    "confidential" : false,
    "tags" : {
      "{urn:x-hp:2013:software:ccue:designer:descriptor-schema}unitDescription" : null,
      "{urn:x-hp:2013:software:ccue:designer:descriptor-schema}validatorId" : null,
      "{urn:x-hp:2013:software:ccue:designer:descriptor-schema}computed" : "true",
      "{urn:x-hp:2013:software:ccue:designer:descriptor-schema}hidden" : "true",
      "{urn:x-hp:2013:software:ccue:designer:descriptor-schema}tabSet" : "VIEW,EDIT",
      "maxLength" : "4000"
    },
    "consumerVisible" : true,
    "displayNames" : {
      "en-US" : {
        "value" : "dbPortG"
      }
    },
    "descriptions" : { }
  }, {
    "name" : "webPortG",
    "type" : "string",
    "minOccurs" : 0,
    "maxOccurs" : 1,
    "mode" : "INPUT_OUTPUT",
    "subProperties" : [ ],
    "displayName" : "webPortG",
    "confidential" : false,
    "tags" : {
      "{urn:x-hp:2013:software:ccue:designer:descriptor-schema}unitDescription" : null,
      "{urn:x-hp:2013:software:ccue:designer:descriptor-schema}validatorId" : null,
      "{urn:x-hp:2013:software:ccue:designer:descriptor-schema}computed" : "true",
      "{urn:x-hp:2013:software:ccue:designer:descriptor-schema}hidden" : "true",
      "{urn:x-hp:2013:software:ccue:designer:descriptor-schema}tabSet" : "VIEW,EDIT",
      "maxLength" : "4000"
    },
    "consumerVisible" : true,
    "displayNames" : {
      "en-US" : {
        "value" : "webPortG"
      }
    },
    "descriptions" : { }
  } ],
  "displayName" : "BLDCv2 Three Tier Network Component",
  "capabilities" : [ ],
  "characteristics" : [ ],
  "tagIds" : [ ],
  "revision" : 4,
  "resourceType" : "OO_COMPONENT",
  "tags" : {
    "designer.name.uri" : "urn:x-hp:2013:software:ccue:designer:topology-metamodel:oo",
    "origin" : "embraced",
    "designer.name.localPart" : "CISCO_ACI_Three_Tier_Network_Component_e98897e3_6766_4475_8931_1f70c2ccb817_e8990c1d75ba46f6b737b4189417664a__VERSION__1.0",
    "iconUrl" : "/csa/api/blobstore/network-darkgray.svg?tag=library"
  },
  "final" : false,
  "displayNames" : {
    "en-US" : {
      "value" : "BLDCv2 Three Tier Network Component"
    }
  },
  "descriptions" : {
    "en-US" : {
      "value" : "Creates a three tier network"
    }
  }
}