<?xml version="1.0" encoding="UTF-8" standalone="yes"?><manifest><archiveItems><item>SERVICE_DESIGN_Three_tier_Application_with_network_8a8980ad520c3c0c01521028d40c001b.xml</item><itemLocation>com.hp.csa.model.vo.service.ServiceBlueprintVO</itemLocation><itemType>com.hp.csa.model.vo.service.ServiceBlueprintVO</itemType></archiveItems><archiveItems><item>service_composite.png</item><itemLocation>\images\categories\component_type\service_composite.png</itemLocation><itemType>File</itemType></archiveItems><archiveItems><item>default.png</item><itemLocation>\images\library\default.png</itemLocation><itemType>File</itemType></archiveItems><archiveItems><item>Distribution_RGB_blue_NT.png</item><itemLocation>\images\library\Distribution_RGB_blue_NT.png</itemLocation><itemType>File</itemType></archiveItems><archiveItems><item>COMPONENTTYPE_com.hp.csa.type_Server_1.json</item><itemLocation>com.hp.csa.topology.model.ComponentType</itemLocation><itemType>com.hp.csa.topology.model.ComponentType</itemType></archiveItems><archiveItems><item>COMPONENTTYPE_com.hp.csa.type.VMWARE_VCENTER_BLDCv2_vServer_f7ee1eb9_57b9_4347_8e3f_9f356d0dbc50_6a828bd74a504ae794e4baa3c55bc51e_1.0.json</item><itemLocation>com.hp.csa.topology.model.ComponentType</itemLocation><itemType>com.hp.csa.topology.model.ComponentType</itemType></archiveItems><archiveItems><item>Server.png</item><itemLocation>/images//library/Server.png</itemLocation><itemType>File</itemType></archiveItems><archiveItems><item>COMPONENTTEMPLATE_com.hp.csa.template.VMWARE_VCENTER_BLDCv2_vServer_f7ee1eb9_57b9_4347_8e3f_9f356d0dbc50_6a828bd74a504ae794e4baa3c55bc51e_1.0.json</item><itemLocation>com.hp.csa.topology.model.ComponentTemplate</itemLocation><itemType>com.hp.csa.topology.model.ComponentTemplate</itemType></archiveItems><archiveItems><item>COMPONENTTYPE_com.hp.csa.type_CISCO_ACI_Three_Tier_Network_Component_e98897e3_6766_4475_8931_1f70c2ccb817_e8990c1d75ba46f6b737b4189417664a_1.0.json</item><itemLocation>com.hp.csa.topology.model.ComponentType</itemLocation><itemType>com.hp.csa.topology.model.ComponentType</itemType></archiveItems><archiveItems><item>network-darkgray.svg</item><itemLocation>/images//library/network-darkgray.svg</itemLocation><itemType>File</itemType></archiveItems><archiveItems><item>COMPONENTTEMPLATE_com.hp.csa.template_CISCO_ACI_Three_Tier_Network_Component_e98897e3_6766_4475_8931_1f70c2ccb817_e8990c1d75ba46f6b737b4189417664a_1.0.json</item><itemLocation>com.hp.csa.topology.model.ComponentTemplate</itemLocation><itemType>com.hp.csa.topology.model.ComponentTemplate</itemType></archiveItems><archiveItems><item>COMPONENTTYPE_com.hp.csa.type.VMWARE_VCENTER_Assign_Port_Group_a64e57bd_c556_4e56_8fc9_300beca22dc3_d20597858adb4ec3942deb0af3e4d4c3_1.0.json</item><itemLocation>com.hp.csa.topology.model.ComponentType</itemLocation><itemType>com.hp.csa.topology.model.ComponentType</itemType></archiveItems><archiveItems><item>Gears.png</item><itemLocation>/images//library/Gears.png</itemLocation><itemType>File</itemType></archiveItems><archiveItems><item>COMPONENTTEMPLATE_com.hp.csa.template.VMWARE_VCENTER_Assign_Port_Group_a64e57bd_c556_4e56_8fc9_300beca22dc3_d20597858adb4ec3942deb0af3e4d4c3_1.0.json</item><itemLocation>com.hp.csa.topology.model.ComponentTemplate</itemLocation><itemType>com.hp.csa.topology.model.ComponentTemplate</itemType></archiveItems><archiveItems><item>COMPONENTTYPE_com.hp.csa.type_BLDC_DB_Port_Group_Assign_74107a79_5850_4a85_9b33_039679f231e7_7bf6b4fea5e24332abf4e20030f8dd13_1.0.json</item><itemLocation>com.hp.csa.topology.model.ComponentType</itemLocation><itemType>com.hp.csa.topology.model.ComponentType</itemType></archiveItems><archiveItems><item>COMPONENTTEMPLATE_com.hp.csa.template_BLDC_DB_Port_Group_Assign_74107a79_5850_4a85_9b33_039679f231e7_7bf6b4fea5e24332abf4e20030f8dd13_1.0.json</item><itemLocation>com.hp.csa.topology.model.ComponentTemplate</itemLocation><itemType>com.hp.csa.topology.model.ComponentTemplate</itemType></archiveItems><archiveItems><item>COMPONENTTYPE_com.hp.csa.type_BLDC_v2_Assign_Web_Port_Group_fd507af8_ac9b_4d4c_8796_8701f4b987f0_a8f609e703ce40bbbc17b9d9c97e4157_1.0.json</item><itemLocation>com.hp.csa.topology.model.ComponentType</itemLocation><itemType>com.hp.csa.topology.model.ComponentType</itemType></archiveItems><archiveItems><item>COMPONENTTEMPLATE_com.hp.csa.template_BLDC_v2_Assign_Web_Port_Group_fd507af8_ac9b_4d4c_8796_8701f4b987f0_a8f609e703ce40bbbc17b9d9c97e4157_1.0.json</item><itemLocation>com.hp.csa.topology.model.ComponentTemplate</itemLocation><itemType>com.hp.csa.topology.model.ComponentTemplate</itemType></archiveItems><archiveItems><item>TOPOLOGY_Three tier Application with network_2bff2b3c-ee60-42ba-8a9b-a28ce5bb75e5.xml</item><itemLocation>com.hp.csa.topology.model.Topology</itemLocation><itemType>com.hp.csa.topology.model.Topology</itemType></archiveItems><csaVersion>04.50.0000.0</csaVersion></manifest>