<?xml version="1.0" encoding="UTF-8" standalone="yes"?><ServiceBlueprint><id>8a8980ad520c3c0c01521028d40c001b</id><objectId>8a8980ad520c3c0c01521028d40c001b</objectId><createdOn>2016-01-04T22:00:57.228-07:00</createdOn><updatedOn>2016-02-26T22:21:40.928-07:00</updatedOn><createdBy><id>90d96588360da0c701360da0f1d600a1</id><objectId>90d96588360da0c701360da0f1d600a1</objectId><isCriticalSystemObject>true</isCriticalSystemObject><description>admin</description><iconUrl>http://localhost/admin</iconUrl><name>admin</name><displayName>admin</displayName><disabled>false</disabled></createdBy><updatedBy><id>90d96588360da0c701360da0f1d600a1</id><objectId>90d96588360da0c701360da0f1d600a1</objectId><isCriticalSystemObject>true</isCriticalSystemObject><description>admin</description><iconUrl>http://localhost/admin</iconUrl><name>admin</name><displayName>admin</displayName><disabled>false</disabled></updatedBy><isCriticalSystemObject>false</isCriticalSystemObject><description></description><iconUrl>/csa/images/library/Distribution_RGB_blue_NT.png</iconUrl><name>2cc5c52f-6917-41ba-8b4e-eaf9aae522d1</name><displayName>Three tier Application with network</displayName><state><id>90d96588360da0c701360da0ef470038</id><objectId>90d96588360da0c701360da0ef470038</objectId><createdOn>2015-06-17T02:51:01.390-06:00</createdOn><isCriticalSystemObject>true</isCriticalSystemObject><description>Active</description><iconUrl>/csa/images/categories/artifact_state/active.png</iconUrl><name>ACTIVE</name><displayName>Active</displayName><disabled>false</disabled><categoryType><id>90d96588360da0c701360da0ef420037</id><objectId>90d96588360da0c701360da0ef420037</objectId><isCriticalSystemObject>true</isCriticalSystemObject><description>Artifact State</description><name>ARTIFACT_STATE</name><displayName>Artifact State</displayName><extensible>false</extensible></categoryType></state><optionModel><id>8a8980ad520c3c0c01521028d40c0019</id><objectId>8a8980ad520c3c0c01521028d40c0019</objectId><createdOn>2016-01-04T22:00:57.228-07:00</createdOn><updatedOn>2016-02-26T22:21:40.411-07:00</updatedOn><createdBy><id>90d96588360da0c701360da0f1d600a1</id><objectId>90d96588360da0c701360da0f1d600a1</objectId><isCriticalSystemObject>true</isCriticalSystemObject><description>admin</description><iconUrl>http://localhost/admin</iconUrl><name>admin</name><displayName>admin</displayName><disabled>false</disabled></createdBy><updatedBy><id>90d96588360da0c701360da0f1d600a1</id><objectId>90d96588360da0c701360da0f1d600a1</objectId><isCriticalSystemObject>true</isCriticalSystemObject><description>admin</description><iconUrl>http://localhost/admin</iconUrl><name>admin</name><displayName>admin</displayName><disabled>false</disabled></updatedBy><isCriticalSystemObject>false</isCriticalSystemObject><name>Three tier Application with network</name><optionSets><id>8a8980ad5320f971015320ffc8020003</id><objectId>8a8980ad5320f971015320ffc8020003</objectId><createdOn>2016-02-26T21:32:27.139-07:00</createdOn><updatedOn>2016-02-26T22:21:40.412-07:00</updatedOn><createdBy><id>90d96588360da0c701360da0f1d600a1</id><objectId>90d96588360da0c701360da0f1d600a1</objectId><isCriticalSystemObject>true</isCriticalSystemObject><description>admin</description><iconUrl>http://localhost/admin</iconUrl><name>admin</name><displayName>admin</displayName><disabled>false</disabled></createdBy><updatedBy><id>90d96588360da0c701360da0f1d600a1</id><objectId>90d96588360da0c701360da0f1d600a1</objectId><isCriticalSystemObject>true</isCriticalSystemObject><description>admin</description><iconUrl>http://localhost/admin</iconUrl><name>admin</name><displayName>admin</displayName><disabled>false</disabled></updatedBy><isCriticalSystemObject>false</isCriticalSystemObject><description>This offering provides a three tier application with three tier network.</description><iconUrl>/csa/images/library/default.png</iconUrl><name>55e69438-37b1-f73e-28c4-743845b0b199</name><displayName>Three tier Application</displayName><options><id>8a8980ad5320f97101532100e79c0004</id><objectId>8a8980ad5320f97101532100e79c0004</objectId><createdOn>2016-02-26T21:33:40.764-07:00</createdOn><updatedOn>2016-02-26T22:21:40.412-07:00</updatedOn><createdBy><id>90d96588360da0c701360da0f1d600a1</id><objectId>90d96588360da0c701360da0f1d600a1</objectId><isCriticalSystemObject>true</isCriticalSystemObject><description>admin</description><iconUrl>http://localhost/admin</iconUrl><name>admin</name><displayName>admin</displayName><disabled>false</disabled></createdBy><updatedBy><id>90d96588360da0c701360da0f1d600a1</id><objectId>90d96588360da0c701360da0f1d600a1</objectId><isCriticalSystemObject>true</isCriticalSystemObject><description>admin</description><iconUrl>http://localhost/admin</iconUrl><name>admin</name><displayName>admin</displayName><disabled>false</disabled></updatedBy><isCriticalSystemObject>false</isCriticalSystemObject><description></description><iconUrl></iconUrl><name>a1b70919-f409-5795-4329-b28447ff6c4a</name><displayName>Details</displayName><consumerReadOnly>false</consumerReadOnly><consumerVisible>true</consumerVisible><isSelected>true</isSelected><orderIndex>0</orderIndex><property><id>8a8980ad5320f97101532103e54e0005</id><objectId>8a8980ad5320f97101532103e54e0005</objectId><createdOn>2016-02-26T21:36:56.782-07:00</createdOn><updatedOn>2016-02-26T22:21:40.412-07:00</updatedOn><createdBy><id>90d96588360da0c701360da0f1d600a1</id><objectId>90d96588360da0c701360da0f1d600a1</objectId><isCriticalSystemObject>true</isCriticalSystemObject><description>admin</description><iconUrl>http://localhost/admin</iconUrl><name>admin</name><displayName>admin</displayName><disabled>false</disabled></createdBy><updatedBy><id>90d96588360da0c701360da0f1d600a1</id><objectId>90d96588360da0c701360da0f1d600a1</objectId><isCriticalSystemObject>true</isCriticalSystemObject><description>admin</description><iconUrl>http://localhost/admin</iconUrl><name>admin</name><displayName>admin</displayName><disabled>false</disabled></updatedBy><isCriticalSystemObject>false</isCriticalSystemObject><description>Please enter the application name.</description><name>applicationName</name><displayName>Application Name</displayName><propertyBindings><id>8a8980ad5320f97101532103e54f0009</id><createdOn>2016-02-26T21:36:56.783-07:00</createdOn><updatedOn>2016-02-26T22:21:40.412-07:00</updatedOn><createdBy><id>90d96588360da0c701360da0f1d600a1</id><objectId>90d96588360da0c701360da0f1d600a1</objectId><isCriticalSystemObject>true</isCriticalSystemObject><description>admin</description><iconUrl>http://localhost/admin</iconUrl><name>admin</name><displayName>admin</displayName><disabled>false</disabled></createdBy><updatedBy><id>90d96588360da0c701360da0f1d600a1</id><objectId>90d96588360da0c701360da0f1d600a1</objectId><isCriticalSystemObject>true</isCriticalSystemObject><description>admin</description><iconUrl>http://localhost/admin</iconUrl><name>admin</name><displayName>admin</displayName><disabled>false</disabled></updatedBy><propertyBindingType><id>90d96588360da0c701360da0efc80058</id><objectId>90d96588360da0c701360da0efc80058</objectId><createdOn>2015-06-17T02:51:01.390-06:00</createdOn><isCriticalSystemObject>true</isCriticalSystemObject><description>Target</description><iconUrl>/csa/images/categories/property_binding_type/target.png</iconUrl><name>TARGET</name><displayName>Target</displayName><disabled>false</disabled><categoryType><id>90d96588360da0c701360da0efc00056</id><objectId>90d96588360da0c701360da0efc00056</objectId><isCriticalSystemObject>true</isCriticalSystemObject><description>Property Binding Type</description><name>PROPERTY_BINDING_TYPE</name><displayName>Property Binding Type</displayName><extensible>false</extensible></categoryType></propertyBindingType><artifactPropertyName>2bff2b3c-ee60-42ba-8a9b-a28ce5bb75e5;a6de8a84-caa0-f6db-2bd8-2aba43fc2a09;;APN_NAME</artifactPropertyName></propertyBindings><propertyBindings><id>8a8980ad5320f97101532103e54e0007</id><createdOn>2016-02-26T21:36:56.782-07:00</createdOn><updatedOn>2016-02-26T22:21:40.412-07:00</updatedOn><createdBy><id>90d96588360da0c701360da0f1d600a1</id><objectId>90d96588360da0c701360da0f1d600a1</objectId><isCriticalSystemObject>true</isCriticalSystemObject><description>admin</description><iconUrl>http://localhost/admin</iconUrl><name>admin</name><displayName>admin</displayName><disabled>false</disabled></createdBy><updatedBy><id>90d96588360da0c701360da0f1d600a1</id><objectId>90d96588360da0c701360da0f1d600a1</objectId><isCriticalSystemObject>true</isCriticalSystemObject><description>admin</description><iconUrl>http://localhost/admin</iconUrl><name>admin</name><displayName>admin</displayName><disabled>false</disabled></updatedBy><propertyBindingType><id>90d96588360da0c701360da0efc80058</id><objectId>90d96588360da0c701360da0efc80058</objectId><createdOn>2015-06-17T02:51:01.390-06:00</createdOn><isCriticalSystemObject>true</isCriticalSystemObject><description>Target</description><iconUrl>/csa/images/categories/property_binding_type/target.png</iconUrl><name>TARGET</name><displayName>Target</displayName><disabled>false</disabled><categoryType><id>90d96588360da0c701360da0efc00056</id><objectId>90d96588360da0c701360da0efc00056</objectId><isCriticalSystemObject>true</isCriticalSystemObject><description>Property Binding Type</description><name>PROPERTY_BINDING_TYPE</name><displayName>Property Binding Type</displayName><extensible>false</extensible></categoryType></propertyBindingType><artifactPropertyName>2bff2b3c-ee60-42ba-8a9b-a28ce5bb75e5;15a99e79-33f3-f003-0194-67a0472f8cb4;;vmNamePrefix</artifactPropertyName></propertyBindings><propertyBindings><id>8a8980ad5320f97101532103e54e0006</id><createdOn>2016-02-26T21:36:56.782-07:00</createdOn><updatedOn>2016-02-26T22:21:40.412-07:00</updatedOn><createdBy><id>90d96588360da0c701360da0f1d600a1</id><objectId>90d96588360da0c701360da0f1d600a1</objectId><isCriticalSystemObject>true</isCriticalSystemObject><description>admin</description><iconUrl>http://localhost/admin</iconUrl><name>admin</name><displayName>admin</displayName><disabled>false</disabled></createdBy><updatedBy><id>90d96588360da0c701360da0f1d600a1</id><objectId>90d96588360da0c701360da0f1d600a1</objectId><isCriticalSystemObject>true</isCriticalSystemObject><description>admin</description><iconUrl>http://localhost/admin</iconUrl><name>admin</name><displayName>admin</displayName><disabled>false</disabled></updatedBy><propertyBindingType><id>90d96588360da0c701360da0efc80058</id><objectId>90d96588360da0c701360da0efc80058</objectId><createdOn>2015-06-17T02:51:01.390-06:00</createdOn><isCriticalSystemObject>true</isCriticalSystemObject><description>Target</description><iconUrl>/csa/images/categories/property_binding_type/target.png</iconUrl><name>TARGET</name><displayName>Target</displayName><disabled>false</disabled><categoryType><id>90d96588360da0c701360da0efc00056</id><objectId>90d96588360da0c701360da0efc00056</objectId><isCriticalSystemObject>true</isCriticalSystemObject><description>Property Binding Type</description><name>PROPERTY_BINDING_TYPE</name><displayName>Property Binding Type</displayName><extensible>false</extensible></categoryType></propertyBindingType><artifactPropertyName>2bff2b3c-ee60-42ba-8a9b-a28ce5bb75e5;f838fa0a-7095-62d0-7459-6f6dced80f77;;vmNamePrefix</artifactPropertyName></propertyBindings><propertyBindings><id>8a8980ad5320f97101532103e54e0008</id><createdOn>2016-02-26T21:36:56.782-07:00</createdOn><updatedOn>2016-02-26T22:21:40.412-07:00</updatedOn><createdBy><id>90d96588360da0c701360da0f1d600a1</id><objectId>90d96588360da0c701360da0f1d600a1</objectId><isCriticalSystemObject>true</isCriticalSystemObject><description>admin</description><iconUrl>http://localhost/admin</iconUrl><name>admin</name><displayName>admin</displayName><disabled>false</disabled></createdBy><updatedBy><id>90d96588360da0c701360da0f1d600a1</id><objectId>90d96588360da0c701360da0f1d600a1</objectId><isCriticalSystemObject>true</isCriticalSystemObject><description>admin</description><iconUrl>http://localhost/admin</iconUrl><name>admin</name><displayName>admin</displayName><disabled>false</disabled></updatedBy><propertyBindingType><id>90d96588360da0c701360da0efc80058</id><objectId>90d96588360da0c701360da0efc80058</objectId><createdOn>2015-06-17T02:51:01.390-06:00</createdOn><isCriticalSystemObject>true</isCriticalSystemObject><description>Target</description><iconUrl>/csa/images/categories/property_binding_type/target.png</iconUrl><name>TARGET</name><displayName>Target</displayName><disabled>false</disabled><categoryType><id>90d96588360da0c701360da0efc00056</id><objectId>90d96588360da0c701360da0efc00056</objectId><isCriticalSystemObject>true</isCriticalSystemObject><description>Property Binding Type</description><name>PROPERTY_BINDING_TYPE</name><displayName>Property Binding Type</displayName><extensible>false</extensible></categoryType></propertyBindingType><artifactPropertyName>2bff2b3c-ee60-42ba-8a9b-a28ce5bb75e5;8fb288b6-a9bc-7c64-f9aa-e5445fe79e55;;vmNamePrefix</artifactPropertyName></propertyBindings><propertyBindings><id>8a8980ad5320f97101532103e54f000a</id><createdOn>2016-02-26T21:36:56.783-07:00</createdOn><updatedOn>2016-02-26T22:21:40.412-07:00</updatedOn><createdBy><id>90d96588360da0c701360da0f1d600a1</id><objectId>90d96588360da0c701360da0f1d600a1</objectId><isCriticalSystemObject>true</isCriticalSystemObject><description>admin</description><iconUrl>http://localhost/admin</iconUrl><name>admin</name><displayName>admin</displayName><disabled>false</disabled></createdBy><updatedBy><id>90d96588360da0c701360da0f1d600a1</id><objectId>90d96588360da0c701360da0f1d600a1</objectId><isCriticalSystemObject>true</isCriticalSystemObject><description>admin</description><iconUrl>http://localhost/admin</iconUrl><name>admin</name><displayName>admin</displayName><disabled>false</disabled></updatedBy><propertyBindingType><id>90d96588360da0c701360da0efc80058</id><objectId>90d96588360da0c701360da0efc80058</objectId><createdOn>2015-06-17T02:51:01.390-06:00</createdOn><isCriticalSystemObject>true</isCriticalSystemObject><description>Target</description><iconUrl>/csa/images/categories/property_binding_type/target.png</iconUrl><name>TARGET</name><displayName>Target</displayName><disabled>false</disabled><categoryType><id>90d96588360da0c701360da0efc00056</id><objectId>90d96588360da0c701360da0efc00056</objectId><isCriticalSystemObject>true</isCriticalSystemObject><description>Property Binding Type</description><name>PROPERTY_BINDING_TYPE</name><displayName>Property Binding Type</displayName><extensible>false</extensible></categoryType></propertyBindingType><artifactPropertyName>2bff2b3c-ee60-42ba-8a9b-a28ce5bb75e5;e4dca56a-4e82-755e-37fd-5d00056795d8;;vmNamePrefix</artifactPropertyName></propertyBindings><enableValidation>true</enableValidation><valueConstraint xmlns:xsi="http://www.w3.org/2001/XMLSchema-instance" xsi:type="stringValueConstraintVO"><id>8a8980ad5320f97101532103e54f000c</id><objectId>8a8980ad5320f97101532103e54f000c</objectId><createdOn>2016-02-26T21:36:56.783-07:00</createdOn><updatedOn>2016-02-26T22:21:40.412-07:00</updatedOn><createdBy><id>90d96588360da0c701360da0f1d600a1</id><objectId>90d96588360da0c701360da0f1d600a1</objectId><isCriticalSystemObject>true</isCriticalSystemObject><description>admin</description><iconUrl>http://localhost/admin</iconUrl><name>admin</name><displayName>admin</displayName><disabled>false</disabled></createdBy><updatedBy><id>90d96588360da0c701360da0f1d600a1</id><objectId>90d96588360da0c701360da0f1d600a1</objectId><isCriticalSystemObject>true</isCriticalSystemObject><description>admin</description><iconUrl>http://localhost/admin</iconUrl><name>admin</name><displayName>admin</displayName><disabled>false</disabled></updatedBy><isCriticalSystemObject>false</isCriticalSystemObject><valueType><id>90d96588360da0c701360da0efb50054</id><objectId>90d96588360da0c701360da0efb50054</objectId><createdOn>2015-06-17T02:51:01.390-06:00</createdOn><isCriticalSystemObject>true</isCriticalSystemObject><description>String</description><iconUrl>/csa/images/categories/value_type/string.png</iconUrl><name>STRING</name><displayName>String</displayName><disabled>false</disabled><categoryType><id>90d96588360da0c701360da0efa0004e</id><objectId>90d96588360da0c701360da0efa0004e</objectId><isCriticalSystemObject>true</isCriticalSystemObject><description>Value Type</description><name>VALUE_TYPE</name><displayName>Value Type</displayName><extensible>false</extensible></categoryType></valueType><maxLength>4000</maxLength><minLength>6</minLength></valueConstraint><valueType><id>90d96588360da0c701360da0efb50054</id><objectId>90d96588360da0c701360da0efb50054</objectId><createdOn>2015-06-17T02:51:01.390-06:00</createdOn><isCriticalSystemObject>true</isCriticalSystemObject><description>String</description><iconUrl>/csa/images/categories/value_type/string.png</iconUrl><name>STRING</name><displayName>String</displayName><disabled>false</disabled><categoryType><id>90d96588360da0c701360da0efa0004e</id><objectId>90d96588360da0c701360da0efa0004e</objectId><isCriticalSystemObject>true</isCriticalSystemObject><description>Value Type</description><name>VALUE_TYPE</name><displayName>Value Type</displayName><extensible>false</extensible></categoryType></valueType><values><id>8a8980ad5320f97101532103e54f000b</id><createdOn>2016-02-26T21:36:56.783-07:00</createdOn><updatedOn>2016-02-26T22:21:40.412-07:00</updatedOn><createdBy><id>90d96588360da0c701360da0f1d600a1</id><objectId>90d96588360da0c701360da0f1d600a1</objectId><isCriticalSystemObject>true</isCriticalSystemObject><description>admin</description><iconUrl>http://localhost/admin</iconUrl><name>admin</name><displayName>admin</displayName><disabled>false</disabled></createdBy><updatedBy><id>90d96588360da0c701360da0f1d600a1</id><objectId>90d96588360da0c701360da0f1d600a1</objectId><isCriticalSystemObject>true</isCriticalSystemObject><description>admin</description><iconUrl>http://localhost/admin</iconUrl><name>admin</name><displayName>admin</displayName><disabled>false</disabled></updatedBy><value>APPNAME</value><orderIndex>-1</orderIndex></values><maxOccurs>1</maxOccurs><minOccurs>0</minOccurs><orderIndex>0</orderIndex><confidential>false</confidential><encrypted>false</encrypted><consumerReadOnly>false</consumerReadOnly><consumerVisible>true</consumerVisible><measurable>false</measurable><editable>true</editable></property></options><maxOccurs>1</maxOccurs><minOccurs>1</minOccurs><orderIndex>0</orderIndex><isInitialOrder>true</isInitialOrder><consumerReadOnly>false</consumerReadOnly><consumerVisible>true</consumerVisible><isAOSTopologyComponentOptionSet>false</isAOSTopologyComponentOptionSet></optionSets></optionModel><artifactType><id>75f747551889482f8868215847d06620</id><objectId>75f747551889482f8868215847d06620</objectId><createdOn>2015-06-17T02:51:01.390-06:00</createdOn><isCriticalSystemObject>true</isCriticalSystemObject><description>Topology Service Blueprint</description><iconUrl>/csa/images/categories/artifact_type/service_blueprint.png</iconUrl><name>TOPOLOGY_SERVICE_BLUEPRINT</name><displayName>Topology Service Blueprint</displayName><disabled>false</disabled><categoryType><id>90d96588360da0c701360da0eeb40017</id><objectId>90d96588360da0c701360da0eeb40017</objectId><isCriticalSystemObject>true</isCriticalSystemObject><description>Artifact Type</description><name>ARTIFACT_TYPE</name><displayName>Artifact Type</displayName><extensible>false</extensible></categoryType></artifactType><disabled>false</disabled><artifactContainer><id>8a8980ad520c3c0c01521028c9e60005</id><objectId>8a8980ad520c3c0c01521028c9e60005</objectId><isCriticalSystemObject>false</isCriticalSystemObject><description></description><iconUrl>/csa/images/library/Distribution_RGB_blue_NT.png</iconUrl><name>cab2a6ca-6f57-41a3-8f6a-798bf7d768f4</name><displayName>Three tier Application with network</displayName><disabled>false</disabled></artifactContainer><componentRoot><id>8a8980ad520c3c0c01521028cdea0007</id><objectId>8a8980ad520c3c0c01521028cdea0007</objectId><createdOn>2016-01-04T22:00:55.658-07:00</createdOn><updatedOn>2016-02-26T22:21:40.411-07:00</updatedOn><createdBy><id>90d96588360da0c701360da0f1d600a1</id><objectId>90d96588360da0c701360da0f1d600a1</objectId><isCriticalSystemObject>true</isCriticalSystemObject><description>admin</description><iconUrl>http://localhost/admin</iconUrl><name>admin</name><displayName>admin</displayName><disabled>false</disabled></createdBy><updatedBy><id>90d96588360da0c701360da0f1d600a1</id><objectId>90d96588360da0c701360da0f1d600a1</objectId><isCriticalSystemObject>true</isCriticalSystemObject><description>admin</description><iconUrl>http://localhost/admin</iconUrl><name>admin</name><displayName>admin</displayName><disabled>false</disabled></updatedBy><isCriticalSystemObject>false</isCriticalSystemObject><description>The root component of a service design and represents all the service components HP CSA needs to realize the infrastructure and applications required for the service.</description><detailedDescription>Service Composite</detailedDescription><iconUrl>/csa/images/categories/component_type/service_composite.png</iconUrl><name>SERVICE_COMPOSITE__Mon Jan 04 22:00:55 MST 2016</name><displayName>Service Composite</displayName><property><id>8a8980ad520c3c0c01521028d40b0018</id><objectId>8a8980ad520c3c0c01521028d40b0018</objectId><createdOn>2016-01-04T22:00:57.227-07:00</createdOn><updatedOn>2016-02-26T22:21:40.412-07:00</updatedOn><createdBy><id>90d96588360da0c701360da0f1d600a1</id><objectId>90d96588360da0c701360da0f1d600a1</objectId><isCriticalSystemObject>true</isCriticalSystemObject><description>admin</description><iconUrl>http://localhost/admin</iconUrl><name>admin</name><displayName>admin</displayName><disabled>false</disabled></createdBy><updatedBy><id>90d96588360da0c701360da0f1d600a1</id><objectId>90d96588360da0c701360da0f1d600a1</objectId><isCriticalSystemObject>true</isCriticalSystemObject><description>admin</description><iconUrl>http://localhost/admin</iconUrl><name>admin</name><displayName>admin</displayName><disabled>false</disabled></updatedBy><isCriticalSystemObject>false</isCriticalSystemObject><name>topologyId</name><valueType><id>90d96588360da0c701360da0efb50054</id><objectId>90d96588360da0c701360da0efb50054</objectId><createdOn>2015-06-17T02:51:01.390-06:00</createdOn><isCriticalSystemObject>true</isCriticalSystemObject><description>String</description><iconUrl>/csa/images/categories/value_type/string.png</iconUrl><name>STRING</name><displayName>String</displayName><disabled>false</disabled><categoryType><id>90d96588360da0c701360da0efa0004e</id><objectId>90d96588360da0c701360da0efa0004e</objectId><isCriticalSystemObject>true</isCriticalSystemObject><description>Value Type</description><name>VALUE_TYPE</name><displayName>Value Type</displayName><extensible>false</extensible></categoryType></valueType><values><id>8a8980ad520c3c0c01521028d40b0016</id><createdOn>2016-01-04T22:00:57.227-07:00</createdOn><updatedOn>2016-02-26T22:21:40.412-07:00</updatedOn><createdBy><id>90d96588360da0c701360da0f1d600a1</id><objectId>90d96588360da0c701360da0f1d600a1</objectId><isCriticalSystemObject>true</isCriticalSystemObject><description>admin</description><iconUrl>http://localhost/admin</iconUrl><name>admin</name><displayName>admin</displayName><disabled>false</disabled></createdBy><updatedBy><id>90d96588360da0c701360da0f1d600a1</id><objectId>90d96588360da0c701360da0f1d600a1</objectId><isCriticalSystemObject>true</isCriticalSystemObject><description>admin</description><iconUrl>http://localhost/admin</iconUrl><name>admin</name><displayName>admin</displayName><disabled>false</disabled></updatedBy><value>2bff2b3c-ee60-42ba-8a9b-a28ce5bb75e5</value><orderIndex>-1</orderIndex></values><maxOccurs>1</maxOccurs><minOccurs>0</minOccurs><orderIndex>-1</orderIndex><confidential>false</confidential><encrypted>false</encrypted><consumerReadOnly>false</consumerReadOnly><consumerVisible>false</consumerVisible><measurable>false</measurable></property><property><id>8a8980ad520c3c0c01521028d40b0017</id><objectId>8a8980ad520c3c0c01521028d40b0017</objectId><createdOn>2016-01-04T22:00:57.227-07:00</createdOn><updatedOn>2016-02-26T22:21:40.412-07:00</updatedOn><createdBy><id>90d96588360da0c701360da0f1d600a1</id><objectId>90d96588360da0c701360da0f1d600a1</objectId><isCriticalSystemObject>true</isCriticalSystemObject><description>admin</description><iconUrl>http://localhost/admin</iconUrl><name>admin</name><displayName>admin</displayName><disabled>false</disabled></createdBy><updatedBy><id>90d96588360da0c701360da0f1d600a1</id><objectId>90d96588360da0c701360da0f1d600a1</objectId><isCriticalSystemObject>true</isCriticalSystemObject><description>admin</description><iconUrl>http://localhost/admin</iconUrl><name>admin</name><displayName>admin</displayName><disabled>false</disabled></updatedBy><isCriticalSystemObject>false</isCriticalSystemObject><name>published</name><valueType><id>90d96588360da0c701360da0efa5004f</id><objectId>90d96588360da0c701360da0efa5004f</objectId><createdOn>2015-06-17T02:51:01.390-06:00</createdOn><isCriticalSystemObject>true</isCriticalSystemObject><description>Boolean</description><iconUrl>/csa/images/categories/value_type/boolean.png</iconUrl><name>BOOLEAN</name><displayName>Boolean</displayName><disabled>false</disabled><categoryType><id>90d96588360da0c701360da0efa0004e</id><objectId>90d96588360da0c701360da0efa0004e</objectId><isCriticalSystemObject>true</isCriticalSystemObject><description>Value Type</description><name>VALUE_TYPE</name><displayName>Value Type</displayName><extensible>false</extensible></categoryType></valueType><values><id>8a8980ad520c3c0c01521028d40c001a</id><createdOn>2016-01-04T22:00:57.228-07:00</createdOn><updatedOn>2016-02-26T22:21:40.412-07:00</updatedOn><createdBy><id>90d96588360da0c701360da0f1d600a1</id><objectId>90d96588360da0c701360da0f1d600a1</objectId><isCriticalSystemObject>true</isCriticalSystemObject><description>admin</description><iconUrl>http://localhost/admin</iconUrl><name>admin</name><displayName>admin</displayName><disabled>false</disabled></createdBy><updatedBy><id>90d96588360da0c701360da0f1d600a1</id><objectId>90d96588360da0c701360da0f1d600a1</objectId><isCriticalSystemObject>true</isCriticalSystemObject><description>admin</description><iconUrl>http://localhost/admin</iconUrl><name>admin</name><displayName>admin</displayName><disabled>false</disabled></updatedBy><value>true</value><orderIndex>-1</orderIndex></values><maxOccurs>1</maxOccurs><minOccurs>0</minOccurs><orderIndex>-1</orderIndex><confidential>false</confidential><encrypted>false</encrypted><consumerReadOnly>false</consumerReadOnly><consumerVisible>false</consumerVisible><measurable>false</measurable></property><state><id>90d96588360da0c701360da0ef470038</id><objectId>90d96588360da0c701360da0ef470038</objectId><createdOn>2015-06-17T02:51:01.390-06:00</createdOn><isCriticalSystemObject>true</isCriticalSystemObject><description>Active</description><iconUrl>/csa/images/categories/artifact_state/active.png</iconUrl><name>ACTIVE</name><displayName>Active</displayName><disabled>false</disabled><categoryType><id>90d96588360da0c701360da0ef420037</id><objectId>90d96588360da0c701360da0ef420037</objectId><isCriticalSystemObject>true</isCriticalSystemObject><description>Artifact State</description><name>ARTIFACT_STATE</name><displayName>Artifact State</displayName><extensible>false</extensible></categoryType></state><artifactType><id>90d96588360da0c701360da0eec8001a</id><objectId>90d96588360da0c701360da0eec8001a</objectId><createdOn>2015-06-17T02:51:01.390-06:00</createdOn><isCriticalSystemObject>true</isCriticalSystemObject><description>Service Component</description><iconUrl>/csa/images/categories/artifact_type/service_component.png</iconUrl><name>SERVICE_COMPONENT</name><displayName>Service Component</displayName><disabled>false</disabled><categoryType><id>90d96588360da0c701360da0eeb40017</id><objectId>90d96588360da0c701360da0eeb40017</objectId><isCriticalSystemObject>true</isCriticalSystemObject><description>Artifact Type</description><name>ARTIFACT_TYPE</name><displayName>Artifact Type</displayName><extensible>false</extensible></categoryType></artifactType><ownedBy><id>90d96588360da0c701360da0f15b009e</id><objectId>90d96588360da0c701360da0f15b009e</objectId><isCriticalSystemObject>true</isCriticalSystemObject><description>Provider Organization</description><name>CSA-Provider</name><displayName>Provider</displayName><disabled>false</disabled></ownedBy><disabled>false</disabled><isOutOfSync>false</isOutOfSync><derivedFrom xmlns:xsi="http://www.w3.org/2001/XMLSchema-instance" xsi:type="serviceComponentVO"><id>90d96588360da0c701360da0f20d00ad</id><objectId>90d96588360da0c701360da0f20d00ad</objectId><isCriticalSystemObject>true</isCriticalSystemObject><description>The root component of a service design and represents all the service components HP CSA needs to realize the infrastructure and applications required for the service.</description><iconUrl>/csa/images/categories/component_type/service_composite.png</iconUrl><name>SERVICE_COMPOSITE</name><displayName>Service Composite</displayName><disabled>false</disabled><pattern>false</pattern><licensable>false</licensable><createdFromPattern>false</createdFromPattern><toFinalize>false</toFinalize><consumerVisible>true</consumerVisible></derivedFrom><lifecycleProperties><id>8a8980ad520c3c0c01521028cdea0006</id><createdOn>2016-01-04T22:00:55.658-07:00</createdOn><updatedOn>2016-02-26T22:21:40.411-07:00</updatedOn><createdBy><id>90d96588360da0c701360da0f1d600a1</id><objectId>90d96588360da0c701360da0f1d600a1</objectId><isCriticalSystemObject>true</isCriticalSystemObject><description>admin</description><iconUrl>http://localhost/admin</iconUrl><name>admin</name><displayName>admin</displayName><disabled>false</disabled></createdBy><updatedBy><id>90d96588360da0c701360da0f1d600a1</id><objectId>90d96588360da0c701360da0f1d600a1</objectId><isCriticalSystemObject>true</isCriticalSystemObject><description>admin</description><iconUrl>http://localhost/admin</iconUrl><name>admin</name><displayName>admin</displayName><disabled>false</disabled></updatedBy><lifecycleComponentOrder>1</lifecycleComponentOrder><lifecycleState><id>90d96588360da0c701360da0f22000b2</id><objectId>90d96588360da0c701360da0f22000b2</objectId><createdOn>2015-06-17T02:51:01.390-06:00</createdOn><isCriticalSystemObject>true</isCriticalSystemObject><description>Described</description><iconUrl>/csa/images/categories/lifecycle_state/described.png</iconUrl><name>DESCRIBED</name><displayName>Described</displayName><disabled>false</disabled><categoryType><id>90d96588360da0c701360da0f21300ae</id><objectId>90d96588360da0c701360da0f21300ae</objectId><isCriticalSystemObject>true</isCriticalSystemObject><description>Lifecycle State</description><name>LIFECYCLE_STATE</name><displayName>Lifecycle State</displayName><extensible>false</extensible></categoryType></lifecycleState><lifecycleSubstate><id>90d96588360da0c701360da0f24200bd</id><objectId>90d96588360da0c701360da0f24200bd</objectId><createdOn>2015-06-17T02:51:01.390-06:00</createdOn><isCriticalSystemObject>true</isCriticalSystemObject><description>Pre Transition</description><iconUrl>/csa/images/categories/lifecycle_substate/pre_transition.png</iconUrl><name>PRE_TRANSITION</name><displayName>Pre Transition</displayName><disabled>false</disabled><categoryType><id>90d96588360da0c701360da0f23e00bc</id><objectId>90d96588360da0c701360da0f23e00bc</objectId><isCriticalSystemObject>true</isCriticalSystemObject><description>Lifecycle Substate</description><name>LIFECYCLE_SUBSTATE</name><displayName>Lifecycle Substate</displayName><extensible>false</extensible></categoryType></lifecycleSubstate><paused>false</paused></lifecycleProperties><componentType><id>90d96588360da0c701360da0f20d00ad</id><objectId>90d96588360da0c701360da0f20d00ad</objectId><createdOn>2015-06-17T02:51:01.390-06:00</createdOn><isCriticalSystemObject>true</isCriticalSystemObject><description>The root component of a service design and represents all the service components HP CSA needs to realize the infrastructure and applications required for the service.</description><detailedDescription>Service Composite</detailedDescription><iconUrl>/csa/images/categories/component_type/service_composite.png</iconUrl><name>SERVICE_COMPOSITE</name><displayName>Service Composite</displayName><disabled>false</disabled><categoryType><id>90d96588360da0c701360da0f1fa00a7</id><objectId>90d96588360da0c701360da0f1fa00a7</objectId><isCriticalSystemObject>true</isCriticalSystemObject><description>Component Type</description><name>COMPONENT_TYPE</name><displayName>Component Type</displayName><extensible>true</extensible></categoryType></componentType><pattern>false</pattern><licensable>false</licensable><createdFromPattern>false</createdFromPattern><toFinalize>false</toFinalize><consumerVisible>true</consumerVisible></componentRoot><sourceType><id>BD0BC4E6C79FDEB2E04059106D1A5B6A</id><objectId>BD0BC4E6C79FDEB2E04059106D1A5B6A</objectId><createdOn>2015-06-17T02:51:01.390-06:00</createdOn><isCriticalSystemObject>true</isCriticalSystemObject><description>This design was created and is managed by HP CSA.</description><iconUrl>/csa/images/categories/sourcetype/internal.png</iconUrl><name>INTERNAL</name><displayName>HP CSA</displayName><disabled>false</disabled><categoryType><id>BD0BC4E6C79BDEB2E04059106D1A5B4E</id><objectId>BD0BC4E6C79BDEB2E04059106D1A5B4E</objectId><isCriticalSystemObject>false</isCriticalSystemObject><description>Source Type</description><name>SOURCE_TYPE</name><displayName>Source Type</displayName><extensible>true</extensible></categoryType></sourceType><serviceDesignerExperienceType><id>90cec76e3fd3cff2013fd3d066f306bf</id><objectId>90cec76e3fd3cff2013fd3d066f306bf</objectId><createdOn>2015-06-17T02:51:01.390-06:00</createdOn><isCriticalSystemObject>true</isCriticalSystemObject><description>Topology based designer experience</description><iconUrl></iconUrl><name>TOPOLOGY_BASED</name><displayName>Topology Based</displayName><disabled>false</disabled><categoryType><id>90cec76e3fd3ce38013fd3cea5bf081a</id><objectId>90cec76e3fd3ce38013fd3cea5bf081a</objectId><isCriticalSystemObject>true</isCriticalSystemObject><description>Service Designer Experience Type</description><name>SERVICE_DESIGNER_EXPER_TYPE</name><displayName>Service Designer Experience Type</displayName><extensible>true</extensible></categoryType></serviceDesignerExperienceType><containerId>8a8980ad520c3c0c01521028c9e60005</containerId><version>1.0.0</version><valid>false</valid><published>true</published></ServiceBlueprint>