<Topology _type="Topology">
  <id>2bff2b3c-ee60-42ba-8a9b-a28ce5bb75e5</id>
  <groupId>com.hp.csa</groupId>
  <artifactId>8a8980ad520c3c0c01521028c9e60005</artifactId>
  <version>1.0.0</version>
  <resources>
    <id>15a99e79-33f3-f003-0194-67a0472f8cb4</id>
    <name>App Server</name>
    <componentType>
      <groupId>com.hp.csa.type.VMWARE_VCENTER</groupId>
      <artifactId>BLDCv2_vServer_f7ee1eb9_57b9_4347_8e3f_9f356d0dbc50_6a828bd74a504ae794e4baa3c55bc51e</artifactId>
      <version>1.0</version>
    </componentType>
    <properties>
      <customizationSpecXml>
        <value/>
        <type>string</type>
      </customizationSpecXml>
      <customizationSpec>
        <value/>
        <type>string</type>
      </customizationSpec>
      <vmResourcePool>
        <value/>
        <type>string</type>
      </vmResourcePool>
      <Memory>
        <value>4096</value>
        <type>string</type>
      </Memory>
      <hostSystem>
        <value/>
        <type>string</type>
      </hostSystem>
      <password>
        <value>ENC(5ZcWyFpds2xZnlO7lI0H3zqseHLY1+Mz)</value>
        <type>string_encrypted</type>
      </password>
      <protocol>
        <value>https</value>
        <type>string</type>
      </protocol>
      <_enable_modify_during_lifecycle_properties>
        <value></value>
        <type>string</type>
      </_enable_modify_during_lifecycle_properties>
      <vmFolder>
        <value>/</value>
        <type>string</type>
      </vmFolder>
      <clusterName>
        <value/>
        <type>string</type>
      </clusterName>
      <host>
        <value>10.9.0.100</value>
        <type>string</type>
      </host>
      <vmID>
        <value/>
        <type>string</type>
      </vmID>
      <ipAddress>
        <value>10.9.62.16</value>
        <type>string</type>
      </ipAddress>
      <_modifiable_properties>
        <value></value>
        <type>string</type>
      </_modifiable_properties>
      <availableCPU>
        <value>16</value>
        <type>string</type>
      </availableCPU>
      <vmNamePrefix>
        <value>csawinaci-</value>
        <type>string</type>
      </vmNamePrefix>
      <subnetMask>
        <value>255.255.255.0</value>
        <type>string</type>
      </subnetMask>
      <vmHostname>
        <value/>
        <type>string</type>
      </vmHostname>
      <CPUs>
        <value>2</value>
        <type>string</type>
      </CPUs>
      <availableMemory>
        <value>10240</value>
        <type>string</type>
      </availableMemory>
      <port>
        <value>443</value>
        <type>string</type>
      </port>
      <templateName>
        <value>WIN2K8MIN</value>
        <type>string</type>
      </templateName>
      <customizationTemplateName>
        <value>Windefault</value>
        <type>string</type>
      </customizationTemplateName>
      <dataStore>
        <value/>
        <type>string</type>
      </dataStore>
      <vmDatacenter>
        <value>Wiprocoe</value>
        <type>string</type>
      </vmDatacenter>
      <gatewayIpList>
        <value>10.9.62.1</value>
        <type>string</type>
      </gatewayIpList>
      <user>
        <value>ENC(qh2oColsxkGcj9gjluLnjjSobyYFQQ00QK8KwFDSSyAeNylX7EC0hWZVkJZwJ/mrkpxvCqXKHdGmfKNcLIraPolJr2MJ4lvq)</value>
        <type>string_encrypted</type>
      </user>
      <ipType>
        <value>STATIC</value>
        <type>string</type>
      </ipType>
      <dnsServerIpList>
        <value>8.8.8.8</value>
        <type>string</type>
      </dnsServerIpList>
    </properties>
    <templateRef>
      <artifactId>BLDCv2_vServer_f7ee1eb9_57b9_4347_8e3f_9f356d0dbc50_6a828bd74a504ae794e4baa3c55bc51e</artifactId>
      <groupId>com.hp.csa.template.VMWARE_VCENTER</groupId>
      <version>1.0</version>
    </templateRef>
    <tags>
      <uniqueName>
        <value>AppServer0001</value>
      </uniqueName>
      <displayName>
        <value>App Server</value>
      </displayName>
      <x>
        <value>38</value>
      </x>
      <description>
        <value>Server component that creates VM on VMware vCenter</value>
      </description>
      <y>
        <value>250</value>
      </y>
    </tags>
  </resources>
  <resources>
    <id>a6de8a84-caa0-f6db-2bd8-2aba43fc2a09</id>
    <name>Three Tier Network Component</name>
    <componentType>
      <groupId>com.hp.csa.type</groupId>
      <artifactId>CISCO_ACI_Three_Tier_Network_Component_e98897e3_6766_4475_8931_1f70c2ccb817_e8990c1d75ba46f6b737b4189417664a</artifactId>
      <version>1.0</version>
    </componentType>
    <properties>
      <APN_NAME>
        <value>CSAACITESTING</value>
        <type>string</type>
      </APN_NAME>
      <appPortG>
        <value/>
        <type>string</type>
      </appPortG>
      <webPortG>
        <value/>
        <type>string</type>
      </webPortG>
      <_enable_modify_during_lifecycle_properties>
        <value></value>
        <type>string</type>
      </_enable_modify_during_lifecycle_properties>
      <_modifiable_properties>
        <value></value>
        <type>string</type>
      </_modifiable_properties>
      <dbPortG>
        <value/>
        <type>string</type>
      </dbPortG>
      <aclURL>
        <value>https://apic/api/aaaLogin.xml</value>
        <type>string</type>
      </aclURL>
    </properties>
    <templateRef>
      <artifactId>CISCO_ACI_Three_Tier_Network_Component_e98897e3_6766_4475_8931_1f70c2ccb817_e8990c1d75ba46f6b737b4189417664a</artifactId>
      <groupId>com.hp.csa.template</groupId>
      <version>1.0</version>
    </templateRef>
    <tags>
      <uniqueName>
        <value>ThreeTierNetwork0001</value>
      </uniqueName>
      <displayName>
        <value>Three Tier Network Component</value>
      </displayName>
      <x>
        <value>390</value>
      </x>
      <description>
        <value>Creates a three tier network</value>
      </description>
      <y>
        <value>250</value>
      </y>
    </tags>
  </resources>
  <resources>
    <id>8f1988ff-bef0-d0d0-cde7-dcb445fd7d6e</id>
    <name>Assign APP  Port Group</name>
    <componentType>
      <groupId>com.hp.csa.type.VMWARE_VCENTER</groupId>
      <artifactId>Assign_Port_Group_a64e57bd_c556_4e56_8fc9_300beca22dc3_d20597858adb4ec3942deb0af3e4d4c3</artifactId>
      <version>1.0</version>
    </componentType>
    <properties>
      <Target Portgroup>
        <value/>
        <type>string</type>
      </Target Portgroup>
      <VMID>
        <value/>
        <type>string</type>
      </VMID>
    </properties>
    <outgoingRelations>
      <relationType>association</relationType>
      <id>3a255ef9-f4fd-8cd6-4b5a-236b8eb5d984</id>
      <properties>
        <_enable_modify_during_lifecycle_properties>
          <value/>
          <type>string</type>
        </_enable_modify_during_lifecycle_properties>
        <_modifiable_properties>
          <value/>
          <type>string</type>
        </_modifiable_properties>
        <_relation_type>
          <value>
            <first>Association</first>
            <second>ASSOCIATION</second>
          </value>
          <type>pair</type>
        </_relation_type>
      </properties>
      <relationDescriptorName>GetPortGroupFrom_Assign_Port_Group_a64e57bd_c556_4e56_8fc9_300beca22dc3_d20597858adb4ec3942deb0af3e4d4c3__VERSION__1^0</relationDescriptorName>
      <topologyResource>
        <id>a6de8a84-caa0-f6db-2bd8-2aba43fc2a09</id>
      </topologyResource>
    </outgoingRelations>
    <outgoingRelations>
      <relationType>association</relationType>
      <id>d62123e4-fee1-148d-a8b5-016d994059e4</id>
      <properties>
        <_enable_modify_during_lifecycle_properties>
          <value/>
          <type>string</type>
        </_enable_modify_during_lifecycle_properties>
        <_modifiable_properties>
          <value/>
          <type>string</type>
        </_modifiable_properties>
        <_relation_type>
          <value>
            <first>Association</first>
            <second>ASSOCIATION</second>
          </value>
          <type>pair</type>
        </_relation_type>
      </properties>
      <relationDescriptorName>GetVmidFrom_Assign_Port_Group_a64e57bd_c556_4e56_8fc9_300beca22dc3_d20597858adb4ec3942deb0af3e4d4c3__VERSION__1^0</relationDescriptorName>
      <topologyResource>
        <id>15a99e79-33f3-f003-0194-67a0472f8cb4</id>
      </topologyResource>
    </outgoingRelations>
    <templateRef>
      <artifactId>Assign_Port_Group_a64e57bd_c556_4e56_8fc9_300beca22dc3_d20597858adb4ec3942deb0af3e4d4c3</artifactId>
      <groupId>com.hp.csa.template.VMWARE_VCENTER</groupId>
      <version>1.0</version>
    </templateRef>
    <tags>
      <uniqueName>
        <value>AssignAPPPortGro0001</value>
      </uniqueName>
      <displayName>
        <value>Assign APP  Port Group</value>
      </displayName>
      <x>
        <value>38</value>
      </x>
      <description/>
      <y>
        <value>80</value>
      </y>
    </tags>
  </resources>
  <resources>
    <id>f838fa0a-7095-62d0-7459-6f6dced80f77</id>
    <name>DB Server</name>
    <componentType>
      <groupId>com.hp.csa.type.VMWARE_VCENTER</groupId>
      <artifactId>BLDCv2_vServer_f7ee1eb9_57b9_4347_8e3f_9f356d0dbc50_6a828bd74a504ae794e4baa3c55bc51e</artifactId>
      <version>1.0</version>
    </componentType>
    <properties>
      <customizationSpecXml>
        <value/>
        <type>string</type>
      </customizationSpecXml>
      <customizationSpec>
        <value/>
        <type>string</type>
      </customizationSpec>
      <vmResourcePool>
        <value/>
        <type>string</type>
      </vmResourcePool>
      <Memory>
        <value>4096</value>
        <type>string</type>
      </Memory>
      <hostSystem>
        <value/>
        <type>string</type>
      </hostSystem>
      <password>
        <value>ENC(dfUiBR8lEntFrBwV53iJ5HY775M6Gzwr)</value>
        <type>string_encrypted</type>
      </password>
      <protocol>
        <value>https</value>
        <type>string</type>
      </protocol>
      <_enable_modify_during_lifecycle_properties>
        <value></value>
        <type>string</type>
      </_enable_modify_during_lifecycle_properties>
      <vmFolder>
        <value>/</value>
        <type>string</type>
      </vmFolder>
      <clusterName>
        <value/>
        <type>string</type>
      </clusterName>
      <host>
        <value>10.9.0.100</value>
        <type>string</type>
      </host>
      <vmID>
        <value/>
        <type>string</type>
      </vmID>
      <ipAddress>
        <value>10.9.62.15</value>
        <type>string</type>
      </ipAddress>
      <availableCPU>
        <value>16</value>
        <type>string</type>
      </availableCPU>
      <_modifiable_properties>
        <value></value>
        <type>string</type>
      </_modifiable_properties>
      <vmNamePrefix>
        <value>csawinaci-</value>
        <type>string</type>
      </vmNamePrefix>
      <subnetMask>
        <value>255.255.255.0</value>
        <type>string</type>
      </subnetMask>
      <vmHostname>
        <value/>
        <type>string</type>
      </vmHostname>
      <CPUs>
        <value>2</value>
        <type>string</type>
      </CPUs>
      <availableMemory>
        <value>10240</value>
        <type>string</type>
      </availableMemory>
      <port>
        <value>443</value>
        <type>string</type>
      </port>
      <templateName>
        <value>WIN2K8MIN</value>
        <type>string</type>
      </templateName>
      <customizationTemplateName>
        <value>Windefault</value>
        <type>string</type>
      </customizationTemplateName>
      <dataStore>
        <value/>
        <type>string</type>
      </dataStore>
      <gatewayIpList>
        <value>10.9.62.1</value>
        <type>string</type>
      </gatewayIpList>
      <vmDatacenter>
        <value>Wiprocoe</value>
        <type>string</type>
      </vmDatacenter>
      <user>
        <value>ENC(e9Sc+bIpmG38KjFIeaypzOQF1F/i5AjKvy0zY3Q6CeqabK0DkhZodYaviCEMp5rU3UBRUT/OmOFyAcKug/+IxbP6dGkQ90KR)</value>
        <type>string_encrypted</type>
      </user>
      <ipType>
        <value>STATIC</value>
        <type>string</type>
      </ipType>
      <dnsServerIpList>
        <value>8.8.8.8</value>
        <type>string</type>
      </dnsServerIpList>
    </properties>
    <templateRef>
      <artifactId>BLDCv2_vServer_f7ee1eb9_57b9_4347_8e3f_9f356d0dbc50_6a828bd74a504ae794e4baa3c55bc51e</artifactId>
      <groupId>com.hp.csa.template.VMWARE_VCENTER</groupId>
      <version>1.0</version>
    </templateRef>
    <tags>
      <uniqueName>
        <value>DBServer0001</value>
      </uniqueName>
      <displayName>
        <value>DB Server</value>
      </displayName>
      <x>
        <value>217</value>
      </x>
      <description>
        <value>Server component that creates VM on VMware vCenter</value>
      </description>
      <y>
        <value>250</value>
      </y>
    </tags>
  </resources>
  <resources>
    <id>7fa4daab-da97-730a-666f-7d5807fe05a0</id>
    <name>BLDCv2 DB Port Group Assign</name>
    <componentType>
      <groupId>com.hp.csa.type</groupId>
      <artifactId>BLDC_DB_Port_Group_Assign_74107a79_5850_4a85_9b33_039679f231e7_7bf6b4fea5e24332abf4e20030f8dd13</artifactId>
      <version>1.0</version>
    </componentType>
    <properties>
      <Target Portgroup>
        <value/>
        <type>string</type>
      </Target Portgroup>
      <VMID>
        <value/>
        <type>string</type>
      </VMID>
    </properties>
    <outgoingRelations>
      <relationType>association</relationType>
      <id>c8d06d0b-13f9-c8fe-d6a2-bce7904e897c</id>
      <properties>
        <_enable_modify_during_lifecycle_properties>
          <value/>
          <type>string</type>
        </_enable_modify_during_lifecycle_properties>
        <_modifiable_properties>
          <value/>
          <type>string</type>
        </_modifiable_properties>
        <_relation_type>
          <value>
            <first>Association</first>
            <second>ASSOCIATION</second>
          </value>
          <type>pair</type>
        </_relation_type>
      </properties>
      <relationDescriptorName>GetVMidFrom_BLDC_DB_Port_Group_Assign_74107a79_5850_4a85_9b33_039679f231e7_7bf6b4fea5e24332abf4e20030f8dd13__VERSION__1^0</relationDescriptorName>
      <topologyResource>
        <id>f838fa0a-7095-62d0-7459-6f6dced80f77</id>
      </topologyResource>
    </outgoingRelations>
    <outgoingRelations>
      <relationType>association</relationType>
      <id>15fc9ca0-12cc-06bf-253e-f67faed04130</id>
      <properties>
        <_enable_modify_during_lifecycle_properties>
          <value/>
          <type>string</type>
        </_enable_modify_during_lifecycle_properties>
        <_modifiable_properties>
          <value/>
          <type>string</type>
        </_modifiable_properties>
        <_relation_type>
          <value>
            <first>Association</first>
            <second>ASSOCIATION</second>
          </value>
          <type>pair</type>
        </_relation_type>
      </properties>
      <relationDescriptorName>GetDbPortGroupFrom_BLDC_DB_Port_Group_Assign_74107a79_5850_4a85_9b33_039679f231e7_7bf6b4fea5e24332abf4e20030f8dd13__VERSION__1^0</relationDescriptorName>
      <topologyResource>
        <id>a6de8a84-caa0-f6db-2bd8-2aba43fc2a09</id>
      </topologyResource>
    </outgoingRelations>
    <templateRef>
      <artifactId>BLDC_DB_Port_Group_Assign_74107a79_5850_4a85_9b33_039679f231e7_7bf6b4fea5e24332abf4e20030f8dd13</artifactId>
      <groupId>com.hp.csa.template</groupId>
      <version>1.0</version>
    </templateRef>
    <tags>
      <uniqueName>
        <value>BLDCv2DBPortGrou0001</value>
      </uniqueName>
      <displayName>
        <value>BLDCv2 DB Port Group Assign</value>
      </displayName>
      <x>
        <value>214</value>
      </x>
      <description/>
      <y>
        <value>80</value>
      </y>
    </tags>
  </resources>
  <resources>
    <id>8fb288b6-a9bc-7c64-f9aa-e5445fe79e55</id>
    <name>Web Server 1</name>
    <componentType>
      <groupId>com.hp.csa.type.VMWARE_VCENTER</groupId>
      <artifactId>BLDCv2_vServer_f7ee1eb9_57b9_4347_8e3f_9f356d0dbc50_6a828bd74a504ae794e4baa3c55bc51e</artifactId>
      <version>1.0</version>
    </componentType>
    <properties>
      <customizationSpecXml>
        <value/>
        <type>string</type>
      </customizationSpecXml>
      <customizationSpec>
        <value/>
        <type>string</type>
      </customizationSpec>
      <vmResourcePool>
        <value/>
        <type>string</type>
      </vmResourcePool>
      <Memory>
        <value>4096</value>
        <type>string</type>
      </Memory>
      <hostSystem>
        <value/>
        <type>string</type>
      </hostSystem>
      <protocol>
        <value>https</value>
        <type>string</type>
      </protocol>
      <password>
        <value>ENC(M1+mKnow2DkaAqovJVlyRTUheCyrDO3y)</value>
        <type>string_encrypted</type>
      </password>
      <_enable_modify_during_lifecycle_properties>
        <value></value>
        <type>string</type>
      </_enable_modify_during_lifecycle_properties>
      <vmFolder>
        <value>/</value>
        <type>string</type>
      </vmFolder>
      <clusterName>
        <value/>
        <type>string</type>
      </clusterName>
      <host>
        <value>10.9.0.100</value>
        <type>string</type>
      </host>
      <vmID>
        <value/>
        <type>string</type>
      </vmID>
      <ipAddress>
        <value>10.9.62.12</value>
        <type>string</type>
      </ipAddress>
      <availableCPU>
        <value>16</value>
        <type>string</type>
      </availableCPU>
      <_modifiable_properties>
        <value></value>
        <type>string</type>
      </_modifiable_properties>
      <vmNamePrefix>
        <value>csawinaci-</value>
        <type>string</type>
      </vmNamePrefix>
      <subnetMask>
        <value>255.255.255.0</value>
        <type>string</type>
      </subnetMask>
      <vmHostname>
        <value/>
        <type>string</type>
      </vmHostname>
      <CPUs>
        <value>2</value>
        <type>string</type>
      </CPUs>
      <availableMemory>
        <value>10240</value>
        <type>string</type>
      </availableMemory>
      <port>
        <value>443</value>
        <type>string</type>
      </port>
      <templateName>
        <value>WIN2K8MIN</value>
        <type>string</type>
      </templateName>
      <customizationTemplateName>
        <value>Windefault</value>
        <type>string</type>
      </customizationTemplateName>
      <dataStore>
        <value/>
        <type>string</type>
      </dataStore>
      <vmDatacenter>
        <value>Wiprocoe</value>
        <type>string</type>
      </vmDatacenter>
      <gatewayIpList>
        <value>10.9.62.1</value>
        <type>string</type>
      </gatewayIpList>
      <user>
        <value>ENC(iwPZRY0HsN1z64FAg9qjBIiu6DovEnXOsv4oOnUmiP49/ufc4Qd7iLlOE+yzQQEtz0vDnuf4u1NYNvd/e9UUu1KBr66G/iTH)</value>
        <type>string_encrypted</type>
      </user>
      <ipType>
        <value>STATIC</value>
        <type>string</type>
      </ipType>
      <dnsServerIpList>
        <value>8.8.8.8</value>
        <type>string</type>
      </dnsServerIpList>
    </properties>
    <templateRef>
      <artifactId>BLDCv2_vServer_f7ee1eb9_57b9_4347_8e3f_9f356d0dbc50_6a828bd74a504ae794e4baa3c55bc51e</artifactId>
      <groupId>com.hp.csa.template.VMWARE_VCENTER</groupId>
      <version>1.0</version>
    </templateRef>
    <tags>
      <uniqueName>
        <value>WebServer10001</value>
      </uniqueName>
      <displayName>
        <value>Web Server 1</value>
      </displayName>
      <x>
        <value>744</value>
      </x>
      <description>
        <value>Server component that creates VM on VMware vCenter</value>
      </description>
      <y>
        <value>250</value>
      </y>
    </tags>
  </resources>
  <resources>
    <id>e4dca56a-4e82-755e-37fd-5d00056795d8</id>
    <name>Webserver 2</name>
    <componentType>
      <groupId>com.hp.csa.type.VMWARE_VCENTER</groupId>
      <artifactId>BLDCv2_vServer_f7ee1eb9_57b9_4347_8e3f_9f356d0dbc50_6a828bd74a504ae794e4baa3c55bc51e</artifactId>
      <version>1.0</version>
    </componentType>
    <properties>
      <customizationSpecXml>
        <value/>
        <type>string</type>
      </customizationSpecXml>
      <customizationSpec>
        <value/>
        <type>string</type>
      </customizationSpec>
      <vmResourcePool>
        <value/>
        <type>string</type>
      </vmResourcePool>
      <Memory>
        <value>4096</value>
        <type>string</type>
      </Memory>
      <hostSystem>
        <value/>
        <type>string</type>
      </hostSystem>
      <password>
        <value>ENC(nDxgOma0amm5JpjLH8IbQEoNDo72fw7e)</value>
        <type>string_encrypted</type>
      </password>
      <protocol>
        <value>https</value>
        <type>string</type>
      </protocol>
      <_enable_modify_during_lifecycle_properties>
        <value></value>
        <type>string</type>
      </_enable_modify_during_lifecycle_properties>
      <vmFolder>
        <value>/</value>
        <type>string</type>
      </vmFolder>
      <clusterName>
        <value/>
        <type>string</type>
      </clusterName>
      <host>
        <value>10.9.0.100</value>
        <type>string</type>
      </host>
      <vmID>
        <value/>
        <type>string</type>
      </vmID>
      <ipAddress>
        <value>10.9.62.11</value>
        <type>string</type>
      </ipAddress>
      <_modifiable_properties>
        <value></value>
        <type>string</type>
      </_modifiable_properties>
      <availableCPU>
        <value>16</value>
        <type>string</type>
      </availableCPU>
      <vmNamePrefix>
        <value>csawinaci-</value>
        <type>string</type>
      </vmNamePrefix>
      <subnetMask>
        <value>255.255.255.0</value>
        <type>string</type>
      </subnetMask>
      <vmHostname>
        <value/>
        <type>string</type>
      </vmHostname>
      <CPUs>
        <value>2</value>
        <type>string</type>
      </CPUs>
      <availableMemory>
        <value>10240</value>
        <type>string</type>
      </availableMemory>
      <port>
        <value>443</value>
        <type>string</type>
      </port>
      <templateName>
        <value>WIN2K8MIN</value>
        <type>string</type>
      </templateName>
      <customizationTemplateName>
        <value>Windefault</value>
        <type>string</type>
      </customizationTemplateName>
      <dataStore>
        <value/>
        <type>string</type>
      </dataStore>
      <gatewayIpList>
        <value>10.9.62.1</value>
        <type>string</type>
      </gatewayIpList>
      <vmDatacenter>
        <value>Wiprocoe</value>
        <type>string</type>
      </vmDatacenter>
      <user>
        <value>ENC(W9xJT0FjuKTx7JAVUn1wKBRiaYBqu+qanmdY6QsG/2Dl9pTdH+jvi+OVscaLwI/XPOvNnsOvc//pWVFSpgkTl8T5XWYWzCb7)</value>
        <type>string_encrypted</type>
      </user>
      <ipType>
        <value>STATIC</value>
        <type>string</type>
      </ipType>
      <dnsServerIpList>
        <value>8.8.8.8</value>
        <type>string</type>
      </dnsServerIpList>
    </properties>
    <templateRef>
      <artifactId>BLDCv2_vServer_f7ee1eb9_57b9_4347_8e3f_9f356d0dbc50_6a828bd74a504ae794e4baa3c55bc51e</artifactId>
      <groupId>com.hp.csa.template.VMWARE_VCENTER</groupId>
      <version>1.0</version>
    </templateRef>
    <tags>
      <uniqueName>
        <value>Webserver20001</value>
      </uniqueName>
      <displayName>
        <value>Webserver 2</value>
      </displayName>
      <x>
        <value>568</value>
      </x>
      <description>
        <value>Server component that creates VM on VMware vCenter</value>
      </description>
      <y>
        <value>250</value>
      </y>
    </tags>
  </resources>
  <resources>
    <id>358f448a-3e08-ea4b-3f4a-ae41b757c152</id>
    <name>BLDC v2 Assign Web Port Group</name>
    <componentType>
      <groupId>com.hp.csa.type</groupId>
      <artifactId>BLDC_v2_Assign_Web_Port_Group_fd507af8_ac9b_4d4c_8796_8701f4b987f0_a8f609e703ce40bbbc17b9d9c97e4157</artifactId>
      <version>1.0</version>
    </componentType>
    <properties>
      <Target Portgroup>
        <value/>
        <type>string</type>
      </Target Portgroup>
      <VMID>
        <value/>
        <type>string</type>
      </VMID>
    </properties>
    <outgoingRelations>
      <relationType>association</relationType>
      <id>5a68826d-f1b5-7da7-ea41-907f11048f79</id>
      <properties>
        <_enable_modify_during_lifecycle_properties>
          <value/>
          <type>string</type>
        </_enable_modify_during_lifecycle_properties>
        <_modifiable_properties>
          <value/>
          <type>string</type>
        </_modifiable_properties>
        <_relation_type>
          <value>
            <first>Association</first>
            <second>ASSOCIATION</second>
          </value>
          <type>pair</type>
        </_relation_type>
      </properties>
      <relationDescriptorName>GetVmIdFrom_BLDC_v2_Assign_Web_Port_Group_fd507af8_ac9b_4d4c_8796_8701f4b987f0_a8f609e703ce40bbbc17b9d9c97e4157__VERSION__1^0</relationDescriptorName>
      <topologyResource>
        <id>e4dca56a-4e82-755e-37fd-5d00056795d8</id>
      </topologyResource>
    </outgoingRelations>
    <outgoingRelations>
      <relationType>association</relationType>
      <id>41513838-8a08-8ee7-b73b-04aaaf75638e</id>
      <properties>
        <_enable_modify_during_lifecycle_properties>
          <value/>
          <type>string</type>
        </_enable_modify_during_lifecycle_properties>
        <_modifiable_properties>
          <value/>
          <type>string</type>
        </_modifiable_properties>
        <_relation_type>
          <value>
            <first>Association</first>
            <second>ASSOCIATION</second>
          </value>
          <type>pair</type>
        </_relation_type>
      </properties>
      <relationDescriptorName>GetWebPortGroupFrom_BLDC_v2_Assign_Web_Port_Group_fd507af8_ac9b_4d4c_8796_8701f4b987f0_a8f609e703ce40bbbc17b9d9c97e4157__VERSION__1^0</relationDescriptorName>
      <topologyResource>
        <id>a6de8a84-caa0-f6db-2bd8-2aba43fc2a09</id>
      </topologyResource>
    </outgoingRelations>
    <templateRef>
      <artifactId>BLDC_v2_Assign_Web_Port_Group_fd507af8_ac9b_4d4c_8796_8701f4b987f0_a8f609e703ce40bbbc17b9d9c97e4157</artifactId>
      <groupId>com.hp.csa.template</groupId>
      <version>1.0</version>
    </templateRef>
    <tags>
      <uniqueName>
        <value>BLDCv2AssignWebP0001</value>
      </uniqueName>
      <displayName>
        <value>BLDC v2 Assign Web Port Group</value>
      </displayName>
      <x>
        <value>435</value>
      </x>
      <description/>
      <y>
        <value>80</value>
      </y>
    </tags>
  </resources>
  <resources>
    <id>a690f768-ec82-6fec-e079-a8c873b14a7d</id>
    <name>BLDC v2 Assign Web Port Group</name>
    <componentType>
      <groupId>com.hp.csa.type</groupId>
      <artifactId>BLDC_v2_Assign_Web_Port_Group_fd507af8_ac9b_4d4c_8796_8701f4b987f0_a8f609e703ce40bbbc17b9d9c97e4157</artifactId>
      <version>1.0</version>
    </componentType>
    <properties>
      <Target Portgroup>
        <value/>
        <type>string</type>
      </Target Portgroup>
      <VMID>
        <value/>
        <type>string</type>
      </VMID>
    </properties>
    <outgoingRelations>
      <relationType>association</relationType>
      <id>1e19088b-b602-c335-90d8-828454912036</id>
      <properties>
        <_enable_modify_during_lifecycle_properties>
          <value/>
          <type>string</type>
        </_enable_modify_during_lifecycle_properties>
        <_modifiable_properties>
          <value/>
          <type>string</type>
        </_modifiable_properties>
        <_relation_type>
          <value>
            <first>Association</first>
            <second>ASSOCIATION</second>
          </value>
          <type>pair</type>
        </_relation_type>
      </properties>
      <relationDescriptorName>GetWebPortGroupFrom_BLDC_v2_Assign_Web_Port_Group_fd507af8_ac9b_4d4c_8796_8701f4b987f0_a8f609e703ce40bbbc17b9d9c97e4157__VERSION__1^0</relationDescriptorName>
      <topologyResource>
        <id>a6de8a84-caa0-f6db-2bd8-2aba43fc2a09</id>
      </topologyResource>
    </outgoingRelations>
    <outgoingRelations>
      <relationType>association</relationType>
      <id>02a13d1f-be0b-bb8a-8594-1130a7602ffa</id>
      <properties>
        <_enable_modify_during_lifecycle_properties>
          <value/>
          <type>string</type>
        </_enable_modify_during_lifecycle_properties>
        <_modifiable_properties>
          <value/>
          <type>string</type>
        </_modifiable_properties>
        <_relation_type>
          <value>
            <first>Association</first>
            <second>ASSOCIATION</second>
          </value>
          <type>pair</type>
        </_relation_type>
      </properties>
      <relationDescriptorName>GetVmIdFrom_BLDC_v2_Assign_Web_Port_Group_fd507af8_ac9b_4d4c_8796_8701f4b987f0_a8f609e703ce40bbbc17b9d9c97e4157__VERSION__1^0</relationDescriptorName>
      <topologyResource>
        <id>8fb288b6-a9bc-7c64-f9aa-e5445fe79e55</id>
      </topologyResource>
    </outgoingRelations>
    <templateRef>
      <artifactId>BLDC_v2_Assign_Web_Port_Group_fd507af8_ac9b_4d4c_8796_8701f4b987f0_a8f609e703ce40bbbc17b9d9c97e4157</artifactId>
      <groupId>com.hp.csa.template</groupId>
      <version>1.0</version>
    </templateRef>
    <tags>
      <uniqueName>
        <value>BLDCv2AssignWebP0002</value>
      </uniqueName>
      <displayName>
        <value>BLDC v2 Assign Web Port Group</value>
      </displayName>
      <x>
        <value>699</value>
      </x>
      <description/>
      <y>
        <value>80</value>
      </y>
    </tags>
  </resources>
  <displayName>Three tier Application with network</displayName>
  <revision>63</revision>
  <iconUrl>/csa/api/blobstore/Distribution_RGB_blue_NT.png?tag=library</iconUrl>
  <tags>
    <serviceBlueprintId>
      <value>8a8980ad520c3c0c01521028d40c001b</value>
    </serviceBlueprintId>
    <ooFlowContentPackName>
      <value>Three tier Application with network 1.0.0 (27b59c36-be17-4046-9310-e98902e2d780)</value>
    </ooFlowContentPackName>
    <ooFlowUndeploymentId>
      <value>5754717b-df52-4025-aa6f-45f962752892</value>
    </ooFlowUndeploymentId>
    <providerType>
      <value>independent</value>
    </providerType>
    <ooFlowDeploymentId>
      <value>56228c08-4a22-4104-bf93-f9db0b5e02b7</value>
    </ooFlowDeploymentId>
  </tags>
  <createdOn>1451970055042</createdOn>
  <updatedOn>1456550500896</updatedOn>
  <state>PUBLISHED</state>
  <hidden>false</hidden>
  <bound>false</bound>
  <partial>false</partial>
</Topology>