{
  "@type" : "ComponentType",
  "id" : "b5b4cfb0-a985-42e5-8254-6ad98e0c0ec0",
  "groupId" : "com.hp.csa.type",
  "artifactId" : "Patch_Cable_VM_to_Switch_6e8a003d_45e4_4d57_8dcc_0d8e6d42ff8b_5b602273da144099bd8b244720a258a9",
  "version" : "1.0",
  "abstract" : false,
  "capability" : false,
  "actions" : [ {
    "name" : "attach_vm_to_a_distributed_logical_switch_6fb4a60ab5674f88bf1aa0ac0dd62944",
    "displayName" : "Attach VM to a Distributed Logical Switch",
    "description" : "",
    "inputParameters" : [ {
      "name" : "netNicName",
      "displayName" : "netNicName",
      "required" : false,
      "confidential" : false,
      "displayNames" : {
        "en-US" : {
          "value" : "netNicName"
        }
      },
      "descriptions" : { },
      "type" : "string"
    }, {
      "name" : "switchName",
      "displayName" : "switchName",
      "required" : false,
      "confidential" : false,
      "displayNames" : {
        "en-US" : {
          "value" : "switchName"
        }
      },
      "descriptions" : { },
      "type" : "string"
    }, {
      "name" : "vmId",
      "displayName" : "vmId",
      "required" : false,
      "confidential" : false,
      "displayNames" : {
        "en-US" : {
          "value" : "vmId"
        }
      },
      "descriptions" : { },
      "type" : "string"
    } ],
    "outputParameters" : [ ],
    "lifecycleAction" : "Deploy",
    "final" : false,
    "displayNames" : {
      "en-US" : {
        "value" : "Attach VM to a Distributed Logical Switch"
      }
    },
    "visible" : true,
    "descriptions" : {
      "en-US" : {
        "value" : ""
      }
    }
  }, {
    "name" : "attach_vm_to_common_network_517f6b8bb9b6483e91b89f4398631881",
    "displayName" : "Attach VM to Common Network",
    "description" : "",
    "inputParameters" : [ {
      "name" : "netNicName",
      "displayName" : "netNicName",
      "required" : false,
      "confidential" : false,
      "displayNames" : {
        "en-US" : {
          "value" : "netNicName"
        }
      },
      "descriptions" : { },
      "type" : "string"
    }, {
      "name" : "switchName",
      "displayName" : "switchName",
      "required" : false,
      "confidential" : false,
      "displayNames" : {
        "en-US" : {
          "value" : "switchName"
        }
      },
      "descriptions" : { },
      "type" : "string"
    }, {
      "name" : "vmId",
      "displayName" : "vmId",
      "required" : false,
      "confidential" : false,
      "displayNames" : {
        "en-US" : {
          "value" : "vmId"
        }
      },
      "descriptions" : { },
      "type" : "string"
    } ],
    "outputParameters" : [ ],
    "lifecycleAction" : "Undeploy",
    "final" : false,
    "displayNames" : {
      "en-US" : {
        "value" : "Attach VM to Common Network"
      }
    },
    "visible" : true,
    "descriptions" : {
      "en-US" : {
        "value" : ""
      }
    }
  } ],
  "relations" : [ {
    "name" : "connectsTo_Patch_Cable_VM_to_Switch_6e8a003d_45e4_4d57_8dcc_0d8e6d42ff8b_5b602273da144099bd8b244720a258a9__VERSION__1^0",
    "relationType" : "association",
    "targetType" : {
      "componentId" : {
        "artifactId" : "NSX_Distributed_Logical_Switch_1649e11f_d2d4_4652_be0b_ed5dd9f64243_a8eb0ce8c2c6417f870078bb605ad588",
        "groupId" : "com.hp.csa.type",
        "version" : "1.0"
      },
      "constraints" : { }
    },
    "minOccursOnTarget" : 0,
    "maxOccursOnTarget" : 256,
    "minOccursOnSource" : 0,
    "maxOccursOnSource" : 256,
    "properties" : [ ],
    "displayName" : "connectsTo",
    "displayNames" : {
      "en-US" : {
        "value" : "connectsTo"
      }
    },
    "descriptions" : { }
  }, {
    "name" : "connectsFrom_Patch_Cable_VM_to_Switch_6e8a003d_45e4_4d57_8dcc_0d8e6d42ff8b_5b602273da144099bd8b244720a258a9__VERSION__1^0",
    "relationType" : "association",
    "targetType" : {
      "componentId" : {
        "artifactId" : "BLDCv2_vCenter_Server_a7f8e9eb_8390_4bbf_ac6f_1b9ea098d5fa_609c4e6f4ffe4432af5d7507de320dfb",
        "groupId" : "com.hp.csa.type.VMWARE_VCENTER",
        "version" : "1.0"
      },
      "constraints" : { }
    },
    "minOccursOnTarget" : 0,
    "maxOccursOnTarget" : 256,
    "minOccursOnSource" : 0,
    "maxOccursOnSource" : 256,
    "properties" : [ ],
    "displayName" : "connectsFrom",
    "displayNames" : {
      "en-US" : {
        "value" : "connectsFrom"
      }
    },
    "descriptions" : { }
  } ],
  "properties" : [ {
    "name" : "netNicName",
    "type" : "string",
    "minOccurs" : 0,
    "maxOccurs" : 1,
    "mode" : "INPUT_OUTPUT",
    "defaultValue" : {
      "value" : "Network adapter 1",
      "type" : "string"
    },
    "subProperties" : [ ],
    "displayName" : "netNicName",
    "confidential" : false,
    "tags" : {
      "{urn:x-hp:2013:software:ccue:designer:descriptor-schema}unitDescription" : null,
      "{urn:x-hp:2013:software:ccue:designer:descriptor-schema}validatorId" : null,
      "{urn:x-hp:2013:software:ccue:designer:descriptor-schema}tabSet" : "VIEW,EDIT",
      "maxLength" : "4000"
    },
    "consumerVisible" : true,
    "displayNames" : {
      "en-US" : {
        "value" : "netNicName"
      }
    },
    "descriptions" : { }
  }, {
    "name" : "switchName",
    "type" : "string",
    "minOccurs" : 0,
    "maxOccurs" : 1,
    "mode" : "INPUT_OUTPUT",
    "defaultValue" : {
      "value" : "",
      "type" : "string"
    },
    "subProperties" : [ ],
    "displayName" : "switchName",
    "confidential" : false,
    "tags" : {
      "{urn:x-hp:2013:software:ccue:designer:descriptor-schema}unitDescription" : null,
      "{urn:x-hp:2013:software:ccue:designer:descriptor-schema}validatorId" : null,
      "{urn:x-hp:2013:software:ccue:designer:descriptor-schema}tabSet" : "VIEW,EDIT",
      "maxLength" : "4000"
    },
    "consumerVisible" : true,
    "displayNames" : {
      "en-US" : {
        "value" : "switchName"
      }
    },
    "descriptions" : { }
  }, {
    "name" : "vmId",
    "type" : "string",
    "minOccurs" : 0,
    "maxOccurs" : 1,
    "mode" : "INPUT_OUTPUT",
    "defaultValue" : {
      "value" : "",
      "type" : "string"
    },
    "subProperties" : [ ],
    "displayName" : "vmId",
    "confidential" : false,
    "tags" : {
      "{urn:x-hp:2013:software:ccue:designer:descriptor-schema}unitDescription" : null,
      "{urn:x-hp:2013:software:ccue:designer:descriptor-schema}validatorId" : null,
      "{urn:x-hp:2013:software:ccue:designer:descriptor-schema}tabSet" : "VIEW,EDIT",
      "maxLength" : "4000"
    },
    "consumerVisible" : true,
    "displayNames" : {
      "en-US" : {
        "value" : "vmId"
      }
    },
    "descriptions" : { }
  } ],
  "displayName" : "Patch Cable VM to Switch",
  "capabilities" : [ ],
  "characteristics" : [ ],
  "tagIds" : [ "8a50cd785181dcf101518a2fbd3a54ef" ],
  "revision" : 12,
  "resourceType" : "OO_COMPONENT",
  "tags" : {
    "designer.name.uri" : "urn:x-hp:2013:software:ccue:designer:topology-metamodel:oo",
    "origin" : "embraced",
    "designer.name.localPart" : "Patch_Cable_VM_to_Switch_6e8a003d_45e4_4d57_8dcc_0d8e6d42ff8b_5b602273da144099bd8b244720a258a9__VERSION__1.0",
    "iconUrl" : "/csa/images/library/software_component.png"
  },
  "final" : false,
  "displayNames" : {
    "en-US" : {
      "value" : "Patch Cable VM to Switch"
    }
  },
  "descriptions" : { }
}