{
  "@type" : "ComponentTemplate",
  "id" : "28464550-86b3-478e-b86a-63867241468c",
  "artifactId" : "NSX_Patch_Router_Interface_65c238ad_c7ad_4adf_98eb_8e3e769f2f3c_4b04a625a0ca40e59e8628ed0ba7d762",
  "groupId" : "com.hp.csa.template",
  "version" : "1.0",
  "displayName" : "NSX Patch Cable - Router to Switch",
  "implementedTypes" : [ {
    "componentId" : {
      "artifactId" : "NSX_Patch_Router_Interface_65c238ad_c7ad_4adf_98eb_8e3e769f2f3c_4b04a625a0ca40e59e8628ed0ba7d762",
      "groupId" : "com.hp.csa.type",
      "version" : "1.0"
    },
    "constraints" : { }
  } ],
  "actions" : [ {
    "actionDescriptor" : {
      "name" : "update_nsx_distributed_logical_router___patch_interface_to_switch_04c0aa2a52f545468e779b7a05c5ddaf",
      "displayName" : "Update NSX Distributed Logical Router - Patch Interface to Switch",
      "description" : "",
      "inputParameters" : [ {
        "name" : "connectedTo",
        "displayName" : "connectedTo",
        "required" : false,
        "confidential" : false,
        "displayNames" : {
          "en-US" : {
            "value" : "connectedTo"
          }
        },
        "descriptions" : { },
        "type" : "string"
      }, {
        "name" : "edgeId",
        "displayName" : "edgeId",
        "required" : false,
        "confidential" : false,
        "displayNames" : {
          "en-US" : {
            "value" : "edgeId"
          }
        },
        "descriptions" : { },
        "type" : "string"
      }, {
        "name" : "interfaceName",
        "displayName" : "interfaceName",
        "required" : false,
        "confidential" : false,
        "displayNames" : {
          "en-US" : {
            "value" : "interfaceName"
          }
        },
        "descriptions" : { },
        "type" : "string"
      }, {
        "name" : "ipAddress",
        "displayName" : "ipAddress",
        "required" : false,
        "confidential" : false,
        "displayNames" : {
          "en-US" : {
            "value" : "ipAddress"
          }
        },
        "descriptions" : { },
        "type" : "string"
      }, {
        "name" : "subnetMask",
        "displayName" : "subnetMask",
        "required" : false,
        "confidential" : false,
        "displayNames" : {
          "en-US" : {
            "value" : "subnetMask"
          }
        },
        "descriptions" : { },
        "type" : "string"
      }, {
        "name" : "type",
        "displayName" : "type",
        "required" : false,
        "confidential" : false,
        "displayNames" : {
          "en-US" : {
            "value" : "type"
          }
        },
        "descriptions" : { },
        "type" : "string"
      } ],
      "outputParameters" : [ {
        "name" : "interfaceIndex",
        "displayName" : "interfaceIndex",
        "required" : false,
        "confidential" : false,
        "displayNames" : {
          "en-US" : {
            "value" : "interfaceIndex"
          }
        },
        "descriptions" : { },
        "type" : "string"
      } ],
      "lifecycleAction" : "Deploy",
      "final" : false,
      "displayNames" : {
        "en-US" : {
          "value" : "Update NSX Distributed Logical Router - Patch Interface to Switch"
        }
      },
      "visible" : true,
      "descriptions" : {
        "en-US" : {
          "value" : ""
        }
      }
    },
    "processEngineDescriptors" : [ {
      "processEngineId" : "HP_OO",
      "mapping" : {
        "input" : {
          "edgeId" : "@PROPERTY:enablesInterface_NSX_Patch_Router_Interface_65c238ad_c7ad_4adf_98eb_8e3e769f2f3c_4b04a625a0ca40e59e8628ed0ba7d762__VERSION__1^0.dlrId",
          "ipAddress" : "@PROPERTY:getsIpFrom_NSX_Patch_Router_Interface_65c238ad_c7ad_4adf_98eb_8e3e769f2f3c_4b04a625a0ca40e59e8628ed0ba7d762__VERSION__1^0.ipAddress",
          "interfaceName" : "@PROPERTY:interfaceName",
          "subnetMask" : "@PROPERTY:subnetMask",
          "type" : "@PROPERTY:type",
          "connectedTo" : "@PROPERTY:connectsTo_NSX_Patch_Router_Interface_65c238ad_c7ad_4adf_98eb_8e3e769f2f3c_4b04a625a0ca40e59e8628ed0ba7d762__VERSION__1^0.dlsId"
        },
        "output" : {
          "interfaceIndex" : "@PROPERTY:interfaceIndex"
        }
      },
      "executableId" : "2182835d-d9b2-43e8-9e96-f3993c68c200"
    } ]
  }, {
    "actionDescriptor" : {
      "name" : "update_nsx_distributed_logical_router___remove_interface_8f8358ea990d45159adf4df15c903b52",
      "displayName" : "Update NSX Distributed Logical Router - Remove Interface",
      "description" : "",
      "inputParameters" : [ {
        "name" : "edgeId",
        "displayName" : "edgeId",
        "required" : false,
        "confidential" : false,
        "displayNames" : {
          "en-US" : {
            "value" : "edgeId"
          }
        },
        "descriptions" : { },
        "type" : "string"
      }, {
        "name" : "interfaceIndex",
        "displayName" : "interfaceIndex",
        "required" : false,
        "confidential" : false,
        "displayNames" : {
          "en-US" : {
            "value" : "interfaceIndex"
          }
        },
        "descriptions" : { },
        "type" : "string"
      } ],
      "outputParameters" : [ ],
      "lifecycleAction" : "Undeploy",
      "final" : false,
      "displayNames" : {
        "en-US" : {
          "value" : "Update NSX Distributed Logical Router - Remove Interface"
        }
      },
      "visible" : true,
      "descriptions" : {
        "en-US" : {
          "value" : ""
        }
      }
    },
    "processEngineDescriptors" : [ {
      "processEngineId" : "HP_OO",
      "mapping" : {
        "input" : {
          "edgeId" : "@PROPERTY:edgeId",
          "interfaceIndex" : "@PROPERTY:interfaceIndex"
        },
        "output" : { }
      },
      "executableId" : "93feaeab-dd8e-4453-85d5-40233c6b562b"
    } ]
  } ],
  "relations" : [ ],
  "properties" : [ ],
  "revision" : 13,
  "displayNames" : {
    "en-US" : {
      "value" : "NSX Patch Cable - Router to Switch"
    }
  },
  "descriptions" : { }
}