{
  "@type" : "ComponentTemplate",
  "id" : "d62462b1-2c3c-41d3-82b0-34e6a6a1b366",
  "artifactId" : "NSXEdgeGatewayConfigurator-NATRuleswithRandomPort_5f25082f90f14aa59a491e866e062ff4",
  "groupId" : "com.hp.csa.template",
  "version" : "1.0",
  "displayName" : "NSX Edge Gateway Configurator - NAT Rules with Random Port",
  "description" : "Configure NAT rules and static routes required to reach the network",
  "implementedTypes" : [ {
    "componentId" : {
      "artifactId" : "NSXEdgeGatewayConfigurator-NATRuleswithRandomPort_5f25082f90f14aa59a491e866e062ff4",
      "groupId" : "com.hp.csa.type",
      "version" : "1.0"
    },
    "constraints" : { }
  } ],
  "actions" : [ {
    "actionDescriptor" : {
      "name" : "update_nsx_edge_services_gateway_config___delete_nat_rule_b2844ead0b804eb5a127fc49678b6bb1",
      "displayName" : "Update NSX Edge Services Gateway Config - Delete NAT Rule",
      "description" : "",
      "inputParameters" : [ {
        "name" : "esgName",
        "displayName" : "esgName",
        "required" : false,
        "confidential" : false,
        "displayNames" : {
          "en-US" : {
            "value" : "esgName"
          }
        },
        "descriptions" : { },
        "type" : "string"
      }, {
        "name" : "originalIp",
        "displayName" : "originalIp",
        "required" : false,
        "confidential" : false,
        "displayNames" : {
          "en-US" : {
            "value" : "originalIp"
          }
        },
        "descriptions" : { },
        "type" : "string"
      }, {
        "name" : "originalPort",
        "displayName" : "originalPort",
        "required" : false,
        "confidential" : false,
        "displayNames" : {
          "en-US" : {
            "value" : "originalPort"
          }
        },
        "descriptions" : { },
        "type" : "string"
      } ],
      "outputParameters" : [ ],
      "lifecycleAction" : "Undeploy",
      "final" : false,
      "displayNames" : {
        "en-US" : {
          "value" : "Update NSX Edge Services Gateway Config - Delete NAT Rule"
        }
      },
      "visible" : true,
      "descriptions" : {
        "en-US" : {
          "value" : ""
        }
      }
    },
    "processEngineDescriptors" : [ {
      "processEngineId" : "HP_OO",
      "mapping" : {
        "input" : {
          "esgName" : "@PROPERTY:esgName",
          "originalIp" : "@PROPERTY:originalIp",
          "originalPort" : "@PROPERTY:originalPort"
        },
        "output" : { }
      },
      "executableId" : "bfc0c1af-b2dd-4462-be58-a918ea68d2d1"
    } ]
  }, {
    "actionDescriptor" : {
      "name" : "update_nsx_edge_services_gateway_config___append_nat_rule_32382e01c96e4c1f80f33f5540bb856a",
      "displayName" : "Update NSX Edge Services Gateway Config - Append NAT Rule",
      "description" : "",
      "inputParameters" : [ {
        "name" : "comments",
        "displayName" : "comments",
        "required" : false,
        "confidential" : false,
        "displayNames" : {
          "en-US" : {
            "value" : "comments"
          }
        },
        "descriptions" : { },
        "type" : "string"
      }, {
        "name" : "esgName",
        "displayName" : "esgName",
        "required" : false,
        "confidential" : false,
        "displayNames" : {
          "en-US" : {
            "value" : "esgName"
          }
        },
        "descriptions" : { },
        "type" : "string"
      }, {
        "name" : "natType",
        "displayName" : "natType",
        "required" : false,
        "confidential" : false,
        "displayNames" : {
          "en-US" : {
            "value" : "natType"
          }
        },
        "descriptions" : { },
        "type" : "string"
      }, {
        "name" : "originalIp",
        "displayName" : "originalIp",
        "required" : false,
        "confidential" : false,
        "displayNames" : {
          "en-US" : {
            "value" : "originalIp"
          }
        },
        "descriptions" : { },
        "type" : "string"
      }, {
        "name" : "originalPort",
        "displayName" : "originalPort",
        "required" : false,
        "confidential" : false,
        "displayNames" : {
          "en-US" : {
            "value" : "originalPort"
          }
        },
        "descriptions" : { },
        "type" : "string"
      }, {
        "name" : "protocol",
        "displayName" : "protocol",
        "required" : false,
        "confidential" : false,
        "displayNames" : {
          "en-US" : {
            "value" : "protocol"
          }
        },
        "descriptions" : { },
        "type" : "string"
      }, {
        "name" : "routingNextHopToTarget",
        "displayName" : "routingNextHopToTarget",
        "required" : false,
        "confidential" : false,
        "displayNames" : {
          "en-US" : {
            "value" : "routingNextHopToTarget"
          }
        },
        "descriptions" : { },
        "type" : "string"
      }, {
        "name" : "routingSwitchId",
        "displayName" : "routingSwitchId",
        "required" : false,
        "confidential" : false,
        "displayNames" : {
          "en-US" : {
            "value" : "routingSwitchId"
          }
        },
        "descriptions" : { },
        "type" : "string"
      }, {
        "name" : "translatedIp",
        "displayName" : "translatedIp",
        "required" : false,
        "confidential" : false,
        "displayNames" : {
          "en-US" : {
            "value" : "translatedIp"
          }
        },
        "descriptions" : { },
        "type" : "string"
      }, {
        "name" : "translatedPort",
        "displayName" : "translatedPort",
        "required" : false,
        "confidential" : false,
        "displayNames" : {
          "en-US" : {
            "value" : "translatedPort"
          }
        },
        "descriptions" : { },
        "type" : "string"
      } ],
      "outputParameters" : [ {
        "name" : "natRuleId",
        "displayName" : "natRuleId",
        "required" : false,
        "confidential" : false,
        "displayNames" : {
          "en-US" : {
            "value" : "natRuleId"
          }
        },
        "descriptions" : { },
        "type" : "string"
      }, {
        "name" : "originalPort",
        "displayName" : "originalPort",
        "required" : false,
        "confidential" : false,
        "displayNames" : {
          "en-US" : {
            "value" : "originalPort"
          }
        },
        "descriptions" : { },
        "type" : "string"
      } ],
      "lifecycleAction" : "Deploy",
      "final" : false,
      "displayNames" : {
        "en-US" : {
          "value" : "Update NSX Edge Services Gateway Config - Append NAT Rule"
        }
      },
      "visible" : true,
      "descriptions" : {
        "en-US" : {
          "value" : ""
        }
      }
    },
    "processEngineDescriptors" : [ {
      "processEngineId" : "HP_OO",
      "mapping" : {
        "input" : {
          "protocol" : "@PROPERTY:protocol",
          "comments" : "@PROPERTY:comments",
          "natType" : "@PROPERTY:natType",
          "esgName" : "@PROPERTY:esgName",
          "translatedPort" : "@PROPERTY:translatedPort",
          "routingNextHopToTarget" : "@PROPERTY:routingNextHopToTarget",
          "originalIp" : "@PROPERTY:originalIp",
          "originalPort" : "@PROPERTY:originalPort",
          "routingSwitchId" : "@PROPERTY:getsSwitchId_NSXEdgeGatewayConfigurator-NATRuleswithRandomPort_5f25082f90f14aa59a491e866e062ff4__VERSION__1^0__GROUPID__com^hp^csa^type.dlsId",
          "translatedIp" : "@PROPERTY:translatedIp"
        },
        "output" : {
          "natRuleId" : "@PROPERTY:natRuleId",
          "originalPort" : "@PROPERTY:originalPort"
        }
      },
      "executableId" : "807f5e7c-8c0e-44aa-8bce-9697190c097e"
    } ]
  } ],
  "relations" : [ ],
  "properties" : [ ],
  "revision" : 9,
  "displayNames" : {
    "en-US" : {
      "value" : "NSX Edge Gateway Configurator - NAT Rules with Random Port"
    }
  },
  "descriptions" : {
    "en-US" : {
      "value" : "Configure NAT rules and static routes required to reach the network"
    }
  }
}