{
  "@type" : "ComponentTemplate",
  "id" : "1f4ab31d-d7ca-41e2-802e-c7d95becbeed",
  "artifactId" : "NSX_Patch_Cable___Edge_Gateway_to_Switch_b767a6d0_2a7d_4355_b922_9ba8549df5ca_1d87fe69323d4634b0cd2149f29978d2",
  "groupId" : "com.hp.csa.template",
  "version" : "1.0",
  "displayName" : "NSX Patch Cable - Edge Gateway to Switch",
  "implementedTypes" : [ {
    "componentId" : {
      "artifactId" : "NSX_Patch_Cable___Edge_Gateway_to_Switch_b767a6d0_2a7d_4355_b922_9ba8549df5ca_1d87fe69323d4634b0cd2149f29978d2",
      "groupId" : "com.hp.csa.type",
      "version" : "1.0"
    },
    "constraints" : { }
  } ],
  "actions" : [ {
    "actionDescriptor" : {
      "name" : "update_nsx_edge_services_gateway_config___disconnect_vnic_e3bb662dae334e5b9370147f98cb5080",
      "displayName" : "Update NSX Edge Services Gateway Config - Disconnect vNIC",
      "description" : "",
      "inputParameters" : [ {
        "name" : "esgName",
        "displayName" : "esgName",
        "required" : false,
        "confidential" : false,
        "displayNames" : {
          "en-US" : {
            "value" : "esgName"
          }
        },
        "descriptions" : { },
        "type" : "string"
      }, {
        "name" : "legId",
        "displayName" : "legId",
        "required" : false,
        "confidential" : false,
        "displayNames" : {
          "en-US" : {
            "value" : "legId"
          }
        },
        "descriptions" : { },
        "type" : "string"
      } ],
      "outputParameters" : [ ],
      "lifecycleAction" : "Undeploy",
      "final" : false,
      "displayNames" : {
        "en-US" : {
          "value" : "Update NSX Edge Services Gateway Config - Disconnect vNIC"
        }
      },
      "visible" : true,
      "descriptions" : {
        "en-US" : {
          "value" : ""
        }
      }
    },
    "processEngineDescriptors" : [ {
      "processEngineId" : "HP_OO",
      "mapping" : {
        "input" : {
          "esgName" : "@PROPERTY:esgName",
          "legId" : "@PROPERTY:legId"
        },
        "output" : { }
      },
      "executableId" : "d5381fa9-6efb-4e9b-8694-9f365e601882"
    } ]
  }, {
    "actionDescriptor" : {
      "name" : "update_nsx_edge_services_gateway_config___connect_vnic_890785dcc8f44d73be217a2f86a29f09",
      "displayName" : "Update NSX Edge Services Gateway Config - Connect vNIC",
      "description" : "",
      "inputParameters" : [ {
        "name" : "connectedTo",
        "displayName" : "connectedTo",
        "required" : false,
        "confidential" : false,
        "displayNames" : {
          "en-US" : {
            "value" : "connectedTo"
          }
        },
        "descriptions" : { },
        "type" : "string"
      }, {
        "name" : "esgName",
        "displayName" : "esgName",
        "required" : false,
        "confidential" : false,
        "displayNames" : {
          "en-US" : {
            "value" : "esgName"
          }
        },
        "descriptions" : { },
        "type" : "string"
      }, {
        "name" : "legId",
        "displayName" : "legId",
        "required" : false,
        "confidential" : false,
        "displayNames" : {
          "en-US" : {
            "value" : "legId"
          }
        },
        "descriptions" : { },
        "type" : "string"
      }, {
        "name" : "primaryIpAddress",
        "displayName" : "primaryIpAddress",
        "required" : false,
        "confidential" : false,
        "displayNames" : {
          "en-US" : {
            "value" : "primaryIpAddress"
          }
        },
        "descriptions" : { },
        "type" : "string"
      }, {
        "name" : "subnetPrefixLength",
        "displayName" : "subnetPrefixLength",
        "required" : false,
        "confidential" : false,
        "displayNames" : {
          "en-US" : {
            "value" : "subnetPrefixLength"
          }
        },
        "descriptions" : { },
        "type" : "string"
      }, {
        "name" : "type",
        "displayName" : "type",
        "required" : false,
        "confidential" : false,
        "displayNames" : {
          "en-US" : {
            "value" : "type"
          }
        },
        "descriptions" : { },
        "type" : "string"
      }, {
        "name" : "vNicName",
        "displayName" : "vNicName",
        "required" : false,
        "confidential" : false,
        "displayNames" : {
          "en-US" : {
            "value" : "vNicName"
          }
        },
        "descriptions" : { },
        "type" : "string"
      } ],
      "outputParameters" : [ ],
      "lifecycleAction" : "Deploy",
      "final" : false,
      "displayNames" : {
        "en-US" : {
          "value" : "Update NSX Edge Services Gateway Config - Connect vNIC"
        }
      },
      "visible" : true,
      "descriptions" : {
        "en-US" : {
          "value" : ""
        }
      }
    },
    "processEngineDescriptors" : [ {
      "processEngineId" : "HP_OO",
      "mapping" : {
        "input" : {
          "primaryIpAddress" : "@PROPERTY:getsIPfrom_NSX_Patch_Cable___Edge_Gateway_to_Switch_b767a6d0_2a7d_4355_b922_9ba8549df5ca_1d87fe69323d4634b0cd2149f29978d2__VERSION__1^0.ipAddress",
          "esgName" : "@CONSTANT:esg-dcTeam-1",
          "legId" : "@PROPERTY:getsIPfrom_NSX_Patch_Cable___Edge_Gateway_to_Switch_b767a6d0_2a7d_4355_b922_9ba8549df5ca_1d87fe69323d4634b0cd2149f29978d2__VERSION__1^0.outputLegId",
          "vNicName" : "@PROPERTY:vNicName",
          "subnetPrefixLength" : "@PROPERTY:subnetPrefixLength",
          "type" : "@PROPERTY:type",
          "connectedTo" : "@PROPERTY:connectsTo_NSX_Patch_Cable___Edge_Gateway_to_Switch_b767a6d0_2a7d_4355_b922_9ba8549df5ca_1d87fe69323d4634b0cd2149f29978d2__VERSION__1^0.switchName"
        },
        "output" : { }
      },
      "executableId" : "0d665834-8839-4a32-8c52-5ed60a3dd96b"
    } ]
  } ],
  "relations" : [ ],
  "properties" : [ ],
  "revision" : 18,
  "displayNames" : {
    "en-US" : {
      "value" : "NSX Patch Cable - Edge Gateway to Switch"
    }
  },
  "descriptions" : { }
}