{
  "@type" : "ComponentType",
  "id" : "deb16c42-134c-48f7-94b1-d3b81961c583",
  "groupId" : "com.hp.csa.type",
  "artifactId" : "NSXEdgeGatewayConfigurator-NATRuleswithRandomPort_5f25082f90f14aa59a491e866e062ff4",
  "version" : "1.0",
  "abstract" : false,
  "capability" : false,
  "description" : "Configure NAT rules and static routes required to reach the network",
  "actions" : [ {
    "name" : "update_nsx_edge_services_gateway_config___delete_nat_rule_b2844ead0b804eb5a127fc49678b6bb1",
    "displayName" : "Update NSX Edge Services Gateway Config - Delete NAT Rule",
    "description" : "",
    "inputParameters" : [ {
      "name" : "esgName",
      "displayName" : "esgName",
      "required" : false,
      "confidential" : false,
      "displayNames" : {
        "en-US" : {
          "value" : "esgName"
        }
      },
      "descriptions" : { },
      "type" : "string"
    }, {
      "name" : "originalIp",
      "displayName" : "originalIp",
      "required" : false,
      "confidential" : false,
      "displayNames" : {
        "en-US" : {
          "value" : "originalIp"
        }
      },
      "descriptions" : { },
      "type" : "string"
    }, {
      "name" : "originalPort",
      "displayName" : "originalPort",
      "required" : false,
      "confidential" : false,
      "displayNames" : {
        "en-US" : {
          "value" : "originalPort"
        }
      },
      "descriptions" : { },
      "type" : "string"
    } ],
    "outputParameters" : [ ],
    "lifecycleAction" : "Undeploy",
    "final" : false,
    "displayNames" : {
      "en-US" : {
        "value" : "Update NSX Edge Services Gateway Config - Delete NAT Rule"
      }
    },
    "visible" : true,
    "descriptions" : {
      "en-US" : {
        "value" : ""
      }
    }
  }, {
    "name" : "update_nsx_edge_services_gateway_config___append_nat_rule_32382e01c96e4c1f80f33f5540bb856a",
    "displayName" : "Update NSX Edge Services Gateway Config - Append NAT Rule",
    "description" : "",
    "inputParameters" : [ {
      "name" : "comments",
      "displayName" : "comments",
      "required" : false,
      "confidential" : false,
      "displayNames" : {
        "en-US" : {
          "value" : "comments"
        }
      },
      "descriptions" : { },
      "type" : "string"
    }, {
      "name" : "esgName",
      "displayName" : "esgName",
      "required" : false,
      "confidential" : false,
      "displayNames" : {
        "en-US" : {
          "value" : "esgName"
        }
      },
      "descriptions" : { },
      "type" : "string"
    }, {
      "name" : "natType",
      "displayName" : "natType",
      "required" : false,
      "confidential" : false,
      "displayNames" : {
        "en-US" : {
          "value" : "natType"
        }
      },
      "descriptions" : { },
      "type" : "string"
    }, {
      "name" : "originalIp",
      "displayName" : "originalIp",
      "required" : false,
      "confidential" : false,
      "displayNames" : {
        "en-US" : {
          "value" : "originalIp"
        }
      },
      "descriptions" : { },
      "type" : "string"
    }, {
      "name" : "originalPort",
      "displayName" : "originalPort",
      "required" : false,
      "confidential" : false,
      "displayNames" : {
        "en-US" : {
          "value" : "originalPort"
        }
      },
      "descriptions" : { },
      "type" : "string"
    }, {
      "name" : "protocol",
      "displayName" : "protocol",
      "required" : false,
      "confidential" : false,
      "displayNames" : {
        "en-US" : {
          "value" : "protocol"
        }
      },
      "descriptions" : { },
      "type" : "string"
    }, {
      "name" : "routingNextHopToTarget",
      "displayName" : "routingNextHopToTarget",
      "required" : false,
      "confidential" : false,
      "displayNames" : {
        "en-US" : {
          "value" : "routingNextHopToTarget"
        }
      },
      "descriptions" : { },
      "type" : "string"
    }, {
      "name" : "routingSwitchId",
      "displayName" : "routingSwitchId",
      "required" : false,
      "confidential" : false,
      "displayNames" : {
        "en-US" : {
          "value" : "routingSwitchId"
        }
      },
      "descriptions" : { },
      "type" : "string"
    }, {
      "name" : "translatedIp",
      "displayName" : "translatedIp",
      "required" : false,
      "confidential" : false,
      "displayNames" : {
        "en-US" : {
          "value" : "translatedIp"
        }
      },
      "descriptions" : { },
      "type" : "string"
    }, {
      "name" : "translatedPort",
      "displayName" : "translatedPort",
      "required" : false,
      "confidential" : false,
      "displayNames" : {
        "en-US" : {
          "value" : "translatedPort"
        }
      },
      "descriptions" : { },
      "type" : "string"
    } ],
    "outputParameters" : [ {
      "name" : "natRuleId",
      "displayName" : "natRuleId",
      "required" : false,
      "confidential" : false,
      "displayNames" : {
        "en-US" : {
          "value" : "natRuleId"
        }
      },
      "descriptions" : { },
      "type" : "string"
    }, {
      "name" : "originalPort",
      "displayName" : "originalPort",
      "required" : false,
      "confidential" : false,
      "displayNames" : {
        "en-US" : {
          "value" : "originalPort"
        }
      },
      "descriptions" : { },
      "type" : "string"
    } ],
    "lifecycleAction" : "Deploy",
    "final" : false,
    "displayNames" : {
      "en-US" : {
        "value" : "Update NSX Edge Services Gateway Config - Append NAT Rule"
      }
    },
    "visible" : true,
    "descriptions" : {
      "en-US" : {
        "value" : ""
      }
    }
  } ],
  "relations" : [ {
    "name" : "getIPforNextHop_NSXEdgeGatewayConfigurator-NATRuleswithRandomPort_5f25082f90f14aa59a491e866e062ff4__VERSION__1^0__GROUPID__com^hp^csa^type",
    "relationType" : "association",
    "targetType" : {
      "componentId" : {
        "artifactId" : "IP_Generator_40a15951_f70e_4015_bda5_e520fa628ca8_768357d8afc746fbb0e6ed3c79918487",
        "groupId" : "com.hp.csa.type",
        "version" : "1.0"
      },
      "constraints" : { }
    },
    "minOccursOnTarget" : 0,
    "maxOccursOnTarget" : 256,
    "minOccursOnSource" : 0,
    "maxOccursOnSource" : 256,
    "properties" : [ ],
    "displayName" : "getIPforNextHop",
    "displayNames" : {
      "en-US" : {
        "value" : "getIPforNextHop"
      }
    },
    "descriptions" : { }
  }, {
    "name" : "getsSwitchId_NSXEdgeGatewayConfigurator-NATRuleswithRandomPort_5f25082f90f14aa59a491e866e062ff4__VERSION__1^0__GROUPID__com^hp^csa^type",
    "relationType" : "association",
    "targetType" : {
      "componentId" : {
        "artifactId" : "NSX_Distributed_Logical_Switch_1649e11f_d2d4_4652_be0b_ed5dd9f64243_a8eb0ce8c2c6417f870078bb605ad588",
        "groupId" : "com.hp.csa.type",
        "version" : "1.0"
      },
      "constraints" : { }
    },
    "minOccursOnTarget" : 0,
    "maxOccursOnTarget" : 256,
    "minOccursOnSource" : 0,
    "maxOccursOnSource" : 256,
    "properties" : [ ],
    "displayName" : "getsSwitchId",
    "displayNames" : {
      "en-US" : {
        "value" : "getsSwitchId"
      }
    },
    "descriptions" : { }
  }, {
    "name" : "getsIPfrom_NSXEdgeGatewayConfigurator-NATRuleswithRandomPort_5f25082f90f14aa59a491e866e062ff4__VERSION__1^0__GROUPID__com^hp^csa^type",
    "relationType" : "association",
    "targetType" : {
      "componentId" : {
        "artifactId" : "Standalone_IP_Generator_e95a0784_c5cc_441a_bba1_f35789b3ad39_19a51170af374aea8b88466b0ae75009",
        "groupId" : "com.hp.csa.type",
        "version" : "1.0"
      },
      "constraints" : { }
    },
    "minOccursOnTarget" : 0,
    "maxOccursOnTarget" : 256,
    "minOccursOnSource" : 0,
    "maxOccursOnSource" : 256,
    "properties" : [ ],
    "displayName" : "getsIPfrom",
    "displayNames" : {
      "en-US" : {
        "value" : "getsIPfrom"
      }
    },
    "descriptions" : { }
  } ],
  "properties" : [ {
    "name" : "comments",
    "type" : "string",
    "minOccurs" : 0,
    "maxOccurs" : 1,
    "mode" : "INPUT_OUTPUT",
    "defaultValue" : {
      "value" : "RDP access",
      "type" : "string"
    },
    "subProperties" : [ ],
    "displayName" : "comments",
    "confidential" : false,
    "tags" : {
      "{urn:x-hp:2013:software:ccue:designer:descriptor-schema}unitDescription" : null,
      "{urn:x-hp:2013:software:ccue:designer:descriptor-schema}validatorId" : null,
      "{urn:x-hp:2013:software:ccue:designer:descriptor-schema}tabSet" : "VIEW,EDIT",
      "maxLength" : "4000"
    },
    "consumerVisible" : true,
    "displayNames" : {
      "en-US" : {
        "value" : "comments"
      }
    },
    "descriptions" : { }
  }, {
    "name" : "esgName",
    "type" : "string",
    "minOccurs" : 0,
    "maxOccurs" : 1,
    "mode" : "INPUT_OUTPUT",
    "defaultValue" : {
      "value" : "esg-dcTeam-1",
      "type" : "string"
    },
    "subProperties" : [ ],
    "displayName" : "esgName",
    "confidential" : false,
    "tags" : {
      "{urn:x-hp:2013:software:ccue:designer:descriptor-schema}unitDescription" : null,
      "{urn:x-hp:2013:software:ccue:designer:descriptor-schema}validatorId" : null,
      "{urn:x-hp:2013:software:ccue:designer:descriptor-schema}tabSet" : "VIEW,EDIT",
      "maxLength" : "4000"
    },
    "consumerVisible" : true,
    "displayNames" : {
      "en-US" : {
        "value" : "esgName"
      }
    },
    "descriptions" : { }
  }, {
    "name" : "natRuleId",
    "type" : "string",
    "minOccurs" : 0,
    "maxOccurs" : 1,
    "mode" : "INPUT_OUTPUT",
    "subProperties" : [ ],
    "displayName" : "natRuleId",
    "confidential" : false,
    "tags" : {
      "{urn:x-hp:2013:software:ccue:designer:descriptor-schema}unitDescription" : null,
      "{urn:x-hp:2013:software:ccue:designer:descriptor-schema}validatorId" : null,
      "{urn:x-hp:2013:software:ccue:designer:descriptor-schema}computed" : "true",
      "{urn:x-hp:2013:software:ccue:designer:descriptor-schema}hidden" : "true",
      "{urn:x-hp:2013:software:ccue:designer:descriptor-schema}tabSet" : "VIEW,EDIT",
      "maxLength" : "4000"
    },
    "consumerVisible" : true,
    "displayNames" : {
      "en-US" : {
        "value" : "natRuleId"
      }
    },
    "descriptions" : { }
  }, {
    "name" : "natType",
    "type" : "string",
    "minOccurs" : 0,
    "maxOccurs" : 1,
    "mode" : "INPUT_OUTPUT",
    "defaultValue" : {
      "value" : "dnat",
      "type" : "string"
    },
    "subProperties" : [ ],
    "displayName" : "natType",
    "confidential" : false,
    "tags" : {
      "{urn:x-hp:2013:software:ccue:designer:descriptor-schema}unitDescription" : null,
      "{urn:x-hp:2013:software:ccue:designer:descriptor-schema}validatorId" : null,
      "{urn:x-hp:2013:software:ccue:designer:descriptor-schema}tabSet" : "VIEW,EDIT",
      "maxLength" : "4000"
    },
    "consumerVisible" : true,
    "displayNames" : {
      "en-US" : {
        "value" : "natType"
      }
    },
    "descriptions" : { }
  }, {
    "name" : "originalIp",
    "type" : "string",
    "minOccurs" : 0,
    "maxOccurs" : 1,
    "mode" : "INPUT_OUTPUT",
    "defaultValue" : {
      "value" : "10.208.77.15",
      "type" : "string"
    },
    "subProperties" : [ ],
    "displayName" : "originalIp",
    "confidential" : false,
    "tags" : {
      "{urn:x-hp:2013:software:ccue:designer:descriptor-schema}unitDescription" : null,
      "{urn:x-hp:2013:software:ccue:designer:descriptor-schema}validatorId" : null,
      "{urn:x-hp:2013:software:ccue:designer:descriptor-schema}tabSet" : "VIEW,EDIT",
      "maxLength" : "4000"
    },
    "consumerVisible" : true,
    "displayNames" : {
      "en-US" : {
        "value" : "originalIp"
      }
    },
    "descriptions" : { }
  }, {
    "name" : "originalPort",
    "type" : "string",
    "minOccurs" : 0,
    "maxOccurs" : 1,
    "mode" : "INPUT_OUTPUT",
    "defaultValue" : {
      "value" : "9000",
      "type" : "string"
    },
    "subProperties" : [ ],
    "displayName" : "originalPort",
    "confidential" : false,
    "tags" : {
      "{urn:x-hp:2013:software:ccue:designer:descriptor-schema}unitDescription" : null,
      "{urn:x-hp:2013:software:ccue:designer:descriptor-schema}validatorId" : null,
      "{urn:x-hp:2013:software:ccue:designer:descriptor-schema}hidden" : "true",
      "{urn:x-hp:2013:software:ccue:designer:descriptor-schema}tabSet" : "VIEW,EDIT",
      "maxLength" : "4000"
    },
    "consumerVisible" : true,
    "displayNames" : {
      "en-US" : {
        "value" : "originalPort"
      }
    },
    "descriptions" : { }
  }, {
    "name" : "protocol",
    "type" : "string",
    "minOccurs" : 0,
    "maxOccurs" : 1,
    "mode" : "INPUT_OUTPUT",
    "defaultValue" : {
      "value" : "tcp",
      "type" : "string"
    },
    "subProperties" : [ ],
    "displayName" : "protocol",
    "confidential" : false,
    "tags" : {
      "{urn:x-hp:2013:software:ccue:designer:descriptor-schema}unitDescription" : null,
      "{urn:x-hp:2013:software:ccue:designer:descriptor-schema}validatorId" : null,
      "{urn:x-hp:2013:software:ccue:designer:descriptor-schema}tabSet" : "VIEW,EDIT",
      "maxLength" : "4000"
    },
    "consumerVisible" : true,
    "displayNames" : {
      "en-US" : {
        "value" : "protocol"
      }
    },
    "descriptions" : { }
  }, {
    "name" : "routingNextHopToTarget",
    "type" : "string",
    "minOccurs" : 0,
    "maxOccurs" : 1,
    "mode" : "INPUT_OUTPUT",
    "defaultValue" : {
      "value" : "",
      "type" : "string"
    },
    "subProperties" : [ ],
    "displayName" : "routingNextHopToTarget",
    "confidential" : false,
    "tags" : {
      "{urn:x-hp:2013:software:ccue:designer:descriptor-schema}unitDescription" : null,
      "{urn:x-hp:2013:software:ccue:designer:descriptor-schema}validatorId" : null,
      "{urn:x-hp:2013:software:ccue:designer:descriptor-schema}tabSet" : "VIEW,EDIT",
      "maxLength" : "4000"
    },
    "consumerVisible" : true,
    "displayNames" : {
      "en-US" : {
        "value" : "routingNextHopToTarget"
      }
    },
    "descriptions" : { }
  }, {
    "name" : "routingSwitchId",
    "type" : "string",
    "minOccurs" : 0,
    "maxOccurs" : 1,
    "mode" : "INPUT_OUTPUT",
    "defaultValue" : {
      "value" : "",
      "type" : "string"
    },
    "subProperties" : [ ],
    "displayName" : "routingSwitchId",
    "confidential" : false,
    "tags" : {
      "{urn:x-hp:2013:software:ccue:designer:descriptor-schema}unitDescription" : null,
      "{urn:x-hp:2013:software:ccue:designer:descriptor-schema}validatorId" : null,
      "{urn:x-hp:2013:software:ccue:designer:descriptor-schema}tabSet" : "VIEW,EDIT",
      "maxLength" : "4000"
    },
    "consumerVisible" : true,
    "displayNames" : {
      "en-US" : {
        "value" : "routingSwitchId"
      }
    },
    "descriptions" : { }
  }, {
    "name" : "translatedIp",
    "type" : "string",
    "minOccurs" : 0,
    "maxOccurs" : 1,
    "mode" : "INPUT_OUTPUT",
    "defaultValue" : {
      "value" : "172.16.31.11",
      "type" : "string"
    },
    "subProperties" : [ ],
    "displayName" : "translatedIp",
    "confidential" : false,
    "tags" : {
      "{urn:x-hp:2013:software:ccue:designer:descriptor-schema}unitDescription" : null,
      "{urn:x-hp:2013:software:ccue:designer:descriptor-schema}validatorId" : null,
      "{urn:x-hp:2013:software:ccue:designer:descriptor-schema}tabSet" : "VIEW,EDIT",
      "maxLength" : "4000"
    },
    "consumerVisible" : true,
    "displayNames" : {
      "en-US" : {
        "value" : "translatedIp"
      }
    },
    "descriptions" : { }
  }, {
    "name" : "translatedPort",
    "type" : "string",
    "minOccurs" : 0,
    "maxOccurs" : 1,
    "mode" : "INPUT_OUTPUT",
    "defaultValue" : {
      "value" : "3389",
      "type" : "string"
    },
    "subProperties" : [ ],
    "displayName" : "translatedPort",
    "confidential" : false,
    "tags" : {
      "{urn:x-hp:2013:software:ccue:designer:descriptor-schema}unitDescription" : null,
      "{urn:x-hp:2013:software:ccue:designer:descriptor-schema}validatorId" : null,
      "{urn:x-hp:2013:software:ccue:designer:descriptor-schema}tabSet" : "VIEW,EDIT",
      "maxLength" : "4000"
    },
    "consumerVisible" : true,
    "displayNames" : {
      "en-US" : {
        "value" : "translatedPort"
      }
    },
    "descriptions" : { }
  } ],
  "displayName" : "NSX Edge Gateway Configurator - NAT Rules with Random Port",
  "capabilities" : [ ],
  "characteristics" : [ ],
  "tagIds" : [ "8a50cd785181dcf101518a2fbd3a54ef" ],
  "revision" : 11,
  "resourceType" : "OO_COMPONENT",
  "tags" : {
    "designer.name.uri" : "urn:x-hp:2013:software:ccue:designer:topology-metamodel:oo",
    "origin" : "embraced",
    "designer.name.localPart" : "NSXEdgeGatewayConfigurator-NATRuleswithRandomPort_5f25082f90f14aa59a491e866e062ff4__VERSION__1.0__GROUPID__com.hp.csa.type",
    "iconUrl" : "/csa/images/library/software_component.png"
  },
  "final" : false,
  "displayNames" : {
    "en-US" : {
      "value" : "NSX Edge Gateway Configurator - NAT Rules with Random Port"
    }
  },
  "descriptions" : {
    "en-US" : {
      "value" : "Configure NAT rules and static routes required to reach the network"
    }
  }
}