{
  "@type" : "ComponentTemplate",
  "id" : "d1a637ae-0cea-4a8f-a208-64fce9faad0c",
  "artifactId" : "NSX_Distributed_Logical_Switch_1649e11f_d2d4_4652_be0b_ed5dd9f64243_a8eb0ce8c2c6417f870078bb605ad588",
  "groupId" : "com.hp.csa.template",
  "version" : "1.0",
  "displayName" : "NSX Distributed Logical Switch",
  "description" : "NSX Distributed Logical Switch",
  "implementedTypes" : [ {
    "componentId" : {
      "artifactId" : "NSX_Distributed_Logical_Switch_1649e11f_d2d4_4652_be0b_ed5dd9f64243_a8eb0ce8c2c6417f870078bb605ad588",
      "groupId" : "com.hp.csa.type",
      "version" : "1.0"
    },
    "constraints" : { }
  } ],
  "actions" : [ {
    "actionDescriptor" : {
      "name" : "undeploy",
      "displayName" : "Delete NSX Distributed Logical Switch",
      "description" : "",
      "inputParameters" : [ {
        "name" : "scopeId",
        "displayName" : "scopeId",
        "required" : false,
        "confidential" : false,
        "displayNames" : {
          "en-US" : {
            "value" : "scopeId"
          }
        },
        "descriptions" : { },
        "type" : "string"
      }, {
        "name" : "switchName",
        "displayName" : "switchName",
        "required" : false,
        "confidential" : false,
        "displayNames" : {
          "en-US" : {
            "value" : "switchName"
          }
        },
        "descriptions" : { },
        "type" : "string"
      } ],
      "outputParameters" : [ ],
      "lifecycleAction" : "Undeploy",
      "final" : false,
      "displayNames" : {
        "en-US" : {
          "value" : "Delete NSX Distributed Logical Switch"
        }
      },
      "visible" : false,
      "descriptions" : {
        "en-US" : {
          "value" : ""
        }
      }
    },
    "processEngineDescriptors" : [ {
      "processEngineId" : "HP_OO",
      "mapping" : {
        "input" : {
          "scopeId" : "@PROPERTY:scopeId",
          "switchName" : "@PROPERTY:switchName"
        },
        "output" : { }
      },
      "executableId" : "d0c8775c-b8d5-44ee-b14d-1b403d248906"
    } ]
  }, {
    "actionDescriptor" : {
      "name" : "deploy",
      "displayName" : "Create NSX Distributed Logical Switch",
      "description" : "",
      "inputParameters" : [ {
        "name" : "appName",
        "displayName" : "appName",
        "required" : false,
        "confidential" : false,
        "displayNames" : {
          "en-US" : {
            "value" : "appName"
          }
        },
        "descriptions" : { },
        "type" : "string"
      }, {
        "name" : "scopeId",
        "displayName" : "scopeId",
        "required" : false,
        "confidential" : false,
        "displayNames" : {
          "en-US" : {
            "value" : "scopeId"
          }
        },
        "descriptions" : { },
        "type" : "string"
      }, {
        "name" : "tierName",
        "displayName" : "tierName",
        "required" : false,
        "confidential" : false,
        "displayNames" : {
          "en-US" : {
            "value" : "tierName"
          }
        },
        "descriptions" : { },
        "type" : "string"
      }, {
        "name" : "userName",
        "displayName" : "userName",
        "required" : false,
        "confidential" : false,
        "displayNames" : {
          "en-US" : {
            "value" : "userName"
          }
        },
        "descriptions" : { },
        "type" : "string"
      } ],
      "outputParameters" : [ {
        "name" : "dlsId",
        "displayName" : "dlsId",
        "required" : false,
        "confidential" : false,
        "displayNames" : {
          "en-US" : {
            "value" : "dlsId"
          }
        },
        "descriptions" : { },
        "type" : "string"
      }, {
        "name" : "switchName",
        "displayName" : "switchName",
        "required" : false,
        "confidential" : false,
        "displayNames" : {
          "en-US" : {
            "value" : "switchName"
          }
        },
        "descriptions" : { },
        "type" : "string"
      } ],
      "lifecycleAction" : "Deploy",
      "final" : false,
      "displayNames" : {
        "en-US" : {
          "value" : "Create NSX Distributed Logical Switch"
        }
      },
      "visible" : false,
      "descriptions" : {
        "en-US" : {
          "value" : ""
        }
      }
    },
    "processEngineDescriptors" : [ {
      "processEngineId" : "HP_OO",
      "mapping" : {
        "input" : {
          "scopeId" : "@PROPERTY:scopeId",
          "appName" : "@PROPERTY:appName",
          "tierName" : "@PROPERTY:tierName",
          "userName" : "@PROPERTY:userName"
        },
        "output" : {
          "dlsId" : "@PROPERTY:dlsId",
          "switchName" : "@PROPERTY:switchName"
        }
      },
      "executableId" : "f348189c-805c-457f-bf21-2dd1c8ff7ed1"
    } ]
  } ],
  "relations" : [ ],
  "properties" : [ ],
  "revision" : 23,
  "displayNames" : {
    "en-US" : {
      "value" : "NSX Distributed Logical Switch"
    }
  },
  "descriptions" : {
    "en-US" : {
      "value" : "NSX Distributed Logical Switch"
    }
  }
}