{
  "@type" : "ComponentType",
  "id" : "5db87cdd-33af-4590-b8f5-4682a6ac131e",
  "groupId" : "com.hp.csa.type",
  "artifactId" : "NSX_Distributed_Logical_Switch_1649e11f_d2d4_4652_be0b_ed5dd9f64243_a8eb0ce8c2c6417f870078bb605ad588",
  "version" : "1.0",
  "abstract" : false,
  "capability" : false,
  "description" : "NSX Distributed Logical Switch",
  "actions" : [ {
    "name" : "undeploy",
    "displayName" : "Delete NSX Distributed Logical Switch",
    "description" : "",
    "inputParameters" : [ {
      "name" : "scopeId",
      "displayName" : "scopeId",
      "required" : false,
      "confidential" : false,
      "displayNames" : {
        "en-US" : {
          "value" : "scopeId"
        }
      },
      "descriptions" : { },
      "type" : "string"
    }, {
      "name" : "switchName",
      "displayName" : "switchName",
      "required" : false,
      "confidential" : false,
      "displayNames" : {
        "en-US" : {
          "value" : "switchName"
        }
      },
      "descriptions" : { },
      "type" : "string"
    } ],
    "outputParameters" : [ ],
    "lifecycleAction" : "Undeploy",
    "final" : false,
    "displayNames" : {
      "en-US" : {
        "value" : "Delete NSX Distributed Logical Switch"
      }
    },
    "visible" : false,
    "descriptions" : {
      "en-US" : {
        "value" : ""
      }
    }
  }, {
    "name" : "deploy",
    "displayName" : "Create NSX Distributed Logical Switch",
    "description" : "",
    "inputParameters" : [ {
      "name" : "appName",
      "displayName" : "appName",
      "required" : false,
      "confidential" : false,
      "displayNames" : {
        "en-US" : {
          "value" : "appName"
        }
      },
      "descriptions" : { },
      "type" : "string"
    }, {
      "name" : "scopeId",
      "displayName" : "scopeId",
      "required" : false,
      "confidential" : false,
      "displayNames" : {
        "en-US" : {
          "value" : "scopeId"
        }
      },
      "descriptions" : { },
      "type" : "string"
    }, {
      "name" : "tierName",
      "displayName" : "tierName",
      "required" : false,
      "confidential" : false,
      "displayNames" : {
        "en-US" : {
          "value" : "tierName"
        }
      },
      "descriptions" : { },
      "type" : "string"
    }, {
      "name" : "userName",
      "displayName" : "userName",
      "required" : false,
      "confidential" : false,
      "displayNames" : {
        "en-US" : {
          "value" : "userName"
        }
      },
      "descriptions" : { },
      "type" : "string"
    } ],
    "outputParameters" : [ {
      "name" : "dlsId",
      "displayName" : "dlsId",
      "required" : false,
      "confidential" : false,
      "displayNames" : {
        "en-US" : {
          "value" : "dlsId"
        }
      },
      "descriptions" : { },
      "type" : "string"
    }, {
      "name" : "switchName",
      "displayName" : "switchName",
      "required" : false,
      "confidential" : false,
      "displayNames" : {
        "en-US" : {
          "value" : "switchName"
        }
      },
      "descriptions" : { },
      "type" : "string"
    } ],
    "lifecycleAction" : "Deploy",
    "final" : false,
    "displayNames" : {
      "en-US" : {
        "value" : "Create NSX Distributed Logical Switch"
      }
    },
    "visible" : false,
    "descriptions" : {
      "en-US" : {
        "value" : ""
      }
    }
  } ],
  "relations" : [ ],
  "properties" : [ {
    "name" : "appName",
    "type" : "string",
    "minOccurs" : 0,
    "maxOccurs" : 1,
    "mode" : "INPUT_OUTPUT",
    "subProperties" : [ ],
    "displayName" : "appName",
    "confidential" : false,
    "tags" : {
      "{urn:x-hp:2013:software:ccue:designer:descriptor-schema}unitDescription" : null,
      "{urn:x-hp:2013:software:ccue:designer:descriptor-schema}validatorId" : null,
      "{urn:x-hp:2013:software:ccue:designer:descriptor-schema}tabSet" : "VIEW,EDIT",
      "maxLength" : "4000"
    },
    "consumerVisible" : true,
    "displayNames" : {
      "en-US" : {
        "value" : "appName"
      }
    },
    "descriptions" : { }
  }, {
    "name" : "dlsId",
    "type" : "string",
    "minOccurs" : 0,
    "maxOccurs" : 1,
    "mode" : "INPUT_OUTPUT",
    "subProperties" : [ ],
    "displayName" : "dlsId",
    "confidential" : false,
    "tags" : {
      "{urn:x-hp:2013:software:ccue:designer:descriptor-schema}unitDescription" : null,
      "{urn:x-hp:2013:software:ccue:designer:descriptor-schema}validatorId" : null,
      "{urn:x-hp:2013:software:ccue:designer:descriptor-schema}computed" : "true",
      "{urn:x-hp:2013:software:ccue:designer:descriptor-schema}hidden" : "true",
      "{urn:x-hp:2013:software:ccue:designer:descriptor-schema}tabSet" : "VIEW,EDIT",
      "maxLength" : "4000"
    },
    "consumerVisible" : true,
    "displayNames" : {
      "en-US" : {
        "value" : "dlsId"
      }
    },
    "descriptions" : { }
  }, {
    "name" : "scopeId",
    "type" : "string",
    "minOccurs" : 0,
    "maxOccurs" : 1,
    "mode" : "INPUT_OUTPUT",
    "defaultValue" : {
      "value" : "vdnscope-1",
      "type" : "string"
    },
    "subProperties" : [ ],
    "displayName" : "scopeId",
    "confidential" : false,
    "tags" : {
      "{urn:x-hp:2013:software:ccue:designer:descriptor-schema}unitDescription" : null,
      "{urn:x-hp:2013:software:ccue:designer:descriptor-schema}validatorId" : null,
      "{urn:x-hp:2013:software:ccue:designer:descriptor-schema}tabSet" : "VIEW,EDIT",
      "maxLength" : "4000"
    },
    "consumerVisible" : true,
    "displayNames" : {
      "en-US" : {
        "value" : "scopeId"
      }
    },
    "descriptions" : { }
  }, {
    "name" : "tierName",
    "type" : "string",
    "minOccurs" : 0,
    "maxOccurs" : 1,
    "mode" : "INPUT_OUTPUT",
    "subProperties" : [ ],
    "displayName" : "tierName",
    "confidential" : false,
    "tags" : {
      "{urn:x-hp:2013:software:ccue:designer:descriptor-schema}unitDescription" : null,
      "{urn:x-hp:2013:software:ccue:designer:descriptor-schema}validatorId" : null,
      "{urn:x-hp:2013:software:ccue:designer:descriptor-schema}tabSet" : "VIEW,EDIT",
      "maxLength" : "4000"
    },
    "consumerVisible" : true,
    "displayNames" : {
      "en-US" : {
        "value" : "tierName"
      }
    },
    "descriptions" : { }
  }, {
    "name" : "userName",
    "type" : "string",
    "minOccurs" : 0,
    "maxOccurs" : 1,
    "mode" : "INPUT_OUTPUT",
    "subProperties" : [ ],
    "displayName" : "userName",
    "confidential" : false,
    "tags" : {
      "{urn:x-hp:2013:software:ccue:designer:descriptor-schema}unitDescription" : null,
      "{urn:x-hp:2013:software:ccue:designer:descriptor-schema}validatorId" : null,
      "{urn:x-hp:2013:software:ccue:designer:descriptor-schema}tabSet" : "VIEW,EDIT",
      "maxLength" : "4000"
    },
    "consumerVisible" : true,
    "displayNames" : {
      "en-US" : {
        "value" : "userName"
      }
    },
    "descriptions" : { }
  }, {
    "name" : "switchName",
    "type" : "string",
    "minOccurs" : 0,
    "maxOccurs" : 1,
    "mode" : "INPUT_OUTPUT",
    "defaultValue" : {
      "value" : "",
      "type" : "string"
    },
    "subProperties" : [ ],
    "displayName" : "switchName",
    "confidential" : false,
    "tags" : {
      "{urn:x-hp:2013:software:ccue:designer:descriptor-schema}unitDescription" : null,
      "{urn:x-hp:2013:software:ccue:designer:descriptor-schema}validatorId" : null,
      "{urn:x-hp:2013:software:ccue:designer:descriptor-schema}tabSet" : "VIEW,EDIT",
      "maxLength" : "4000"
    },
    "consumerVisible" : true,
    "displayNames" : {
      "en-US" : {
        "value" : "switchName"
      }
    },
    "descriptions" : { }
  } ],
  "displayName" : "NSX Distributed Logical Switch",
  "capabilities" : [ ],
  "characteristics" : [ ],
  "tagIds" : [ "8a50cd785181dcf101518a2fbd3a54ef" ],
  "revision" : 23,
  "resourceType" : "OO_COMPONENT",
  "tags" : {
    "designer.name.uri" : "urn:x-hp:2013:software:ccue:designer:topology-metamodel:oo",
    "origin" : "embraced",
    "designer.name.localPart" : "NSX_Distributed_Logical_Switch_1649e11f_d2d4_4652_be0b_ed5dd9f64243_a8eb0ce8c2c6417f870078bb605ad588__VERSION__1.0",
    "iconUrl" : "/csa/images/library/software_component.png"
  },
  "final" : false,
  "displayNames" : {
    "en-US" : {
      "value" : "NSX Distributed Logical Switch"
    }
  },
  "descriptions" : {
    "en-US" : {
      "value" : "NSX Distributed Logical Switch"
    }
  }
}