{
  "@type" : "ComponentTemplate",
  "id" : "3e6588e2-25c9-4c28-b073-6303a9529881",
  "artifactId" : "Environment_ID_Generator_95b75716_2c65_477f_9670_8ef8b6ba1e30_e3bd610de6a448629e39e229772af014",
  "groupId" : "com.hp.csa.template",
  "version" : "1.0",
  "displayName" : "Environment ID Generator",
  "implementedTypes" : [ {
    "componentId" : {
      "artifactId" : "Environment_ID_Generator_95b75716_2c65_477f_9670_8ef8b6ba1e30_e3bd610de6a448629e39e229772af014",
      "groupId" : "com.hp.csa.type",
      "version" : "1.0"
    },
    "constraints" : { }
  } ],
  "actions" : [ {
    "actionDescriptor" : {
      "name" : "release_app_env_leg_bb00d0f8d13846b0a91864578cbe598d",
      "displayName" : "Release App Env Leg",
      "description" : "",
      "inputParameters" : [ {
        "name" : "legID",
        "displayName" : "legID",
        "required" : false,
        "confidential" : false,
        "displayNames" : {
          "en-US" : {
            "value" : "legID"
          }
        },
        "descriptions" : { },
        "type" : "string"
      } ],
      "outputParameters" : [ ],
      "lifecycleAction" : "Undeploy",
      "final" : false,
      "displayNames" : {
        "en-US" : {
          "value" : "Release App Env Leg"
        }
      },
      "visible" : true,
      "descriptions" : {
        "en-US" : {
          "value" : ""
        }
      }
    },
    "processEngineDescriptors" : [ {
      "processEngineId" : "HP_OO",
      "mapping" : {
        "input" : {
          "legID" : "@PROPERTY:legID"
        },
        "output" : { }
      },
      "executableId" : "6e5d7821-818f-42c0-b117-317b0bb12767"
    } ]
  }, {
    "actionDescriptor" : {
      "name" : "reserve_app_env_leg_9866def4c7f84817b92415ad2791154b",
      "displayName" : "Reserve App Env Leg",
      "description" : "",
      "inputParameters" : [ ],
      "outputParameters" : [ {
        "name" : "legID",
        "displayName" : "legID",
        "required" : false,
        "confidential" : false,
        "displayNames" : {
          "en-US" : {
            "value" : "legID"
          }
        },
        "descriptions" : { },
        "type" : "string"
      } ],
      "lifecycleAction" : "Deploy",
      "final" : false,
      "displayNames" : {
        "en-US" : {
          "value" : "Reserve App Env Leg"
        }
      },
      "visible" : true,
      "descriptions" : {
        "en-US" : {
          "value" : ""
        }
      }
    },
    "processEngineDescriptors" : [ {
      "processEngineId" : "HP_OO",
      "mapping" : {
        "input" : { },
        "output" : {
          "legID" : "@PROPERTY:legID"
        }
      },
      "executableId" : "bdb66ca3-55a2-4c9b-8c17-c8055274f690"
    } ]
  } ],
  "relations" : [ ],
  "properties" : [ ],
  "revision" : 12,
  "displayNames" : {
    "en-US" : {
      "value" : "Environment ID Generator"
    }
  },
  "descriptions" : { }
}