{
  "@type" : "ComponentType",
  "id" : "f99b8eb9-fa73-48ec-8fed-7f018053c0a4",
  "groupId" : "com.hp.csa.type",
  "artifactId" : "NSX_Patch_Cable___Edge_Gateway_to_Switch_b767a6d0_2a7d_4355_b922_9ba8549df5ca_1d87fe69323d4634b0cd2149f29978d2",
  "version" : "1.0",
  "abstract" : false,
  "capability" : false,
  "actions" : [ {
    "name" : "update_nsx_edge_services_gateway_config___connect_vnic_890785dcc8f44d73be217a2f86a29f09",
    "displayName" : "Update NSX Edge Services Gateway Config - Connect vNIC",
    "description" : "",
    "inputParameters" : [ {
      "name" : "connectedTo",
      "displayName" : "connectedTo",
      "required" : false,
      "confidential" : false,
      "displayNames" : {
        "en-US" : {
          "value" : "connectedTo"
        }
      },
      "descriptions" : { },
      "type" : "string"
    }, {
      "name" : "esgName",
      "displayName" : "esgName",
      "required" : false,
      "confidential" : false,
      "displayNames" : {
        "en-US" : {
          "value" : "esgName"
        }
      },
      "descriptions" : { },
      "type" : "string"
    }, {
      "name" : "legId",
      "displayName" : "legId",
      "required" : false,
      "confidential" : false,
      "displayNames" : {
        "en-US" : {
          "value" : "legId"
        }
      },
      "descriptions" : { },
      "type" : "string"
    }, {
      "name" : "primaryIpAddress",
      "displayName" : "primaryIpAddress",
      "required" : false,
      "confidential" : false,
      "displayNames" : {
        "en-US" : {
          "value" : "primaryIpAddress"
        }
      },
      "descriptions" : { },
      "type" : "string"
    }, {
      "name" : "subnetPrefixLength",
      "displayName" : "subnetPrefixLength",
      "required" : false,
      "confidential" : false,
      "displayNames" : {
        "en-US" : {
          "value" : "subnetPrefixLength"
        }
      },
      "descriptions" : { },
      "type" : "string"
    }, {
      "name" : "type",
      "displayName" : "type",
      "required" : false,
      "confidential" : false,
      "displayNames" : {
        "en-US" : {
          "value" : "type"
        }
      },
      "descriptions" : { },
      "type" : "string"
    }, {
      "name" : "vNicName",
      "displayName" : "vNicName",
      "required" : false,
      "confidential" : false,
      "displayNames" : {
        "en-US" : {
          "value" : "vNicName"
        }
      },
      "descriptions" : { },
      "type" : "string"
    } ],
    "outputParameters" : [ ],
    "lifecycleAction" : "Deploy",
    "final" : false,
    "displayNames" : {
      "en-US" : {
        "value" : "Update NSX Edge Services Gateway Config - Connect vNIC"
      }
    },
    "visible" : true,
    "descriptions" : {
      "en-US" : {
        "value" : ""
      }
    }
  }, {
    "name" : "update_nsx_edge_services_gateway_config___disconnect_vnic_e3bb662dae334e5b9370147f98cb5080",
    "displayName" : "Update NSX Edge Services Gateway Config - Disconnect vNIC",
    "description" : "",
    "inputParameters" : [ {
      "name" : "esgName",
      "displayName" : "esgName",
      "required" : false,
      "confidential" : false,
      "displayNames" : {
        "en-US" : {
          "value" : "esgName"
        }
      },
      "descriptions" : { },
      "type" : "string"
    }, {
      "name" : "legId",
      "displayName" : "legId",
      "required" : false,
      "confidential" : false,
      "displayNames" : {
        "en-US" : {
          "value" : "legId"
        }
      },
      "descriptions" : { },
      "type" : "string"
    } ],
    "outputParameters" : [ ],
    "lifecycleAction" : "Undeploy",
    "final" : false,
    "displayNames" : {
      "en-US" : {
        "value" : "Update NSX Edge Services Gateway Config - Disconnect vNIC"
      }
    },
    "visible" : true,
    "descriptions" : {
      "en-US" : {
        "value" : ""
      }
    }
  } ],
  "relations" : [ {
    "name" : "connectsTo_NSX_Patch_Cable___Edge_Gateway_to_Switch_b767a6d0_2a7d_4355_b922_9ba8549df5ca_1d87fe69323d4634b0cd2149f29978d2__VERSION__1^0",
    "relationType" : "association",
    "targetType" : {
      "componentId" : {
        "artifactId" : "NSX_Distributed_Logical_Switch_1649e11f_d2d4_4652_be0b_ed5dd9f64243_a8eb0ce8c2c6417f870078bb605ad588",
        "groupId" : "com.hp.csa.type",
        "version" : "1.0"
      },
      "constraints" : { }
    },
    "minOccursOnTarget" : 0,
    "maxOccursOnTarget" : 256,
    "minOccursOnSource" : 0,
    "maxOccursOnSource" : 256,
    "properties" : [ ],
    "displayName" : "connectsTo",
    "displayNames" : {
      "en-US" : {
        "value" : "connectsTo"
      }
    },
    "descriptions" : { }
  }, {
    "name" : "getsIPfrom_NSX_Patch_Cable___Edge_Gateway_to_Switch_b767a6d0_2a7d_4355_b922_9ba8549df5ca_1d87fe69323d4634b0cd2149f29978d2__VERSION__1^0",
    "relationType" : "association",
    "targetType" : {
      "componentId" : {
        "artifactId" : "IPGenerator2.0_7a591812b09a4ef1b23af489499e0dd9",
        "groupId" : "com.hp.csa.type",
        "version" : "1.0"
      },
      "constraints" : { }
    },
    "minOccursOnTarget" : 0,
    "maxOccursOnTarget" : 256,
    "minOccursOnSource" : 0,
    "maxOccursOnSource" : 256,
    "properties" : [ ],
    "displayName" : "getsIPfrom",
    "displayNames" : {
      "en-US" : {
        "value" : "getsIPfrom"
      }
    },
    "descriptions" : { }
  } ],
  "properties" : [ {
    "name" : "connectedTo",
    "type" : "string",
    "minOccurs" : 0,
    "maxOccurs" : 1,
    "mode" : "INPUT_OUTPUT",
    "defaultValue" : {
      "value" : "",
      "type" : "string"
    },
    "subProperties" : [ ],
    "displayName" : "connectedTo",
    "confidential" : false,
    "tags" : {
      "{urn:x-hp:2013:software:ccue:designer:descriptor-schema}unitDescription" : null,
      "{urn:x-hp:2013:software:ccue:designer:descriptor-schema}validatorId" : null,
      "{urn:x-hp:2013:software:ccue:designer:descriptor-schema}tabSet" : "VIEW,EDIT",
      "maxLength" : "4000"
    },
    "consumerVisible" : true,
    "displayNames" : {
      "en-US" : {
        "value" : "connectedTo"
      }
    },
    "descriptions" : { }
  }, {
    "name" : "esgName",
    "type" : "string",
    "minOccurs" : 0,
    "maxOccurs" : 1,
    "mode" : "INPUT_OUTPUT",
    "defaultValue" : {
      "value" : "esg-dcTeam-1",
      "type" : "string"
    },
    "subProperties" : [ ],
    "displayName" : "esgName",
    "confidential" : false,
    "tags" : {
      "{urn:x-hp:2013:software:ccue:designer:descriptor-schema}unitDescription" : null,
      "{urn:x-hp:2013:software:ccue:designer:descriptor-schema}validatorId" : null,
      "{urn:x-hp:2013:software:ccue:designer:descriptor-schema}tabSet" : "VIEW,EDIT",
      "maxLength" : "4000"
    },
    "consumerVisible" : true,
    "displayNames" : {
      "en-US" : {
        "value" : "esgName"
      }
    },
    "descriptions" : { }
  }, {
    "name" : "legId",
    "type" : "string",
    "minOccurs" : 0,
    "maxOccurs" : 1,
    "mode" : "INPUT_OUTPUT",
    "defaultValue" : {
      "value" : "1",
      "type" : "string"
    },
    "subProperties" : [ ],
    "displayName" : "legId",
    "confidential" : false,
    "tags" : {
      "{urn:x-hp:2013:software:ccue:designer:descriptor-schema}unitDescription" : null,
      "{urn:x-hp:2013:software:ccue:designer:descriptor-schema}validatorId" : null,
      "{urn:x-hp:2013:software:ccue:designer:descriptor-schema}tabSet" : "VIEW,EDIT",
      "maxLength" : "4000"
    },
    "consumerVisible" : true,
    "displayNames" : {
      "en-US" : {
        "value" : "legId"
      }
    },
    "descriptions" : { }
  }, {
    "name" : "primaryIpAddress",
    "type" : "string",
    "minOccurs" : 0,
    "maxOccurs" : 1,
    "mode" : "INPUT_OUTPUT",
    "defaultValue" : {
      "value" : "",
      "type" : "string"
    },
    "subProperties" : [ ],
    "displayName" : "primaryIpAddress",
    "confidential" : false,
    "tags" : {
      "{urn:x-hp:2013:software:ccue:designer:descriptor-schema}unitDescription" : null,
      "{urn:x-hp:2013:software:ccue:designer:descriptor-schema}validatorId" : null,
      "{urn:x-hp:2013:software:ccue:designer:descriptor-schema}tabSet" : "VIEW,EDIT",
      "maxLength" : "4000"
    },
    "consumerVisible" : true,
    "displayNames" : {
      "en-US" : {
        "value" : "primaryIpAddress"
      }
    },
    "descriptions" : { }
  }, {
    "name" : "subnetPrefixLength",
    "type" : "string",
    "minOccurs" : 0,
    "maxOccurs" : 1,
    "mode" : "INPUT_OUTPUT",
    "defaultValue" : {
      "value" : "24",
      "type" : "string"
    },
    "subProperties" : [ ],
    "displayName" : "subnetPrefixLength",
    "confidential" : false,
    "tags" : {
      "{urn:x-hp:2013:software:ccue:designer:descriptor-schema}unitDescription" : null,
      "{urn:x-hp:2013:software:ccue:designer:descriptor-schema}validatorId" : null,
      "{urn:x-hp:2013:software:ccue:designer:descriptor-schema}tabSet" : "VIEW,EDIT",
      "maxLength" : "4000"
    },
    "consumerVisible" : true,
    "displayNames" : {
      "en-US" : {
        "value" : "subnetPrefixLength"
      }
    },
    "descriptions" : { }
  }, {
    "name" : "type",
    "type" : "string",
    "minOccurs" : 0,
    "maxOccurs" : 1,
    "mode" : "INPUT_OUTPUT",
    "defaultValue" : {
      "value" : "internal",
      "type" : "string"
    },
    "subProperties" : [ ],
    "displayName" : "type",
    "confidential" : false,
    "tags" : {
      "{urn:x-hp:2013:software:ccue:designer:descriptor-schema}unitDescription" : null,
      "{urn:x-hp:2013:software:ccue:designer:descriptor-schema}validatorId" : null,
      "{urn:x-hp:2013:software:ccue:designer:descriptor-schema}tabSet" : "VIEW,EDIT",
      "maxLength" : "4000"
    },
    "consumerVisible" : true,
    "displayNames" : {
      "en-US" : {
        "value" : "type"
      }
    },
    "descriptions" : { }
  }, {
    "name" : "vNicName",
    "type" : "string",
    "minOccurs" : 0,
    "maxOccurs" : 1,
    "mode" : "INPUT_OUTPUT",
    "defaultValue" : {
      "value" : "Transit Side Leg <id>",
      "type" : "string"
    },
    "subProperties" : [ ],
    "displayName" : "vNicName",
    "confidential" : false,
    "tags" : {
      "{urn:x-hp:2013:software:ccue:designer:descriptor-schema}unitDescription" : null,
      "{urn:x-hp:2013:software:ccue:designer:descriptor-schema}validatorId" : null,
      "{urn:x-hp:2013:software:ccue:designer:descriptor-schema}tabSet" : "VIEW,EDIT",
      "maxLength" : "4000"
    },
    "consumerVisible" : true,
    "displayNames" : {
      "en-US" : {
        "value" : "vNicName"
      }
    },
    "descriptions" : { }
  } ],
  "displayName" : "NSX Patch Cable - Edge Gateway to Switch",
  "capabilities" : [ ],
  "characteristics" : [ ],
  "tagIds" : [ "8a50cd785181dcf101518a2fbd3a54ef" ],
  "revision" : 24,
  "resourceType" : "OO_COMPONENT",
  "tags" : {
    "designer.name.uri" : "urn:x-hp:2013:software:ccue:designer:topology-metamodel:oo",
    "origin" : "embraced",
    "designer.name.localPart" : "NSX_Patch_Cable___Edge_Gateway_to_Switch_b767a6d0_2a7d_4355_b922_9ba8549df5ca_1d87fe69323d4634b0cd2149f29978d2__VERSION__1.0",
    "iconUrl" : "/csa/images/library/software_component.png"
  },
  "final" : false,
  "displayNames" : {
    "en-US" : {
      "value" : "NSX Patch Cable - Edge Gateway to Switch"
    }
  },
  "descriptions" : { }
}