{
  "@type" : "ComponentType",
  "id" : "f19c72e1-8582-4ee3-aec9-8d4e0a195b53",
  "groupId" : "com.hp.csa.type",
  "artifactId" : "NSX_Patch_Router_Interface_65c238ad_c7ad_4adf_98eb_8e3e769f2f3c_4b04a625a0ca40e59e8628ed0ba7d762",
  "version" : "1.0",
  "abstract" : false,
  "capability" : false,
  "actions" : [ {
    "name" : "update_nsx_distributed_logical_router___patch_interface_to_switch_04c0aa2a52f545468e779b7a05c5ddaf",
    "displayName" : "Update NSX Distributed Logical Router - Patch Interface to Switch",
    "description" : "",
    "inputParameters" : [ {
      "name" : "connectedTo",
      "displayName" : "connectedTo",
      "required" : false,
      "confidential" : false,
      "displayNames" : {
        "en-US" : {
          "value" : "connectedTo"
        }
      },
      "descriptions" : { },
      "type" : "string"
    }, {
      "name" : "edgeId",
      "displayName" : "edgeId",
      "required" : false,
      "confidential" : false,
      "displayNames" : {
        "en-US" : {
          "value" : "edgeId"
        }
      },
      "descriptions" : { },
      "type" : "string"
    }, {
      "name" : "interfaceName",
      "displayName" : "interfaceName",
      "required" : false,
      "confidential" : false,
      "displayNames" : {
        "en-US" : {
          "value" : "interfaceName"
        }
      },
      "descriptions" : { },
      "type" : "string"
    }, {
      "name" : "ipAddress",
      "displayName" : "ipAddress",
      "required" : false,
      "confidential" : false,
      "displayNames" : {
        "en-US" : {
          "value" : "ipAddress"
        }
      },
      "descriptions" : { },
      "type" : "string"
    }, {
      "name" : "subnetMask",
      "displayName" : "subnetMask",
      "required" : false,
      "confidential" : false,
      "displayNames" : {
        "en-US" : {
          "value" : "subnetMask"
        }
      },
      "descriptions" : { },
      "type" : "string"
    }, {
      "name" : "type",
      "displayName" : "type",
      "required" : false,
      "confidential" : false,
      "displayNames" : {
        "en-US" : {
          "value" : "type"
        }
      },
      "descriptions" : { },
      "type" : "string"
    } ],
    "outputParameters" : [ {
      "name" : "interfaceIndex",
      "displayName" : "interfaceIndex",
      "required" : false,
      "confidential" : false,
      "displayNames" : {
        "en-US" : {
          "value" : "interfaceIndex"
        }
      },
      "descriptions" : { },
      "type" : "string"
    } ],
    "lifecycleAction" : "Deploy",
    "final" : false,
    "displayNames" : {
      "en-US" : {
        "value" : "Update NSX Distributed Logical Router - Patch Interface to Switch"
      }
    },
    "visible" : true,
    "descriptions" : {
      "en-US" : {
        "value" : ""
      }
    }
  }, {
    "name" : "update_nsx_distributed_logical_router___remove_interface_8f8358ea990d45159adf4df15c903b52",
    "displayName" : "Update NSX Distributed Logical Router - Remove Interface",
    "description" : "",
    "inputParameters" : [ {
      "name" : "edgeId",
      "displayName" : "edgeId",
      "required" : false,
      "confidential" : false,
      "displayNames" : {
        "en-US" : {
          "value" : "edgeId"
        }
      },
      "descriptions" : { },
      "type" : "string"
    }, {
      "name" : "interfaceIndex",
      "displayName" : "interfaceIndex",
      "required" : false,
      "confidential" : false,
      "displayNames" : {
        "en-US" : {
          "value" : "interfaceIndex"
        }
      },
      "descriptions" : { },
      "type" : "string"
    } ],
    "outputParameters" : [ ],
    "lifecycleAction" : "Undeploy",
    "final" : false,
    "displayNames" : {
      "en-US" : {
        "value" : "Update NSX Distributed Logical Router - Remove Interface"
      }
    },
    "visible" : true,
    "descriptions" : {
      "en-US" : {
        "value" : ""
      }
    }
  } ],
  "relations" : [ {
    "name" : "connectsTo_NSX_Patch_Router_Interface_65c238ad_c7ad_4adf_98eb_8e3e769f2f3c_4b04a625a0ca40e59e8628ed0ba7d762__VERSION__1^0",
    "relationType" : "association",
    "targetType" : {
      "componentId" : {
        "artifactId" : "NSX_Distributed_Logical_Switch_1649e11f_d2d4_4652_be0b_ed5dd9f64243_a8eb0ce8c2c6417f870078bb605ad588",
        "groupId" : "com.hp.csa.type",
        "version" : "1.0"
      },
      "constraints" : { }
    },
    "minOccursOnTarget" : 0,
    "maxOccursOnTarget" : 256,
    "minOccursOnSource" : 0,
    "maxOccursOnSource" : 256,
    "properties" : [ ],
    "displayName" : "connectsTo",
    "displayNames" : {
      "en-US" : {
        "value" : "connectsTo"
      }
    },
    "descriptions" : { }
  }, {
    "name" : "enablesInterface_NSX_Patch_Router_Interface_65c238ad_c7ad_4adf_98eb_8e3e769f2f3c_4b04a625a0ca40e59e8628ed0ba7d762__VERSION__1^0",
    "relationType" : "association",
    "targetType" : {
      "componentId" : {
        "artifactId" : "NSX_Distribute_Logical_Router_f9284bdf_f8f5_448f_95f8_04201d27c1a5_b0a35da09e0641b5ae5a3e6a4036dc19",
        "groupId" : "com.hp.csa.type",
        "version" : "1.0"
      },
      "constraints" : { }
    },
    "minOccursOnTarget" : 0,
    "maxOccursOnTarget" : 256,
    "minOccursOnSource" : 0,
    "maxOccursOnSource" : 256,
    "properties" : [ ],
    "displayName" : "enablesInterface",
    "displayNames" : {
      "en-US" : {
        "value" : "enablesInterface"
      }
    },
    "descriptions" : { }
  }, {
    "name" : "getsIpFrom_NSX_Patch_Router_Interface_65c238ad_c7ad_4adf_98eb_8e3e769f2f3c_4b04a625a0ca40e59e8628ed0ba7d762__VERSION__1^0",
    "relationType" : "association",
    "targetType" : {
      "componentId" : {
        "artifactId" : "IP_Generator_40a15951_f70e_4015_bda5_e520fa628ca8_768357d8afc746fbb0e6ed3c79918487",
        "groupId" : "com.hp.csa.type",
        "version" : "1.0"
      },
      "constraints" : { }
    },
    "minOccursOnTarget" : 0,
    "maxOccursOnTarget" : 256,
    "minOccursOnSource" : 0,
    "maxOccursOnSource" : 256,
    "properties" : [ ],
    "displayName" : "getsIpFrom",
    "displayNames" : {
      "en-US" : {
        "value" : "getsIpFrom"
      }
    },
    "descriptions" : { }
  } ],
  "properties" : [ {
    "name" : "connectedTo",
    "type" : "string",
    "minOccurs" : 0,
    "maxOccurs" : 1,
    "mode" : "INPUT_OUTPUT",
    "subProperties" : [ ],
    "displayName" : "connectedTo",
    "confidential" : false,
    "tags" : {
      "{urn:x-hp:2013:software:ccue:designer:descriptor-schema}unitDescription" : null,
      "{urn:x-hp:2013:software:ccue:designer:descriptor-schema}validatorId" : null,
      "{urn:x-hp:2013:software:ccue:designer:descriptor-schema}tabSet" : "VIEW,EDIT",
      "maxLength" : "4000"
    },
    "consumerVisible" : true,
    "displayNames" : {
      "en-US" : {
        "value" : "connectedTo"
      }
    },
    "descriptions" : { }
  }, {
    "name" : "edgeId",
    "type" : "string",
    "minOccurs" : 0,
    "maxOccurs" : 1,
    "mode" : "INPUT_OUTPUT",
    "subProperties" : [ ],
    "displayName" : "edgeId",
    "confidential" : false,
    "tags" : {
      "{urn:x-hp:2013:software:ccue:designer:descriptor-schema}unitDescription" : null,
      "{urn:x-hp:2013:software:ccue:designer:descriptor-schema}validatorId" : null,
      "{urn:x-hp:2013:software:ccue:designer:descriptor-schema}tabSet" : "VIEW,EDIT",
      "maxLength" : "4000"
    },
    "consumerVisible" : true,
    "displayNames" : {
      "en-US" : {
        "value" : "edgeId"
      }
    },
    "descriptions" : { }
  }, {
    "name" : "interfaceIndex",
    "type" : "string",
    "minOccurs" : 0,
    "maxOccurs" : 1,
    "mode" : "INPUT_OUTPUT",
    "subProperties" : [ ],
    "displayName" : "interfaceIndex",
    "confidential" : false,
    "tags" : {
      "{urn:x-hp:2013:software:ccue:designer:descriptor-schema}unitDescription" : null,
      "{urn:x-hp:2013:software:ccue:designer:descriptor-schema}validatorId" : null,
      "{urn:x-hp:2013:software:ccue:designer:descriptor-schema}computed" : "true",
      "{urn:x-hp:2013:software:ccue:designer:descriptor-schema}hidden" : "true",
      "{urn:x-hp:2013:software:ccue:designer:descriptor-schema}tabSet" : "VIEW,EDIT",
      "maxLength" : "4000"
    },
    "consumerVisible" : true,
    "displayNames" : {
      "en-US" : {
        "value" : "interfaceIndex"
      }
    },
    "descriptions" : { }
  }, {
    "name" : "interfaceName",
    "type" : "string",
    "minOccurs" : 0,
    "maxOccurs" : 1,
    "mode" : "INPUT_OUTPUT",
    "subProperties" : [ ],
    "displayName" : "interfaceName",
    "confidential" : false,
    "tags" : {
      "{urn:x-hp:2013:software:ccue:designer:descriptor-schema}unitDescription" : null,
      "{urn:x-hp:2013:software:ccue:designer:descriptor-schema}validatorId" : null,
      "{urn:x-hp:2013:software:ccue:designer:descriptor-schema}tabSet" : "VIEW,EDIT",
      "maxLength" : "4000"
    },
    "consumerVisible" : true,
    "displayNames" : {
      "en-US" : {
        "value" : "interfaceName"
      }
    },
    "descriptions" : { }
  }, {
    "name" : "ipAddress",
    "type" : "string",
    "minOccurs" : 0,
    "maxOccurs" : 1,
    "mode" : "INPUT_OUTPUT",
    "subProperties" : [ ],
    "displayName" : "ipAddress",
    "confidential" : false,
    "tags" : {
      "{urn:x-hp:2013:software:ccue:designer:descriptor-schema}unitDescription" : null,
      "{urn:x-hp:2013:software:ccue:designer:descriptor-schema}validatorId" : null,
      "{urn:x-hp:2013:software:ccue:designer:descriptor-schema}tabSet" : "VIEW,EDIT",
      "maxLength" : "4000"
    },
    "consumerVisible" : true,
    "displayNames" : {
      "en-US" : {
        "value" : "ipAddress"
      }
    },
    "descriptions" : { }
  }, {
    "name" : "subnetMask",
    "type" : "string",
    "minOccurs" : 0,
    "maxOccurs" : 1,
    "mode" : "INPUT_OUTPUT",
    "defaultValue" : {
      "value" : "255.255.255.0",
      "type" : "string"
    },
    "subProperties" : [ ],
    "displayName" : "subnetMask",
    "confidential" : false,
    "tags" : {
      "{urn:x-hp:2013:software:ccue:designer:descriptor-schema}unitDescription" : null,
      "{urn:x-hp:2013:software:ccue:designer:descriptor-schema}validatorId" : null,
      "{urn:x-hp:2013:software:ccue:designer:descriptor-schema}tabSet" : "VIEW,EDIT",
      "maxLength" : "4000"
    },
    "consumerVisible" : true,
    "displayNames" : {
      "en-US" : {
        "value" : "subnetMask"
      }
    },
    "descriptions" : { }
  }, {
    "name" : "type",
    "type" : "string",
    "minOccurs" : 0,
    "maxOccurs" : 1,
    "mode" : "INPUT_OUTPUT",
    "subProperties" : [ ],
    "displayName" : "type",
    "confidential" : false,
    "tags" : {
      "{urn:x-hp:2013:software:ccue:designer:descriptor-schema}unitDescription" : null,
      "{urn:x-hp:2013:software:ccue:designer:descriptor-schema}validatorId" : null,
      "{urn:x-hp:2013:software:ccue:designer:descriptor-schema}tabSet" : "VIEW,EDIT",
      "maxLength" : "4000"
    },
    "consumerVisible" : true,
    "displayNames" : {
      "en-US" : {
        "value" : "type"
      }
    },
    "descriptions" : { }
  } ],
  "displayName" : "NSX Patch Cable - Router to Switch",
  "capabilities" : [ ],
  "characteristics" : [ ],
  "tagIds" : [ "8a50cd785181dcf101518a2fbd3a54ef" ],
  "revision" : 19,
  "resourceType" : "OO_COMPONENT",
  "tags" : {
    "designer.name.uri" : "urn:x-hp:2013:software:ccue:designer:topology-metamodel:oo",
    "origin" : "embraced",
    "designer.name.localPart" : "NSX_Patch_Router_Interface_65c238ad_c7ad_4adf_98eb_8e3e769f2f3c_4b04a625a0ca40e59e8628ed0ba7d762__VERSION__1.0",
    "iconUrl" : "/csa/images/library/software_component.png"
  },
  "final" : false,
  "displayNames" : {
    "en-US" : {
      "value" : "NSX Patch Cable - Router to Switch"
    }
  },
  "descriptions" : { }
}