{
  "@type" : "ComponentType",
  "id" : "3ff239f3-b95a-40ac-af68-0ef314e3d6c8",
  "groupId" : "com.hp.csa.type",
  "artifactId" : "Environment_ID_Generator_95b75716_2c65_477f_9670_8ef8b6ba1e30_e3bd610de6a448629e39e229772af014",
  "version" : "1.0",
  "abstract" : false,
  "capability" : false,
  "actions" : [ {
    "name" : "release_app_env_leg_bb00d0f8d13846b0a91864578cbe598d",
    "displayName" : "Release App Env Leg",
    "description" : "",
    "inputParameters" : [ {
      "name" : "legID",
      "displayName" : "legID",
      "required" : false,
      "confidential" : false,
      "displayNames" : {
        "en-US" : {
          "value" : "legID"
        }
      },
      "descriptions" : { },
      "type" : "string"
    } ],
    "outputParameters" : [ ],
    "lifecycleAction" : "Undeploy",
    "final" : false,
    "displayNames" : {
      "en-US" : {
        "value" : "Release App Env Leg"
      }
    },
    "visible" : true,
    "descriptions" : {
      "en-US" : {
        "value" : ""
      }
    }
  }, {
    "name" : "reserve_app_env_leg_9866def4c7f84817b92415ad2791154b",
    "displayName" : "Reserve App Env Leg",
    "description" : "",
    "inputParameters" : [ ],
    "outputParameters" : [ {
      "name" : "legID",
      "displayName" : "legID",
      "required" : false,
      "confidential" : false,
      "displayNames" : {
        "en-US" : {
          "value" : "legID"
        }
      },
      "descriptions" : { },
      "type" : "string"
    } ],
    "lifecycleAction" : "Deploy",
    "final" : false,
    "displayNames" : {
      "en-US" : {
        "value" : "Reserve App Env Leg"
      }
    },
    "visible" : true,
    "descriptions" : {
      "en-US" : {
        "value" : ""
      }
    }
  } ],
  "relations" : [ ],
  "properties" : [ {
    "name" : "legID",
    "type" : "string",
    "minOccurs" : 0,
    "maxOccurs" : 1,
    "mode" : "INPUT_OUTPUT",
    "subProperties" : [ ],
    "displayName" : "legID",
    "confidential" : false,
    "tags" : {
      "{urn:x-hp:2013:software:ccue:designer:descriptor-schema}unitDescription" : null,
      "{urn:x-hp:2013:software:ccue:designer:descriptor-schema}validatorId" : null,
      "{urn:x-hp:2013:software:ccue:designer:descriptor-schema}tabSet" : "VIEW,EDIT",
      "maxLength" : "4000"
    },
    "consumerVisible" : true,
    "displayNames" : {
      "en-US" : {
        "value" : "legID"
      }
    },
    "descriptions" : { }
  } ],
  "displayName" : "Environment ID Generator",
  "capabilities" : [ ],
  "characteristics" : [ ],
  "tagIds" : [ "8a50cd785181dcf101518a2fbd3a54ef" ],
  "revision" : 12,
  "resourceType" : "OO_COMPONENT",
  "tags" : {
    "designer.name.uri" : "urn:x-hp:2013:software:ccue:designer:topology-metamodel:oo",
    "origin" : "embraced",
    "designer.name.localPart" : "Environment_ID_Generator_95b75716_2c65_477f_9670_8ef8b6ba1e30_e3bd610de6a448629e39e229772af014__VERSION__1.0",
    "iconUrl" : "/csa/images/library/software_component.png"
  },
  "final" : false,
  "displayNames" : {
    "en-US" : {
      "value" : "Environment ID Generator"
    }
  },
  "descriptions" : { }
}