{
  "@type" : "ComponentTemplate",
  "id" : "be4c449e-9380-47d8-9786-7ecde2d70254",
  "artifactId" : "NSX_Distribute_Logical_Router_f9284bdf_f8f5_448f_95f8_04201d27c1a5_b0a35da09e0641b5ae5a3e6a4036dc19",
  "groupId" : "com.hp.csa.template",
  "version" : "1.0",
  "displayName" : "NSX Distribute Logical Router",
  "description" : "NSX Distribute Logical Router",
  "implementedTypes" : [ {
    "componentId" : {
      "artifactId" : "NSX_Distribute_Logical_Router_f9284bdf_f8f5_448f_95f8_04201d27c1a5_b0a35da09e0641b5ae5a3e6a4036dc19",
      "groupId" : "com.hp.csa.type",
      "version" : "1.0"
    },
    "constraints" : { }
  } ],
  "actions" : [ {
    "actionDescriptor" : {
      "name" : "deploy",
      "displayName" : "Create NSX Distributed Logical Router without Interfaces",
      "description" : "",
      "inputParameters" : [ {
        "name" : "appName",
        "displayName" : "appName",
        "required" : false,
        "confidential" : false,
        "displayNames" : {
          "en-US" : {
            "value" : "appName"
          }
        },
        "descriptions" : { },
        "type" : "string"
      }, {
        "name" : "userName",
        "displayName" : "userName",
        "required" : false,
        "confidential" : false,
        "displayNames" : {
          "en-US" : {
            "value" : "userName"
          }
        },
        "descriptions" : { },
        "type" : "string"
      } ],
      "outputParameters" : [ {
        "name" : "dlrId",
        "displayName" : "dlrId",
        "required" : false,
        "confidential" : false,
        "displayNames" : {
          "en-US" : {
            "value" : "dlrId"
          }
        },
        "descriptions" : { },
        "type" : "string"
      }, {
        "name" : "dlrName",
        "displayName" : "dlrName",
        "required" : false,
        "confidential" : false,
        "displayNames" : {
          "en-US" : {
            "value" : "dlrName"
          }
        },
        "descriptions" : { },
        "type" : "string"
      } ],
      "lifecycleAction" : "Deploy",
      "final" : false,
      "displayNames" : {
        "en-US" : {
          "value" : "Create NSX Distributed Logical Router without Interfaces"
        }
      },
      "visible" : false,
      "descriptions" : {
        "en-US" : {
          "value" : ""
        }
      }
    },
    "processEngineDescriptors" : [ {
      "processEngineId" : "HP_OO",
      "mapping" : {
        "input" : {
          "appName" : "@PROPERTY:appName",
          "userName" : "@PROPERTY:userName"
        },
        "output" : {
          "dlrName" : "@PROPERTY:dlrName",
          "dlrId" : "@PROPERTY:dlrId"
        }
      },
      "executableId" : "f23b424e-0d0d-4d1a-8243-e89163376113"
    } ]
  }, {
    "actionDescriptor" : {
      "name" : "undeploy",
      "displayName" : "Delete NSX Distributed Logical Router",
      "description" : "",
      "inputParameters" : [ {
        "name" : "dlrName",
        "displayName" : "dlrName",
        "required" : false,
        "confidential" : false,
        "displayNames" : {
          "en-US" : {
            "value" : "dlrName"
          }
        },
        "descriptions" : { },
        "type" : "string"
      }, {
        "name" : "scopeId",
        "displayName" : "scopeId",
        "required" : false,
        "confidential" : false,
        "displayNames" : {
          "en-US" : {
            "value" : "scopeId"
          }
        },
        "descriptions" : { },
        "type" : "string"
      } ],
      "outputParameters" : [ ],
      "lifecycleAction" : "Undeploy",
      "final" : false,
      "displayNames" : {
        "en-US" : {
          "value" : "Delete NSX Distributed Logical Router"
        }
      },
      "visible" : false,
      "descriptions" : {
        "en-US" : {
          "value" : ""
        }
      }
    },
    "processEngineDescriptors" : [ {
      "processEngineId" : "HP_OO",
      "mapping" : {
        "input" : {
          "dlrName" : "@PROPERTY:dlrName",
          "scopeId" : "@PROPERTY:scopeId"
        },
        "output" : { }
      },
      "executableId" : "278eeff4-3dcd-43c1-8cf3-3bf7ecec9a58"
    } ]
  } ],
  "relations" : [ ],
  "properties" : [ ],
  "revision" : 25,
  "displayNames" : {
    "en-US" : {
      "value" : "NSX Distribute Logical Router"
    }
  },
  "descriptions" : {
    "en-US" : {
      "value" : "NSX Distribute Logical Router"
    }
  }
}