{
  "@type" : "ComponentType",
  "id" : "44452efe-8633-4e8e-b4a3-49fc0a80a6eb",
  "groupId" : "com.hp.csa.type",
  "artifactId" : "IP_Generator_40a15951_f70e_4015_bda5_e520fa628ca8_768357d8afc746fbb0e6ed3c79918487",
  "version" : "1.0",
  "abstract" : false,
  "capability" : false,
  "actions" : [ {
    "name" : "generate_ip_de88b46cac284ae5afc4d7947f4c0274",
    "displayName" : "Generate IP",
    "description" : "Possible values for type - esgTransit, dlrTransit, dlrTier (tier value is required), vmTier (tierId and vmLastOctet value is required)",
    "inputParameters" : [ {
      "name" : "legID",
      "displayName" : "legID",
      "required" : false,
      "confidential" : false,
      "displayNames" : {
        "en-US" : {
          "value" : "legID"
        }
      },
      "descriptions" : { },
      "type" : "string"
    }, {
      "name" : "tierId",
      "displayName" : "tierId",
      "required" : false,
      "confidential" : false,
      "displayNames" : {
        "en-US" : {
          "value" : "tierId"
        }
      },
      "descriptions" : { },
      "type" : "string"
    }, {
      "name" : "type",
      "displayName" : "type",
      "required" : false,
      "confidential" : false,
      "displayNames" : {
        "en-US" : {
          "value" : "type"
        }
      },
      "descriptions" : { },
      "type" : "string"
    }, {
      "name" : "vmLastOctet",
      "displayName" : "vmLastOctet",
      "required" : false,
      "confidential" : false,
      "displayNames" : {
        "en-US" : {
          "value" : "vmLastOctet"
        }
      },
      "descriptions" : { },
      "type" : "string"
    } ],
    "outputParameters" : [ {
      "name" : "ipAddress",
      "displayName" : "ipAddress",
      "required" : false,
      "confidential" : false,
      "displayNames" : {
        "en-US" : {
          "value" : "ipAddress"
        }
      },
      "descriptions" : { },
      "type" : "string"
    } ],
    "lifecycleAction" : "Deploy",
    "final" : false,
    "displayNames" : {
      "en-US" : {
        "value" : "Generate IP"
      }
    },
    "visible" : true,
    "descriptions" : {
      "en-US" : {
        "value" : "Possible values for type - esgTransit, dlrTransit, dlrTier (tier value is required), vmTier (tierId and vmLastOctet value is required)"
      }
    }
  } ],
  "relations" : [ {
    "name" : "getLegIdFrom_IP_Generator_40a15951_f70e_4015_bda5_e520fa628ca8_768357d8afc746fbb0e6ed3c79918487__VERSION__1^0",
    "relationType" : "association",
    "targetType" : {
      "componentId" : {
        "artifactId" : "Environment_ID_Generator_95b75716_2c65_477f_9670_8ef8b6ba1e30_e3bd610de6a448629e39e229772af014",
        "groupId" : "com.hp.csa.type",
        "version" : "1.0"
      },
      "constraints" : { }
    },
    "minOccursOnTarget" : 0,
    "maxOccursOnTarget" : 256,
    "minOccursOnSource" : 0,
    "maxOccursOnSource" : 256,
    "properties" : [ ],
    "displayName" : "getLegIdFrom",
    "displayNames" : {
      "en-US" : {
        "value" : "getLegIdFrom"
      }
    },
    "descriptions" : { }
  } ],
  "properties" : [ {
    "name" : "ipAddress",
    "type" : "string",
    "minOccurs" : 0,
    "maxOccurs" : 1,
    "mode" : "INPUT_OUTPUT",
    "subProperties" : [ ],
    "displayName" : "ipAddress",
    "confidential" : false,
    "tags" : {
      "{urn:x-hp:2013:software:ccue:designer:descriptor-schema}unitDescription" : null,
      "{urn:x-hp:2013:software:ccue:designer:descriptor-schema}validatorId" : null,
      "{urn:x-hp:2013:software:ccue:designer:descriptor-schema}computed" : "true",
      "{urn:x-hp:2013:software:ccue:designer:descriptor-schema}hidden" : "true",
      "{urn:x-hp:2013:software:ccue:designer:descriptor-schema}tabSet" : "VIEW,EDIT",
      "maxLength" : "4000"
    },
    "consumerVisible" : true,
    "displayNames" : {
      "en-US" : {
        "value" : "ipAddress"
      }
    },
    "descriptions" : { }
  }, {
    "name" : "legID",
    "type" : "string",
    "minOccurs" : 0,
    "maxOccurs" : 1,
    "mode" : "INPUT_OUTPUT",
    "subProperties" : [ ],
    "displayName" : "legID",
    "confidential" : false,
    "tags" : {
      "{urn:x-hp:2013:software:ccue:designer:descriptor-schema}unitDescription" : null,
      "{urn:x-hp:2013:software:ccue:designer:descriptor-schema}validatorId" : null,
      "{urn:x-hp:2013:software:ccue:designer:descriptor-schema}tabSet" : "VIEW,EDIT",
      "maxLength" : "4000"
    },
    "consumerVisible" : true,
    "displayNames" : {
      "en-US" : {
        "value" : "legID"
      }
    },
    "descriptions" : { }
  }, {
    "name" : "tierId",
    "type" : "string",
    "minOccurs" : 0,
    "maxOccurs" : 1,
    "mode" : "INPUT_OUTPUT",
    "subProperties" : [ ],
    "displayName" : "tierId",
    "confidential" : false,
    "tags" : {
      "{urn:x-hp:2013:software:ccue:designer:descriptor-schema}unitDescription" : null,
      "{urn:x-hp:2013:software:ccue:designer:descriptor-schema}validatorId" : null,
      "{urn:x-hp:2013:software:ccue:designer:descriptor-schema}tabSet" : "VIEW,EDIT",
      "maxLength" : "4000"
    },
    "consumerVisible" : true,
    "displayNames" : {
      "en-US" : {
        "value" : "tierId"
      }
    },
    "descriptions" : { }
  }, {
    "name" : "type",
    "type" : "string",
    "minOccurs" : 0,
    "maxOccurs" : 1,
    "mode" : "INPUT_OUTPUT",
    "subProperties" : [ ],
    "displayName" : "type",
    "confidential" : false,
    "tags" : {
      "{urn:x-hp:2013:software:ccue:designer:descriptor-schema}unitDescription" : null,
      "{urn:x-hp:2013:software:ccue:designer:descriptor-schema}validatorId" : null,
      "{urn:x-hp:2013:software:ccue:designer:descriptor-schema}tabSet" : "VIEW,EDIT",
      "maxLength" : "4000"
    },
    "consumerVisible" : true,
    "displayNames" : {
      "en-US" : {
        "value" : "type"
      }
    },
    "descriptions" : { }
  }, {
    "name" : "vmLastOctet",
    "type" : "string",
    "minOccurs" : 0,
    "maxOccurs" : 1,
    "mode" : "INPUT_OUTPUT",
    "subProperties" : [ ],
    "displayName" : "vmLastOctet",
    "confidential" : false,
    "tags" : {
      "{urn:x-hp:2013:software:ccue:designer:descriptor-schema}unitDescription" : null,
      "{urn:x-hp:2013:software:ccue:designer:descriptor-schema}validatorId" : null,
      "{urn:x-hp:2013:software:ccue:designer:descriptor-schema}tabSet" : "VIEW,EDIT",
      "maxLength" : "4000"
    },
    "consumerVisible" : true,
    "displayNames" : {
      "en-US" : {
        "value" : "vmLastOctet"
      }
    },
    "descriptions" : { }
  } ],
  "displayName" : "IP Generator",
  "capabilities" : [ ],
  "characteristics" : [ ],
  "tagIds" : [ "8a50cd785181dcf101518a2fbd3a54ef" ],
  "revision" : 9,
  "resourceType" : "OO_COMPONENT",
  "tags" : {
    "designer.name.uri" : "urn:x-hp:2013:software:ccue:designer:topology-metamodel:oo",
    "origin" : "embraced",
    "designer.name.localPart" : "IP_Generator_40a15951_f70e_4015_bda5_e520fa628ca8_768357d8afc746fbb0e6ed3c79918487__VERSION__1.0",
    "iconUrl" : "/csa/images/library/software_component.png"
  },
  "final" : false,
  "displayNames" : {
    "en-US" : {
      "value" : "IP Generator"
    }
  },
  "descriptions" : { }
}