{
  "@type" : "ComponentTemplate",
  "id" : "548d1591-ab13-430c-85d1-7532378357d0",
  "artifactId" : "IPGenerator2.0_7a591812b09a4ef1b23af489499e0dd9",
  "groupId" : "com.hp.csa.template",
  "version" : "1.0",
  "displayName" : "IP Generator 2.0",
  "implementedTypes" : [ {
    "componentId" : {
      "artifactId" : "IPGenerator2.0_7a591812b09a4ef1b23af489499e0dd9",
      "groupId" : "com.hp.csa.type",
      "version" : "1.0"
    },
    "constraints" : { }
  } ],
  "actions" : [ {
    "actionDescriptor" : {
      "name" : "generate_ip_cc15ea49ac754a8b923e9cd367eb2b51",
      "displayName" : "Generate IP",
      "description" : "Possible values for type - esgTransit, dlrTransit, dlrTier (tier value is required), vmTier (tierId and vmLastOctet value is required)",
      "inputParameters" : [ {
        "name" : "legID",
        "displayName" : "legID",
        "required" : false,
        "confidential" : false,
        "displayNames" : {
          "en-US" : {
            "value" : "legID"
          }
        },
        "descriptions" : { },
        "type" : "string"
      }, {
        "name" : "tierId",
        "displayName" : "tierId",
        "required" : false,
        "confidential" : false,
        "displayNames" : {
          "en-US" : {
            "value" : "tierId"
          }
        },
        "descriptions" : { },
        "type" : "string"
      }, {
        "name" : "type",
        "displayName" : "type",
        "required" : false,
        "confidential" : false,
        "displayNames" : {
          "en-US" : {
            "value" : "type"
          }
        },
        "descriptions" : { },
        "type" : "string"
      }, {
        "name" : "vmLastOctet",
        "displayName" : "vmLastOctet",
        "required" : false,
        "confidential" : false,
        "displayNames" : {
          "en-US" : {
            "value" : "vmLastOctet"
          }
        },
        "descriptions" : { },
        "type" : "string"
      } ],
      "outputParameters" : [ {
        "name" : "ipAddress",
        "displayName" : "ipAddress",
        "required" : false,
        "confidential" : false,
        "displayNames" : {
          "en-US" : {
            "value" : "ipAddress"
          }
        },
        "descriptions" : { },
        "type" : "string"
      }, {
        "name" : "outputLegId",
        "displayName" : "outputLegId",
        "required" : false,
        "confidential" : false,
        "displayNames" : {
          "en-US" : {
            "value" : "outputLegId"
          }
        },
        "descriptions" : { },
        "type" : "string"
      } ],
      "lifecycleAction" : "Deploy",
      "final" : false,
      "displayNames" : {
        "en-US" : {
          "value" : "Generate IP"
        }
      },
      "visible" : true,
      "descriptions" : {
        "en-US" : {
          "value" : "Possible values for type - esgTransit, dlrTransit, dlrTier (tier value is required), vmTier (tierId and vmLastOctet value is required)"
        }
      }
    },
    "processEngineDescriptors" : [ {
      "processEngineId" : "HP_OO",
      "mapping" : {
        "input" : {
          "tierId" : "@PROPERTY:tierId",
          "legID" : "@PROPERTY:getLegIdFrom_IPGenerator2^0_7a591812b09a4ef1b23af489499e0dd9__VERSION__1^0__GROUPID__com^hp^csa^type.legID",
          "vmLastOctet" : "@PROPERTY:vmLastOctet",
          "type" : "@PROPERTY:type"
        },
        "output" : {
          "outputLegId" : "@PROPERTY:outputLegId",
          "ipAddress" : "@PROPERTY:ipAddress"
        }
      },
      "executableId" : "7e982634-aae7-4c75-a923-9724b80e5490"
    } ]
  } ],
  "relations" : [ ],
  "properties" : [ ],
  "revision" : 3,
  "displayNames" : {
    "en-US" : {
      "value" : "IP Generator 2.0"
    }
  },
  "descriptions" : { }
}