{
  "@type" : "ComponentType",
  "id" : "0b3c1528-1b8e-4703-83f8-ca609416b81a",
  "groupId" : "com.hp.csa.type",
  "artifactId" : "NSX_Distribute_Logical_Router_f9284bdf_f8f5_448f_95f8_04201d27c1a5_b0a35da09e0641b5ae5a3e6a4036dc19",
  "version" : "1.0",
  "abstract" : false,
  "capability" : false,
  "description" : "NSX Distribute Logical Router",
  "actions" : [ {
    "name" : "deploy",
    "displayName" : "Create NSX Distributed Logical Router without Interfaces",
    "description" : "",
    "inputParameters" : [ {
      "name" : "appName",
      "displayName" : "appName",
      "required" : false,
      "confidential" : false,
      "displayNames" : {
        "en-US" : {
          "value" : "appName"
        }
      },
      "descriptions" : { },
      "type" : "string"
    }, {
      "name" : "userName",
      "displayName" : "userName",
      "required" : false,
      "confidential" : false,
      "displayNames" : {
        "en-US" : {
          "value" : "userName"
        }
      },
      "descriptions" : { },
      "type" : "string"
    } ],
    "outputParameters" : [ {
      "name" : "dlrId",
      "displayName" : "dlrId",
      "required" : false,
      "confidential" : false,
      "displayNames" : {
        "en-US" : {
          "value" : "dlrId"
        }
      },
      "descriptions" : { },
      "type" : "string"
    }, {
      "name" : "dlrName",
      "displayName" : "dlrName",
      "required" : false,
      "confidential" : false,
      "displayNames" : {
        "en-US" : {
          "value" : "dlrName"
        }
      },
      "descriptions" : { },
      "type" : "string"
    } ],
    "lifecycleAction" : "Deploy",
    "final" : false,
    "displayNames" : {
      "en-US" : {
        "value" : "Create NSX Distributed Logical Router without Interfaces"
      }
    },
    "visible" : false,
    "descriptions" : {
      "en-US" : {
        "value" : ""
      }
    }
  }, {
    "name" : "undeploy",
    "displayName" : "Delete NSX Distributed Logical Router",
    "description" : "",
    "inputParameters" : [ {
      "name" : "dlrName",
      "displayName" : "dlrName",
      "required" : false,
      "confidential" : false,
      "displayNames" : {
        "en-US" : {
          "value" : "dlrName"
        }
      },
      "descriptions" : { },
      "type" : "string"
    }, {
      "name" : "scopeId",
      "displayName" : "scopeId",
      "required" : false,
      "confidential" : false,
      "displayNames" : {
        "en-US" : {
          "value" : "scopeId"
        }
      },
      "descriptions" : { },
      "type" : "string"
    } ],
    "outputParameters" : [ ],
    "lifecycleAction" : "Undeploy",
    "final" : false,
    "displayNames" : {
      "en-US" : {
        "value" : "Delete NSX Distributed Logical Router"
      }
    },
    "visible" : false,
    "descriptions" : {
      "en-US" : {
        "value" : ""
      }
    }
  } ],
  "relations" : [ ],
  "properties" : [ {
    "name" : "appName",
    "type" : "string",
    "minOccurs" : 0,
    "maxOccurs" : 1,
    "mode" : "INPUT_OUTPUT",
    "defaultValue" : {
      "value" : "app",
      "type" : "string"
    },
    "subProperties" : [ ],
    "displayName" : "appName",
    "confidential" : false,
    "tags" : {
      "{urn:x-hp:2013:software:ccue:designer:descriptor-schema}unitDescription" : null,
      "{urn:x-hp:2013:software:ccue:designer:descriptor-schema}validatorId" : null,
      "{urn:x-hp:2013:software:ccue:designer:descriptor-schema}tabSet" : "VIEW,EDIT",
      "maxLength" : "4000"
    },
    "consumerVisible" : true,
    "displayNames" : {
      "en-US" : {
        "value" : "appName"
      }
    },
    "descriptions" : { }
  }, {
    "name" : "dlrId",
    "type" : "string",
    "minOccurs" : 0,
    "maxOccurs" : 1,
    "mode" : "INPUT_OUTPUT",
    "subProperties" : [ ],
    "displayName" : "dlrId",
    "confidential" : false,
    "tags" : {
      "{urn:x-hp:2013:software:ccue:designer:descriptor-schema}unitDescription" : null,
      "{urn:x-hp:2013:software:ccue:designer:descriptor-schema}validatorId" : null,
      "{urn:x-hp:2013:software:ccue:designer:descriptor-schema}computed" : "true",
      "{urn:x-hp:2013:software:ccue:designer:descriptor-schema}hidden" : "true",
      "{urn:x-hp:2013:software:ccue:designer:descriptor-schema}tabSet" : "VIEW,EDIT",
      "maxLength" : "4000"
    },
    "consumerVisible" : true,
    "displayNames" : {
      "en-US" : {
        "value" : "dlrId"
      }
    },
    "descriptions" : { }
  }, {
    "name" : "dlrName",
    "type" : "string",
    "minOccurs" : 0,
    "maxOccurs" : 1,
    "mode" : "INPUT_OUTPUT",
    "subProperties" : [ ],
    "displayName" : "dlrName",
    "confidential" : false,
    "tags" : {
      "{urn:x-hp:2013:software:ccue:designer:descriptor-schema}unitDescription" : null,
      "{urn:x-hp:2013:software:ccue:designer:descriptor-schema}validatorId" : null,
      "{urn:x-hp:2013:software:ccue:designer:descriptor-schema}computed" : "true",
      "{urn:x-hp:2013:software:ccue:designer:descriptor-schema}hidden" : "true",
      "{urn:x-hp:2013:software:ccue:designer:descriptor-schema}tabSet" : "VIEW,EDIT",
      "maxLength" : "4000"
    },
    "consumerVisible" : true,
    "displayNames" : {
      "en-US" : {
        "value" : "dlrName"
      }
    },
    "descriptions" : { }
  }, {
    "name" : "scopeId",
    "type" : "string",
    "minOccurs" : 0,
    "maxOccurs" : 1,
    "mode" : "INPUT_OUTPUT",
    "defaultValue" : {
      "value" : "vdnscope-1",
      "type" : "string"
    },
    "subProperties" : [ ],
    "displayName" : "scopeId",
    "confidential" : false,
    "tags" : {
      "{urn:x-hp:2013:software:ccue:designer:descriptor-schema}unitDescription" : null,
      "{urn:x-hp:2013:software:ccue:designer:descriptor-schema}validatorId" : null,
      "{urn:x-hp:2013:software:ccue:designer:descriptor-schema}tabSet" : "VIEW,EDIT",
      "maxLength" : "4000"
    },
    "consumerVisible" : true,
    "displayNames" : {
      "en-US" : {
        "value" : "scopeId"
      }
    },
    "descriptions" : { }
  }, {
    "name" : "userName",
    "type" : "string",
    "minOccurs" : 0,
    "maxOccurs" : 1,
    "mode" : "INPUT_OUTPUT",
    "defaultValue" : {
      "value" : "anonymous",
      "type" : "string"
    },
    "subProperties" : [ ],
    "displayName" : "userName",
    "confidential" : false,
    "tags" : {
      "{urn:x-hp:2013:software:ccue:designer:descriptor-schema}unitDescription" : null,
      "{urn:x-hp:2013:software:ccue:designer:descriptor-schema}validatorId" : null,
      "{urn:x-hp:2013:software:ccue:designer:descriptor-schema}tabSet" : "VIEW,EDIT",
      "maxLength" : "4000"
    },
    "consumerVisible" : true,
    "displayNames" : {
      "en-US" : {
        "value" : "userName"
      }
    },
    "descriptions" : { }
  } ],
  "displayName" : "NSX Distribute Logical Router",
  "capabilities" : [ ],
  "characteristics" : [ ],
  "tagIds" : [ "8a50cd785181dcf101518a2fbd3a54ef" ],
  "revision" : 30,
  "resourceType" : "OO_COMPONENT",
  "tags" : {
    "designer.name.uri" : "urn:x-hp:2013:software:ccue:designer:topology-metamodel:oo",
    "origin" : "embraced",
    "designer.name.localPart" : "NSX_Distribute_Logical_Router_f9284bdf_f8f5_448f_95f8_04201d27c1a5_b0a35da09e0641b5ae5a3e6a4036dc19__VERSION__1.0",
    "iconUrl" : "/csa/images/library/software_component.png"
  },
  "final" : false,
  "displayNames" : {
    "en-US" : {
      "value" : "NSX Distribute Logical Router"
    }
  },
  "descriptions" : {
    "en-US" : {
      "value" : "NSX Distribute Logical Router"
    }
  }
}