{
  "@type" : "ComponentTemplate",
  "id" : "95940d65-5c2b-46ea-9bf1-0d2c4738a34b",
  "artifactId" : "IP_Generator_40a15951_f70e_4015_bda5_e520fa628ca8_768357d8afc746fbb0e6ed3c79918487",
  "groupId" : "com.hp.csa.template",
  "version" : "1.0",
  "displayName" : "IP Generator",
  "implementedTypes" : [ {
    "componentId" : {
      "artifactId" : "IP_Generator_40a15951_f70e_4015_bda5_e520fa628ca8_768357d8afc746fbb0e6ed3c79918487",
      "groupId" : "com.hp.csa.type",
      "version" : "1.0"
    },
    "constraints" : { }
  } ],
  "actions" : [ {
    "actionDescriptor" : {
      "name" : "generate_ip_de88b46cac284ae5afc4d7947f4c0274",
      "displayName" : "Generate IP",
      "description" : "Possible values for type - esgTransit, dlrTransit, dlrTier (tier value is required), vmTier (tierId and vmLastOctet value is required)",
      "inputParameters" : [ {
        "name" : "legID",
        "displayName" : "legID",
        "required" : false,
        "confidential" : false,
        "displayNames" : {
          "en-US" : {
            "value" : "legID"
          }
        },
        "descriptions" : { },
        "type" : "string"
      }, {
        "name" : "tierId",
        "displayName" : "tierId",
        "required" : false,
        "confidential" : false,
        "displayNames" : {
          "en-US" : {
            "value" : "tierId"
          }
        },
        "descriptions" : { },
        "type" : "string"
      }, {
        "name" : "type",
        "displayName" : "type",
        "required" : false,
        "confidential" : false,
        "displayNames" : {
          "en-US" : {
            "value" : "type"
          }
        },
        "descriptions" : { },
        "type" : "string"
      }, {
        "name" : "vmLastOctet",
        "displayName" : "vmLastOctet",
        "required" : false,
        "confidential" : false,
        "displayNames" : {
          "en-US" : {
            "value" : "vmLastOctet"
          }
        },
        "descriptions" : { },
        "type" : "string"
      } ],
      "outputParameters" : [ {
        "name" : "ipAddress",
        "displayName" : "ipAddress",
        "required" : false,
        "confidential" : false,
        "displayNames" : {
          "en-US" : {
            "value" : "ipAddress"
          }
        },
        "descriptions" : { },
        "type" : "string"
      } ],
      "lifecycleAction" : "Deploy",
      "final" : false,
      "displayNames" : {
        "en-US" : {
          "value" : "Generate IP"
        }
      },
      "visible" : true,
      "descriptions" : {
        "en-US" : {
          "value" : "Possible values for type - esgTransit, dlrTransit, dlrTier (tier value is required), vmTier (tierId and vmLastOctet value is required)"
        }
      }
    },
    "processEngineDescriptors" : [ {
      "processEngineId" : "HP_OO",
      "mapping" : {
        "input" : {
          "tierId" : "@PROPERTY:tierId",
          "legID" : "@PROPERTY:getLegIdFrom_IP_Generator_40a15951_f70e_4015_bda5_e520fa628ca8_768357d8afc746fbb0e6ed3c79918487__VERSION__1^0.legID",
          "vmLastOctet" : "@PROPERTY:vmLastOctet",
          "type" : "@PROPERTY:type"
        },
        "output" : {
          "ipAddress" : "@PROPERTY:ipAddress"
        }
      },
      "executableId" : "7e982634-aae7-4c75-a923-9724b80e5490"
    } ]
  } ],
  "relations" : [ ],
  "properties" : [ ],
  "revision" : 8,
  "displayNames" : {
    "en-US" : {
      "value" : "IP Generator"
    }
  },
  "descriptions" : { }
}