{
  "@type" : "ComponentTemplate",
  "id" : "bcde0fb8-c42f-477e-bffd-9e9fb507b079",
  "artifactId" : "Patch_Cable_VM_to_Switch_6e8a003d_45e4_4d57_8dcc_0d8e6d42ff8b_5b602273da144099bd8b244720a258a9",
  "groupId" : "com.hp.csa.template",
  "version" : "1.0",
  "displayName" : "Patch Cable VM to Switch",
  "implementedTypes" : [ {
    "componentId" : {
      "artifactId" : "Patch_Cable_VM_to_Switch_6e8a003d_45e4_4d57_8dcc_0d8e6d42ff8b_5b602273da144099bd8b244720a258a9",
      "groupId" : "com.hp.csa.type",
      "version" : "1.0"
    },
    "constraints" : { }
  } ],
  "actions" : [ {
    "actionDescriptor" : {
      "name" : "attach_vm_to_a_distributed_logical_switch_6fb4a60ab5674f88bf1aa0ac0dd62944",
      "displayName" : "Attach VM to a Distributed Logical Switch",
      "description" : "",
      "inputParameters" : [ {
        "name" : "netNicName",
        "displayName" : "netNicName",
        "required" : false,
        "confidential" : false,
        "displayNames" : {
          "en-US" : {
            "value" : "netNicName"
          }
        },
        "descriptions" : { },
        "type" : "string"
      }, {
        "name" : "switchName",
        "displayName" : "switchName",
        "required" : false,
        "confidential" : false,
        "displayNames" : {
          "en-US" : {
            "value" : "switchName"
          }
        },
        "descriptions" : { },
        "type" : "string"
      }, {
        "name" : "vmId",
        "displayName" : "vmId",
        "required" : false,
        "confidential" : false,
        "displayNames" : {
          "en-US" : {
            "value" : "vmId"
          }
        },
        "descriptions" : { },
        "type" : "string"
      } ],
      "outputParameters" : [ ],
      "lifecycleAction" : "Deploy",
      "final" : false,
      "displayNames" : {
        "en-US" : {
          "value" : "Attach VM to a Distributed Logical Switch"
        }
      },
      "visible" : true,
      "descriptions" : {
        "en-US" : {
          "value" : ""
        }
      }
    },
    "processEngineDescriptors" : [ {
      "processEngineId" : "HP_OO",
      "mapping" : {
        "input" : {
          "vmId" : "@PROPERTY:connectsFrom_Patch_Cable_VM_to_Switch_6e8a003d_45e4_4d57_8dcc_0d8e6d42ff8b_5b602273da144099bd8b244720a258a9__VERSION__1^0.vmID",
          "switchName" : "@PROPERTY:connectsTo_Patch_Cable_VM_to_Switch_6e8a003d_45e4_4d57_8dcc_0d8e6d42ff8b_5b602273da144099bd8b244720a258a9__VERSION__1^0.switchName",
          "netNicName" : "@PROPERTY:netNicName"
        },
        "output" : { }
      },
      "executableId" : "77193520-8d02-4f39-9e43-a1fab019530f"
    } ]
  }, {
    "actionDescriptor" : {
      "name" : "attach_vm_to_common_network_517f6b8bb9b6483e91b89f4398631881",
      "displayName" : "Attach VM to Common Network",
      "description" : "",
      "inputParameters" : [ {
        "name" : "netNicName",
        "displayName" : "netNicName",
        "required" : false,
        "confidential" : false,
        "displayNames" : {
          "en-US" : {
            "value" : "netNicName"
          }
        },
        "descriptions" : { },
        "type" : "string"
      }, {
        "name" : "switchName",
        "displayName" : "switchName",
        "required" : false,
        "confidential" : false,
        "displayNames" : {
          "en-US" : {
            "value" : "switchName"
          }
        },
        "descriptions" : { },
        "type" : "string"
      }, {
        "name" : "vmId",
        "displayName" : "vmId",
        "required" : false,
        "confidential" : false,
        "displayNames" : {
          "en-US" : {
            "value" : "vmId"
          }
        },
        "descriptions" : { },
        "type" : "string"
      } ],
      "outputParameters" : [ ],
      "lifecycleAction" : "Undeploy",
      "final" : false,
      "displayNames" : {
        "en-US" : {
          "value" : "Attach VM to Common Network"
        }
      },
      "visible" : true,
      "descriptions" : {
        "en-US" : {
          "value" : ""
        }
      }
    },
    "processEngineDescriptors" : [ {
      "processEngineId" : "HP_OO",
      "mapping" : {
        "input" : {
          "vmId" : "@PROPERTY:vmId",
          "switchName" : "@CONSTANT:VM Network",
          "netNicName" : "@PROPERTY:netNicName"
        },
        "output" : { }
      },
      "executableId" : "b7ef8aaf-ff16-49e0-a92b-3fdaff85c67a"
    } ]
  } ],
  "relations" : [ ],
  "properties" : [ ],
  "revision" : 10,
  "displayNames" : {
    "en-US" : {
      "value" : "Patch Cable VM to Switch"
    }
  },
  "descriptions" : { }
}