{
  "@type" : "ComponentTemplate",
  "id" : "31f325f3-8c85-41a8-bdfb-50c36019a2c7",
  "artifactId" : "ScalingGroupTemplate_33efcafc-c713-4780-ade6-4eb4e180a0d8",
  "groupId" : "com.hp.csa.template.scalingGroup",
  "version" : "1",
  "displayName" : "ESXI",
  "implementedTypes" : [ {
    "componentId" : {
      "artifactId" : "ScalingGroupType_33efcafc-c713-4780-ade6-4eb4e180a0d8",
      "groupId" : "com.hp.csa.type.scalingGroup",
      "version" : "1"
    },
    "constraints" : { }
  } ],
  "actions" : [ {
    "actionDescriptor" : {
      "name" : "Deploy ESXI",
      "displayName" : "Deploy ESXI",
      "inputParameters" : [ {
        "name" : "instanceCount",
        "displayName" : "instanceCount",
        "required" : true,
        "confidential" : false,
        "displayNames" : {
          "en-US" : {
            "value" : "instanceCount"
          }
        },
        "descriptions" : { },
        "type" : "number"
      } ],
      "outputParameters" : [ ],
      "lifecycleAction" : "Deploy",
      "final" : false,
      "displayNames" : {
        "en-US" : {
          "value" : "Deploy ESXI"
        }
      },
      "visible" : false,
      "descriptions" : { }
    },
    "processEngineDescriptors" : [ {
      "processEngineId" : "HP_OO",
      "mapping" : {
        "input" : {
          "instanceCount" : "@PROPERTY:instanceCount"
        },
        "output" : { }
      },
      "executableId" : ""
    } ]
  }, {
    "actionDescriptor" : {
      "name" : "Undeploy ESXI",
      "displayName" : "Undeploy ESXI",
      "inputParameters" : [ {
        "name" : "instanceCount",
        "displayName" : "instanceCount",
        "required" : true,
        "confidential" : false,
        "displayNames" : {
          "en-US" : {
            "value" : "instanceCount"
          }
        },
        "descriptions" : { },
        "type" : "number"
      } ],
      "outputParameters" : [ ],
      "lifecycleAction" : "Undeploy",
      "final" : false,
      "displayNames" : {
        "en-US" : {
          "value" : "Undeploy ESXI"
        }
      },
      "visible" : false,
      "descriptions" : { }
    },
    "processEngineDescriptors" : [ {
      "processEngineId" : "HP_OO",
      "mapping" : {
        "input" : {
          "instanceCount" : "@PROPERTY:instanceCount"
        },
        "output" : { }
      },
      "executableId" : ""
    } ]
  }, {
    "actionDescriptor" : {
      "name" : "Modify ESXI",
      "displayName" : "Modify ESXI",
      "inputParameters" : [ {
        "name" : "instanceCount",
        "displayName" : "instanceCount",
        "required" : true,
        "confidential" : false,
        "displayNames" : {
          "en-US" : {
            "value" : "instanceCount"
          }
        },
        "descriptions" : { },
        "type" : "number"
      }, {
        "name" : "prev_instanceCount",
        "displayName" : "prev_instanceCount",
        "required" : true,
        "confidential" : false,
        "displayNames" : {
          "en-US" : {
            "value" : "prev_instanceCount"
          }
        },
        "descriptions" : { },
        "type" : "number"
      } ],
      "outputParameters" : [ ],
      "lifecycleAction" : "Modify",
      "final" : false,
      "displayNames" : {
        "en-US" : {
          "value" : "Modify ESXI"
        }
      },
      "visible" : false,
      "descriptions" : { }
    },
    "processEngineDescriptors" : [ {
      "processEngineId" : "HP_OO",
      "mapping" : {
        "input" : {
          "instanceCount" : "@PROPERTY:instanceCount",
          "prev_instanceCount" : "@PROPERTY:prev_instanceCount"
        },
        "output" : { }
      },
      "executableId" : ""
    } ]
  }, {
    "actionDescriptor" : {
      "name" : "Unmodify ESXI",
      "displayName" : "Unmodify ESXI",
      "inputParameters" : [ {
        "name" : "instanceCount",
        "displayName" : "instanceCount",
        "required" : true,
        "confidential" : false,
        "displayNames" : {
          "en-US" : {
            "value" : "instanceCount"
          }
        },
        "descriptions" : { },
        "type" : "number"
      } ],
      "outputParameters" : [ ],
      "lifecycleAction" : "Unmodify",
      "final" : false,
      "displayNames" : {
        "en-US" : {
          "value" : "Unmodify ESXI"
        }
      },
      "visible" : false,
      "descriptions" : { }
    },
    "processEngineDescriptors" : [ {
      "processEngineId" : "HP_OO",
      "mapping" : {
        "input" : {
          "instanceCount" : "@PROPERTY:instanceCount"
        },
        "output" : { }
      },
      "executableId" : ""
    } ]
  } ],
  "relations" : [ ],
  "properties" : [ ],
  "revision" : 0,
  "resourceType" : "GROUP",
  "displayNames" : {
    "en-US" : {
      "value" : "ESXI"
    }
  },
  "descriptions" : { }
}