<?xml version="1.0" encoding="UTF-8" standalone="yes"?><manifest><archiveItems><item>SERVICE_DESIGN_NSX_Design_-_DO_NOT_EXECUTE_2c908087530e9c4d01534080df075ea0.xml</item><itemLocation>com.hp.csa.model.vo.service.ServiceBlueprintVO</itemLocation><itemType>com.hp.csa.model.vo.service.ServiceBlueprintVO</itemType></archiveItems><archiveItems><item>service_composite.png</item><itemLocation>\images\categories\component_type\service_composite.png</itemLocation><itemType>File</itemType></archiveItems><archiveItems><item>other.png</item><itemLocation>\images\library\other.png</itemLocation><itemType>File</itemType></archiveItems><archiveItems><item>Service_Design.png</item><itemLocation>\images\library\Service_Design.png</itemLocation><itemType>File</itemType></archiveItems><archiveItems><item>COMPONENTTYPE_com.hp.csa.type_NSX_Distributed_Logical_Switch_1649e11f_d2d4_4652_be0b_ed5dd9f64243_a8eb0ce8c2c6417f870078bb605ad588_1.0.json</item><itemLocation>com.hp.csa.topology.model.ComponentType</itemLocation><itemType>com.hp.csa.topology.model.ComponentType</itemType></archiveItems><archiveItems><item>TAG_8a50cd785181dcf101518a2fbd3a54ef.xml</item><itemLocation>com.hp.csa.model.vo.base.TagVO</itemLocation><itemType>com.hp.csa.model.vo.base.TagVO</itemType></archiveItems><archiveItems><item>software_component.png</item><itemLocation>/images/library/software_component.png</itemLocation><itemType>File</itemType></archiveItems><archiveItems><item>COMPONENTTEMPLATE_com.hp.csa.template_NSX_Distributed_Logical_Switch_1649e11f_d2d4_4652_be0b_ed5dd9f64243_a8eb0ce8c2c6417f870078bb605ad588_1.0.json</item><itemLocation>com.hp.csa.topology.model.ComponentTemplate</itemLocation><itemType>com.hp.csa.topology.model.ComponentTemplate</itemType></archiveItems><archiveItems><item>COMPONENTTYPE_com.hp.csa.type_NSX_Distribute_Logical_Router_f9284bdf_f8f5_448f_95f8_04201d27c1a5_b0a35da09e0641b5ae5a3e6a4036dc19_1.0.json</item><itemLocation>com.hp.csa.topology.model.ComponentType</itemLocation><itemType>com.hp.csa.topology.model.ComponentType</itemType></archiveItems><archiveItems><item>COMPONENTTEMPLATE_com.hp.csa.template_NSX_Distribute_Logical_Router_f9284bdf_f8f5_448f_95f8_04201d27c1a5_b0a35da09e0641b5ae5a3e6a4036dc19_1.0.json</item><itemLocation>com.hp.csa.topology.model.ComponentTemplate</itemLocation><itemType>com.hp.csa.topology.model.ComponentTemplate</itemType></archiveItems><archiveItems><item>COMPONENTTYPE_com.hp.csa.type_IP_Generator_40a15951_f70e_4015_bda5_e520fa628ca8_768357d8afc746fbb0e6ed3c79918487_1.0.json</item><itemLocation>com.hp.csa.topology.model.ComponentType</itemLocation><itemType>com.hp.csa.topology.model.ComponentType</itemType></archiveItems><archiveItems><item>COMPONENTTEMPLATE_com.hp.csa.template_IP_Generator_40a15951_f70e_4015_bda5_e520fa628ca8_768357d8afc746fbb0e6ed3c79918487_1.0.json</item><itemLocation>com.hp.csa.topology.model.ComponentTemplate</itemLocation><itemType>com.hp.csa.topology.model.ComponentTemplate</itemType></archiveItems><archiveItems><item>COMPONENTTYPE_com.hp.csa.type_NSX_Patch_Router_Interface_65c238ad_c7ad_4adf_98eb_8e3e769f2f3c_4b04a625a0ca40e59e8628ed0ba7d762_1.0.json</item><itemLocation>com.hp.csa.topology.model.ComponentType</itemLocation><itemType>com.hp.csa.topology.model.ComponentType</itemType></archiveItems><archiveItems><item>COMPONENTTEMPLATE_com.hp.csa.template_NSX_Patch_Router_Interface_65c238ad_c7ad_4adf_98eb_8e3e769f2f3c_4b04a625a0ca40e59e8628ed0ba7d762_1.0.json</item><itemLocation>com.hp.csa.topology.model.ComponentTemplate</itemLocation><itemType>com.hp.csa.topology.model.ComponentTemplate</itemType></archiveItems><archiveItems><item>COMPONENTTYPE_com.hp.csa.type_Environment_ID_Generator_95b75716_2c65_477f_9670_8ef8b6ba1e30_e3bd610de6a448629e39e229772af014_1.0.json</item><itemLocation>com.hp.csa.topology.model.ComponentType</itemLocation><itemType>com.hp.csa.topology.model.ComponentType</itemType></archiveItems><archiveItems><item>COMPONENTTEMPLATE_com.hp.csa.template_Environment_ID_Generator_95b75716_2c65_477f_9670_8ef8b6ba1e30_e3bd610de6a448629e39e229772af014_1.0.json</item><itemLocation>com.hp.csa.topology.model.ComponentTemplate</itemLocation><itemType>com.hp.csa.topology.model.ComponentTemplate</itemType></archiveItems><archiveItems><item>COMPONENTTYPE_com.hp.csa.type_NSX_Patch_Cable___Edge_Gateway_to_Switch_b767a6d0_2a7d_4355_b922_9ba8549df5ca_1d87fe69323d4634b0cd2149f29978d2_1.0.json</item><itemLocation>com.hp.csa.topology.model.ComponentType</itemLocation><itemType>com.hp.csa.topology.model.ComponentType</itemType></archiveItems><archiveItems><item>COMPONENTTEMPLATE_com.hp.csa.template_NSX_Patch_Cable___Edge_Gateway_to_Switch_b767a6d0_2a7d_4355_b922_9ba8549df5ca_1d87fe69323d4634b0cd2149f29978d2_1.0.json</item><itemLocation>com.hp.csa.topology.model.ComponentTemplate</itemLocation><itemType>com.hp.csa.topology.model.ComponentTemplate</itemType></archiveItems><archiveItems><item>COMPONENTTYPE_com.hp.csa.type_Server_1.json</item><itemLocation>com.hp.csa.topology.model.ComponentType</itemLocation><itemType>com.hp.csa.topology.model.ComponentType</itemType></archiveItems><archiveItems><item>COMPONENTTYPE_com.hp.csa.type.VMWARE_VCENTER_BLDCv2_vCenter_Server_a7f8e9eb_8390_4bbf_ac6f_1b9ea098d5fa_609c4e6f4ffe4432af5d7507de320dfb_1.0.json</item><itemLocation>com.hp.csa.topology.model.ComponentType</itemLocation><itemType>com.hp.csa.topology.model.ComponentType</itemType></archiveItems><archiveItems><item>Cloud Hosting_48.png</item><itemLocation>/images//library/Cloud Hosting_48.png</itemLocation><itemType>File</itemType></archiveItems><archiveItems><item>COMPONENTTEMPLATE_com.hp.csa.template.VMWARE_VCENTER_BLDCv2_vCenter_Server_a7f8e9eb_8390_4bbf_ac6f_1b9ea098d5fa_609c4e6f4ffe4432af5d7507de320dfb_1.0.json</item><itemLocation>com.hp.csa.topology.model.ComponentTemplate</itemLocation><itemType>com.hp.csa.topology.model.ComponentTemplate</itemType></archiveItems><archiveItems><item>COMPONENTTYPE_com.hp.csa.type_NSXEdgeGatewayConfigurator-NATRuleswithRandomPort_5f25082f90f14aa59a491e866e062ff4_1.0.json</item><itemLocation>com.hp.csa.topology.model.ComponentType</itemLocation><itemType>com.hp.csa.topology.model.ComponentType</itemType></archiveItems><archiveItems><item>COMPONENTTEMPLATE_com.hp.csa.template_NSXEdgeGatewayConfigurator-NATRuleswithRandomPort_5f25082f90f14aa59a491e866e062ff4_1.0.json</item><itemLocation>com.hp.csa.topology.model.ComponentTemplate</itemLocation><itemType>com.hp.csa.topology.model.ComponentTemplate</itemType></archiveItems><archiveItems><item>COMPONENTTYPE_com.hp.csa.type_Patch_Cable_VM_to_Switch_6e8a003d_45e4_4d57_8dcc_0d8e6d42ff8b_5b602273da144099bd8b244720a258a9_1.0.json</item><itemLocation>com.hp.csa.topology.model.ComponentType</itemLocation><itemType>com.hp.csa.topology.model.ComponentType</itemType></archiveItems><archiveItems><item>COMPONENTTEMPLATE_com.hp.csa.template_Patch_Cable_VM_to_Switch_6e8a003d_45e4_4d57_8dcc_0d8e6d42ff8b_5b602273da144099bd8b244720a258a9_1.0.json</item><itemLocation>com.hp.csa.topology.model.ComponentTemplate</itemLocation><itemType>com.hp.csa.topology.model.ComponentTemplate</itemType></archiveItems><archiveItems><item>COMPONENTTYPE_com.hp.csa.type_IPGenerator2.0_7a591812b09a4ef1b23af489499e0dd9_1.0.json</item><itemLocation>com.hp.csa.topology.model.ComponentType</itemLocation><itemType>com.hp.csa.topology.model.ComponentType</itemType></archiveItems><archiveItems><item>COMPONENTTEMPLATE_com.hp.csa.template_IPGenerator2.0_7a591812b09a4ef1b23af489499e0dd9_1.0.json</item><itemLocation>com.hp.csa.topology.model.ComponentTemplate</itemLocation><itemType>com.hp.csa.topology.model.ComponentTemplate</itemType></archiveItems><archiveItems><item>COMPONENTTYPE_com.hp.csa.type.scalingGroup_ScalingGroupType_33efcafc-c713-4780-ade6-4eb4e180a0d8_1.json</item><itemLocation>com.hp.csa.topology.model.ComponentType</itemLocation><itemType>com.hp.csa.topology.model.ComponentType</itemType></archiveItems><archiveItems><item>COMPONENTTEMPLATE_com.hp.csa.template.scalingGroup_ScalingGroupTemplate_33efcafc-c713-4780-ade6-4eb4e180a0d8_1.json</item><itemLocation>com.hp.csa.topology.model.ComponentTemplate</itemLocation><itemType>com.hp.csa.topology.model.ComponentTemplate</itemType></archiveItems><archiveItems><item>TOPOLOGY_NSX Design - DO NOT EXECUTE_e87e94b9-1621-4f42-8026-a20653cbd199.xml</item><itemLocation>com.hp.csa.topology.model.Topology</itemLocation><itemType>com.hp.csa.topology.model.Topology</itemType></archiveItems><csaVersion>04.50.0000.0</csaVersion></manifest>